{"0": [0.0, -1.3836905595107278, -1.3425488020299394, 0.0], "1": [-0.1654862385499124, -0.09721908091969028, 0.0, 0.0], "2": [0.0, 0.0, -0.01, -0.18209306240276912], "3": [-0.10131032495616636, -0.08152469268530428, 0.0, 0.0], "4": [-0.08202571711453954, -0.13628764088044865, 0.0, 0.0], "5": [-0.12646043661696402, -0.20146730988302608, 0.0, 0.0], "6": [-0.2062619069315516, -0.029701, 0.0, 0.0], "7": [-0.031927469708352835, -0.0199, 0.0, 0.0], "8": [-0.020278043008375178, -0.039672910900000004, 0.0, 0.0], "9": [-0.039765362976647955, -0.0298801, 0.0, 0.0], "10": [-0.03023782336305867, -0.0199, 0.0, 0.0], "11": [-0.02008233709855977, 0.0, 0.0, 0.0], "12": [0.0, -0.030232944910000004, 0.0, 0.0], "13": [-0.0199, -0.09561792499119551, 0.0, 0.0], "14": [-0.0875308430405872, -0.0199, 0.0, 0.0], "15": [-0.010787777587365283, -0.03940399, 0.0, 0.0], "16": [-0.029989367003910104, 0.0, -0.040369967206291005, 0.0], "17": [0.0, 0.0, -0.058519850599, -0.029701], "18": [0.0, -0.0490099501, 0.0, -0.04936458601], "19": [-0.03940399, -0.01999, 0.0, 0.0], "20": [-0.010354635910000002, -0.029968309, 0.0, -0.0199], "21": [0.0, 0.0, -0.0199, 0.0], "22": [-0.01999319172319, -0.0490099501, 0.0, 0.0], "23": [-0.03984856463550871, 0.0, -0.029791, 0.0], "24": [0.0, 0.0, -0.11361512828387071, -0.0199], "25": [-0.19965272839784193, -0.10518842439667456, 0.0, -0.10645565716462667], "26": [-0.26769663034560237, -0.1800319610207931, 0.0, 0.0], "27": [0.0, -0.2845730507214842, 0.0, 0.0], "28": [-0.10607064231905765, -0.07725530557207991, 0.0, 0.0], "29": [-0.07387452783116663, 0.0, 0.0, -0.109509797272878], "30": [0.0, 0.0, -0.09561792499119551, -0.08899858694128818], "31": [0.0, 0.0, -0.07924252385344038, -0.1828377914853913], "32": [0.0, 0.0, -0.1660357401407503, -0.310550914130922], "33": [0.0, -0.32168021750024856, -0.33449838628450146, 0.0], "34": [-0.27501966404214634, -0.310550914130922, 0.0, 0.0], "35": [-0.347525382798757, 0.0, -0.1741356827085708, 0.0], "36": [0.0, 0.0, -0.1312541872310217, -0.15705680661607313], "37": [0.0, -0.14311273445039704, 0.0, -0.13198859798525414], "38": [-0.12247897700103201, -0.22217864060085324, 0.0, 0.0], "39": [-0.2275392227812915, 0.0, 0.0, -0.19769972675499367], "40": [0.0, 0.0, -0.1654862385499124, -0.4432681496401598], "41": [0.0, 0.0, -0.35712241629234437, -0.7315452244300463], "42": [0.0, 0.0, -0.6542944311261997, -0.561382498190089], "43": [0.0, -1.1098261673196237, -0.7418133335152877, 0.0], "44": [-0.7095115056900362, -0.9417573468402735, 0.0, 0.0], "45": [-0.8907128018167683, -0.89562708240986, 0.0, 0.0], "46": [-0.9352332392936625, -0.7466344853966042, 0.0, 0.0], "47": [-0.7950346587458518, -0.5715992912544177, 0.0, 0.0], "48": [-0.591687077491483, -0.48064086360374864, 0.0, 0.0], "49": [-0.46826050315495055, -0.6042273666227371, 0.0, 0.0], "50": [-0.5923180863679216, -0.44356521742437, 0.0, 0.0], "51": [-0.4569987991217128, -0.5071183161578752, 0.0, 0.0], "52": [-0.5131190525133003, -0.43768147345583214, 0.0, 0.0], "53": [-0.4054418368320724, -0.5160080562891736, 0.0, 0.0], "54": [-0.4521276825339681, -0.6105266329275133, 0.0, 0.0], "55": [-0.519279099301147, -0.8630400812386031, 0.0, 0.0], "56": [-0.7862953248313407, -0.665623143110087, 0.0, 0.0], "57": [-0.9503654834943069, 0.0, -1.0586651209462759, 0.0], "58": [0.0, 0.0, -0.9548495726998795, -0.6975955643309784], "59": [0.0, 0.0, -0.9799337351575201, -0.8646374990193242], "60": [0.0, 0.0, -0.7237483323007915, -0.9825175578575043], "61": [-0.8984991384394889, 0.0, 0.0, -1.1255227740000462], "62": [-0.6151039211065155, -0.6622455991010979, 0.0, 0.0], "63": [0.0, -0.8610633044966086, 0.0, -0.6132640941032772], "64": [0.0, 0.0, -0.5001629701008008, -0.3827098590577118], "65": [-0.3011943136855337, 0.0, -0.46852342636394423, 0.0], "66": [-0.3665807587209428, -0.26029962661171957, 0.0, 0.0], "67": [-0.38284800536850255, -0.336190003776789, -0.38390771097697374, 0.0], "68": [-0.34988614385463723, -0.3746912399420508, 0.0, 0.0], "69": [-0.22469969413325377, -0.3774311597948738, 0.0, 0.0], "70": [-0.13524206062014432, -0.23473569610530212, 0.0, 0.0], "71": [-0.20244136410960797, -0.12882990593084134, 0.0, 0.0], "72": [-0.18219069339576446, -0.19017946504602784, 0.0, 0.0], "73": [-0.10099918831417667, -0.1829878600892455, 0.0, 0.0], "74": [-0.12247897700103201, -0.10276018355751564, 0.0, 0.0], "75": [0.0, -0.1272879140125727, -0.10725012936350402, 0.0], "76": [0.0, 0.0, -0.039671299, -0.10466174574128355], "77": [0.0, 0.0, -0.01, -0.040281758206291006], "78": [0.0, 0.0, 0.0, -0.01], "79": [0.0, 0.0, -0.5417484878877964, -0.310550914130922], "80": [0.0, 0.0, -0.450929643541923, -0.4901076542130093], "81": [0.0, 0.0, -0.3827098590577118, -0.45886951852258634], "82": [0.0, -0.22330219996951975, 0.0, -0.490626434879435], "83": [-0.21432185919278104, -0.09508624255744294, 0.0, 0.0], "84": [-0.09526710067717747, -0.2158916997545678, -0.14149055145627948, 0.0], "85": [-0.2054036718195592, -0.13994164535871148, 0.0, 0.0], "86": [0.0, 0.0, -0.09561792499119551, -0.13994164535871148], "87": [-0.14765950545504014, 0.0, 0.0, 0.0], "88": [0.0, -0.0199, 0.0, -0.10555395505442086], "89": [-0.0199, 0.0, 0.0, 0.0]}