{"0": -0.18815896387048597, "1": -0.31186924100560587, "2": -0.2669424521558199, "3": -0.21114747891575358, "4": -0.22275533694034433, "5": -0.10216818976943415, "6": -0.18128377925463704, "7": -0.20722060623181138, "8": -0.22893191747848807, "9": -0.2269049747149337, "10": -0.225545546544838, "11": -0.24470875917205398, "12": -0.218555680210232, "13": -0.17003519695683747, "14": -0.14870673285105931, "15": -0.13894484388409947, "16": -0.11031126144147653, "17": -0.08006835555199807, "18": -0.07893965480408405, "19": -0.05042484741079332, "20": -0.0299708038, "21": -0.02016901729, "22": -0.08975123600900894, "23": -0.06979396049282642, "24": -0.04998813975800307, "25": -0.06019550414026326, "26": -0.0883332416473712, "27": -0.050160743265509636, "28": -0.02025802819, "29": -0.05006918706776144, "30": -0.03005701900653781, "31": -0.01, "32": -0.030773534333024086, "33": -0.07996965218325934, "34": -0.11867302704229477, "35": -0.13913221659069994, "36": -0.13825878559341384, "37": -0.11006501414535633, "38": -0.13132005656870496, "39": -0.17646387748713613, "40": -0.14834676702561175, "41": -0.09014368694623051, "42": -0.06970601283374783, "43": -0.05949757039425084, "44": -0.04011082567518909, "45": -0.05025530034093373, "46": -0.05976453910970026, "47": -0.049811178060910004, "48": -0.040028953787200006, "49": -0.05025046744030025, "50": -0.05949951411083203, "51": -0.04989756580306039, "52": -0.0400296582266068, "53": -0.030058938215928997, "54": -0.0101799019}