{"0": [-1.5526126313523698, 0.0, -1.6259016242177573, 0.0], "1": [0.0, 0.0, -0.9895615029482251, -0.9999999408598725], "2": [-0.8751221877410486, -0.999999976540424, 0.0, 0.0], "3": [0.0, 0.0, -0.12922285285414242, -0.21586871401439725], "4": [0.0, 0.0, -0.12922285190008595, -0.12417358638915318], "5": [0.0, 0.0, -0.12922277292339662, -0.11948865537805804], "6": [0.0, 0.0, -0.12921792359989465, -0.1193451913281096], "7": [0.0, 0.0, -0.12900302631117372, -0.1193422386435675], "8": [0.0, 0.0, -0.12247897700103201, -0.1193421955202029], "9": [-0.15865529594789102, 0.0, 0.0, -0.11934219506151313], "10": [-0.1569920879906149, -0.13994164535871148, 0.0, 0.0], "11": [-0.17786705591663737, -0.14860844145773974, -0.13909350650656171, 0.0], "12": [0.0, 0.0, -0.13908677160069627, -0.1312541872310217], "13": [0.0, 0.0, -0.13881530684107127, -0.13881530684107127], "14": [0.0, 0.0, -0.1312541872310217, -0.13908677160069627], "15": [0.0, -0.1875777615044202, 0.0, -0.13909350650656171], "16": [-0.17383137616441327, -0.17383137616441327, 0.0, 0.0], "17": [-0.1875777615044202, 0.0, 0.0, -0.14860844145773974], "18": [0.0, 0.0, -0.13994164535871148, -0.13994164535871148], "19": [0.0, 0.0, -0.14860844145773974, 0.0], "20": [-0.1654862385499124, -0.17027257891174388, 0.0, 0.0], "21": [0.0, -0.1688508964281057, 0.0, -0.15838183185139074], "22": [0.0, 0.0, -0.13994164535871148, -0.14854222890512436], "23": [-0.2644283583098501, 0.0, -0.14860844145773974, 0.0], "24": [0.0, -0.2984079163624281, -0.2079132397976871, 0.0], "25": [0.0, 0.0, -0.20791321163219711, -0.19027213177874144], "26": [0.0, 0.0, -0.20791204355773468, -0.20693263917373209], "27": [0.0, 0.0, -0.20787396753778034, -0.20787396753778034], "28": [0.0, 0.0, -0.20693263917373209, -0.20791204355773468], "29": [0.0, 0.0, -0.19027213177874144, -0.20791321163219711], "30": [0.0, 0.0, 0.0, -0.2079132397976871], "31": [-0.23765728565289626, -0.2299568541948447, 0.0, 0.0], "32": [0.0, -0.25490782487080454, 0.0, -0.2739229902976277], "33": [0.0, 0.0, -0.23765728565289626, -0.2452807127963673], "34": [0.0, -0.2644283583098501, -0.2644283583098501, 0.0], "35": [-0.2299568541948447, -0.23765728565289626, 0.0, 0.0], "36": [-0.25490782487080454, 0.0, 0.0, -0.23725768488617852], "37": [0.0, 0.0, -0.20638571635634448, -0.23719168294534546], "38": [0.0, 0.0, -0.22619532904247197, -0.23579084719925436], "39": [0.0, 0.0, -0.2274302272565285, -0.21432185919278104], "40": [-0.30539463703451464, 0.0, -0.2274856695362321, 0.0], "41": [-0.305394636727167, -0.26029962661171957, 0.0, 0.0], "42": [-0.30539462540610074, -0.29283282509273617, 0.0, 0.0], "43": [-0.30539427465641544, -0.29552016964103106, 0.0, 0.0], "44": [-0.30538530060081287, -0.2956824435091349, 0.0, 0.0], "45": [-0.30520046337045537, -0.295690032994781, 0.0, 0.0], "46": [-0.3022471934813143, -0.2956903182920684, 0.0, 0.0], "47": [-0.26769663034560237, -0.29569032713387716, 0.0, 0.0], "48": [0.0, -0.29569032736394923, -0.31462956096869493, 0.0], "49": [0.0, 0.0, -0.31026285818912114, -0.26769663034560237], "50": [-0.3488978325259494, 0.0, -0.25490782487080454, -0.3022471934813143], "51": [0.0, 0.0, -0.2299568541948447, -0.26014586651366817], "52": [0.0, 0.0, 0.0, -0.2571020596358356], "53": [-0.30358678195042627, -0.29655230500043056, 0.0, 0.0], "54": [0.0, -0.339625112910046, 0.0, -0.3488978325259494], "55": [0.0, 0.0, -0.29655230500043056, -0.30358678195042627], "56": [-0.31163399121961155, 0.0, -0.339625112910046, 0.0], "57": [-0.27501966404214634, -0.26769663034560237, 0.0, 0.0], "58": [0.0, -0.3022471934813143, -0.3673546821130396, 0.0], "59": [0.0, 0.0, -0.31744540498961277, -0.310550914130922], "60": [-0.3209928282837948, 0.0, 0.0, -0.35814113523824376], "61": [-0.28226946740172487, -0.27501966404214634, 0.0, 0.0], "62": [0.0, -0.31163399121961155, -0.2567758481318475, 0.0], "63": [0.0, 0.0, -0.256775733651009, -0.22217864060085324], "64": [0.0, 0.0, -0.25677211180565274, -0.24536183545999685], "65": [0.0, 0.0, -0.25668072142241843, -0.2469418837406853], "66": [0.0, 0.0, -0.25490782487080454, -0.24701983318382484], "67": [0.0, 0.0, -0.2299568541948447, -0.2470227829821763], "68": [0.0, -0.24702287402876152, 0.0, -0.24702287180303828], "69": [-0.21432185919278104, -0.24702287398430928, 0.0, 0.0], "70": [-0.23579084719925436, -0.24702287180303828, 0.0, 0.0], "71": [-0.23719168294534546, -0.2470227829821763, 0.0, 0.0], "72": [-0.23725768488617852, -0.24701983318382484, 0.0, 0.0], "73": [-0.237260064462829, -0.2469418837406853, 0.0, 0.0], "74": [-0.23726013254835637, -0.24536183545999685, 0.0, 0.0], "75": [-0.23726013413270108, -0.22217864060085324, 0.0, 0.0], "76": [-0.23726013416319922, 0.0, 0.0, -0.16934146920782805], "77": [0.0, 0.0, -0.14854222890512436, -0.18109793750032074], "78": [-0.2274856695362321, 0.0, -0.15838183185139074, -0.30584550837585794], "79": [-0.2274302272565285, -0.19836941046095402, 0.0, 0.0], "80": [-0.22619532904247197, -0.21657576196800343, 0.0, 0.0], "81": [-0.20638571635634448, -0.21765762161496613, 0.0, 0.0], "82": [0.0, -0.21770378882999736, 0.0, -0.14860844145773974], "83": [0.0, 0.0, -0.2851096656941068, -0.3075377388969662], "84": [0.0, -0.23579084719925436, -0.30347747471659287, -0.31163399121961155], "85": [0.0, 0.0, -0.3124741411980656, -0.27501966404214634], "86": [0.0, -0.1981104336272682, -0.31464106752341137, 0.0], "87": [-0.18209306240276912, -0.1980793629710168, 0.0, 0.0], "88": [-0.19726646627485572, -0.19726646627485572, 0.0, 0.0], "89": [-0.1980793629710168, -0.18209306240276912, 0.0, 0.0], "90": [-0.1981104336272682, 0.0, 0.0, 0.0], "91": [-0.21432185919278104, -0.21432185919278104, 0.0, 0.0], "92": [-0.23579084719925436, 0.0, -0.1981104336272682, 0.0], "93": [0.0, 0.0, -0.1980793629710168, -0.18209306240276912], "94": [0.0, 0.0, -0.19726646627485572, -0.19726646627485572], "95": [0.0, 0.0, -0.18209306240276912, -0.1980793629710168], "96": [0.0, -0.17786705591663737, 0.0, -0.1981104336272682], "97": [0.0, 0.0, -0.13994164535871148, -0.13994164535871148], "98": [-0.13881530684107127, 0.0, -0.14860844145773974, 0.0], "99": [-0.1312541872310217, -0.1312541872310217, 0.0, 0.0], "100": [0.0, -0.13881530684107127, -0.12900302631117372, 0.0], "101": [-0.1654862385499124, -0.1654862385499124, 0.0, 0.0], "102": [-0.17786705591663737, 0.0, -0.24536183545999685, 0.0], "103": [0.0, 0.0, -0.22217864060085324, -0.22217864060085324], "104": [0.0, -0.21657576196800343, 0.0, -0.24536183545999685], "105": [-0.19836941046095402, -0.19836941046095402, 0.0, 0.0], "106": [-0.21657576196800343, 0.0, -0.15838183185139074, 0.0], "107": [0.0, 0.0, -0.12247897700103201, -0.12247897700103201], "108": [0.0, 0.0, 0.0, -0.12900302631117372], "109": [0.0, 0.0, -0.14854222890512436, -0.14854222890512436], "110": [-0.20791204355773468, 0.0, 0.0, -0.15838183185139074], "111": [-0.20787396753778034, -0.19027213177874144, 0.0, 0.0], "112": [-0.20693263917373209, -0.20693263917373209, 0.0, 0.0], "113": [-0.19027213177874144, -0.20787396753778034, 0.0, 0.0], "114": [0.0, -0.20791204355773468, 0.0, -0.23579084719925436], "115": [0.0, 0.0, -0.21432185919278104, -0.21432185919278104], "116": [-0.22748762063252706, 0.0, -0.23579084719925436, 0.0], "117": [-0.22748756912828577, -0.20638571635634448, 0.0, 0.0], "118": [-0.2274856695362321, -0.22619532904247197, 0.0, 0.0], "119": [-0.2274302272565285, -0.2274302272565285, 0.0, 0.0], "120": [-0.22619532904247197, -0.2274856695362321, 0.0, 0.0], "121": [-0.20638571635634448, -0.22748756912828577, 0.0, 0.0], "122": [0.0, -0.22748762063252706, -0.14860844145773974, 0.0], "123": [0.0, 0.0, -0.13994164535871148, -0.13994164535871148], "124": [-0.10932349148256713, 0.0, 0.0, -0.14860844145773974], "125": [-0.10466174574128355, -0.10466174574128355, 0.0, 0.0], "126": [0.0, -0.10932349148256713, 0.0, -0.12900302631117372], "127": [0.0, 0.0, -0.12247897700103201, -0.12247897700103201], "128": [-0.09945750520974381, 0.0, -0.12900302631117372, 0.0], "129": [-0.09561792499119551, -0.09561792499119551, 0.0, 0.0],