{"0": [0.0, -3.8409109079501933, -2.3332205105228487, 0.0], "1": [0.0, 0.0, -1.4813561228031893, -0.9999999999999944], "2": [-0.9999999999999944, -3.156567675500239, 0.0, 0.0], "3": [-1.822491172435023, -2.9281921554983383, 0.0, 0.0], "4": [-2.4660505739684293, -2.5388784916279463, 0.0, 0.0], "5": [-2.903064921869102, -1.9488881537668334, 0.0, 0.0], "6": [-3.159284087656825, -1.167534446960477, 0.0, 0.0], "7": [0.0, -1.8450641532016339, -0.5538968209522566, -1.8235720478200936], "8": [-0.9904699517671679, -0.9910276487659545, 0.0, 0.0], "9": [-1.8413486547543065, 0.0, -1.8509321603417233, 0.0], "10": [0.0, 0.0, -0.45284335760923855, -0.5512880253105661], "11": [0.0, 0.0, 0.0, -0.5805421846901294], "12": [0.0, 0.0, -0.9923604218167792, -0.9909370189555096], "13": [0.0, -1.8449710443275844, 0.0, -1.8451627902121808], "14": [-0.9896720639084892, -0.9912061985555121, 0.0, 0.0], "15": [-1.8383483275178343, 0.0, 0.0, -1.8492864041810901], "16": [0.0, 0.0, -0.9888073741806621, -0.9925124494226253], "17": [0.0, -2.995683282217614, -1.836657941675176, 0.0], "18": [-0.9912061985555121, -2.5089658382539426, 0.0, 0.0], "19": [-1.8443886765807185, -1.8372444294992856, 0.0, 0.0], "20": [-2.5231181607407724, -0.9901782355409702, 0.0, 0.0], "21": [-3.0039320007182915, 0.0, -1.834588028531696, 0.0], "22": [0.0, 0.0, -0.989030107434467, -0.9879915868082944], "23": [-1.8431222917146277, 0.0, 0.0, -1.8289116737541558], "24": [-0.9905652522494962, -0.9908454736924339, 0.0, 0.0], "25": [0.0, -1.8427988503207575, -1.8421296352743812, 0.0], "26": [0.0, 0.0, -0.9907530037297312, -0.9894623649714204], "27": [-1.8266528643192892, 0.0, 0.0, -1.8377202347301504], "28": [-0.9872451764390937, -0.9877477673791393, 0.0, 0.0], "29": [0.0, -1.826594225607281, -1.8211974506333253, 0.0], "30": [0.0, 0.0, -0.9861772994871416, -0.9863155264922702], "31": [-1.8143453341942317, -0.11995261558705272, 0.0, -1.8197996055301193], "32": [-0.9848687032993255, -1.0907761913494483, 0.0, 0.0], "33": [-0.1083574754981265, -0.12848292795809543, 0.0, 0.0], "34": [-0.11865541418125414, -0.15075455405677995, -0.20254317044241588, 0.0], "35": [0.0, 0.0, -0.11361512828387071, -0.19027213177874144], "36": [0.0, -0.07076756767221104, 0.0, -0.12093133161524039], "37": [-0.13958975881601926, -0.2995890884453769, 0.0, 0.0], "38": [0.0, -1.9010265942999476, 0.0, -1.828869698142049], "39": [0.0, 0.0, -0.9863155264922702, -0.9882305542308093], "40": [-0.06793465209301, -0.1312541872310217, 0.0, 0.0], "41": [-0.135567299743916, 0.0, 0.0, 0.0], "42": [-0.2673683823537073, -0.32889311695981766, 0.0, 0.0], "43": [-0.3260292463620354, -0.2746383635934653, 0.0, 0.0], "44": [-0.2857098810979205, -0.2663869891657088, -0.2869193300549694, 0.0], "45": [-0.2520358250266871, -0.33771795901601626, 0.0, 0.0], "46": [-0.3677809960015128, 0.0, 0.0, -0.32190604708877063], "47": [0.0, 0.0, -0.310550914130922, -0.25282790566840363], "48": [0.0, 0.0, -0.27501966404214634, -0.3827098590577118], "49": [0.0, -0.41399990400795067, -0.4396343262555174, 0.0], "50": [-0.32427095093971664, -0.46037193776603247, 0.0, 0.0], "51": [-0.4440110660287287, -0.2385429452913261, 0.0, 0.0], "52": [-0.256514125916657, -0.07725530557207991, 0.0, 0.0], "53": [0.0, -0.3596677072736618, 0.0, -0.3527866931045105], "54": [-0.08536638418284183, 0.0, -0.03940399, 0.0], "55": [0.0, 0.0, 0.0, -0.03940399], "56": [-1.8249336002564727, 0.0, -1.8223691825237875, 0.0], "57": [-0.9868547493495239, -0.9881116709402115, 0.0, 0.0], "58": [0.0, -1.8282839299572629, -3.6259051911002325, 0.0], "59": [0.0, 0.0, -3.5770921397816338, -0.9874989974279557], "60": [0.0, 0.0, -3.4733327391907713, -1.8294000636026664], "61": [0.0, 0.0, -3.2842835217136512, -2.4970792954610395], "62": [0.0, 0.0, -2.9693603504220007, -2.9798573974100844], "63": [0.0, 0.0, -2.49035157635904, -3.2948919313262186], "64": [0.0, 0.0, -1.8269360813997662, -3.480432741999982], "65": [0.0, 0.0, -0.9872451764390937, -3.5788440448330263], "66": [0.0, -1.8536962294659816, 0.0, -3.6215071047180523], "67": [-0.9842480121266852, -1.0364129361831032, 0.0, 0.0], "68": [-1.8105685098167004, -0.059312029700800004, 0.0, -1.8216106833991184], "69": [0.0, 0.0, -0.9847158619185106, -0.9869862018560287], "70": [-0.060261343074910094, -0.0199, 0.0, 0.0], "71": [-0.01999081, 0.0, 0.0, 0.0], "72": [0.0, -1.8240473884769106, -1.815545283529391, 0.0], "73": [-0.986037676249638, -0.9872451764390937, 0.0, 0.0], "74": [-1.8208688740205548, 0.0, 0.0, -1.8208777558707874], "75": [0.0, 0.0, -0.9840889011380659, -0.9869862018560287], "76": [-1.8220079080254439, 0.0, -1.813197238907205, 0.0], "77": [-0.9864523712273474, -0.9867219690399232, 0.0, 0.0], "78": [0.0, -1.8223923580750232, 0.0, 0.0], "79": [-0.29655230500043056, -0.3715412424485653, 0.0, 0.0], "80": [-0.3694692192709, -0.3402578721901405, 0.0, 0.0], "81": [-0.34375209129748757, -0.28226946740172487, 0.0, 0.0], "82": [-0.3042151086502699, 0.0, -0.30486891671854394, 0.0], "83": [0.0, 0.0, -0.17383137616441327, -0.28944677272770764], "84": [0.0, -0.19511411437640383, 0.0, -0.20600137807229502], "85": [-0.17383137616441327, -0.286803094948938, 0.0, 0.0], "86": [-0.27379190953786137, -0.25268399841700223, 0.0, -0.21421610738181732], "87": [0.0, 0.0, -0.20638571635634448, -0.0864827525163591], "88": [-0.27239291801209065, -0.19027213177874144, 0.0, 0.0], "89": [0.0, 0.0, -0.09493556017860312, 0.0], "90": [-0.22874422403366607, 0.0, 0.0, -0.17886717411655662], "91": [0.0, 0.0, -0.1654862385499124, -0.1654862385499124], "92": [0.0, -0.09149782951647185, -0.17673050337095642, 0.0], "93": [-0.0864827525163591, -0.14854222890512436, 0.0, 0.0], "94": [-0.15420219365366286, 0.0, -0.10552230706620432, 0.0], "95": [0.0, 0.0, -0.039938340690999996, -0.10466174574128355], "96": [0.0, -0.0875360566326501, -0.03985512931123861, -0.04195994319114715], "97": [-0.0864827525163591, -0.029701, 0.0, 0.0], "98": [0.0, 0.0, -0.020264115647046617, -0.03996660609012537], "99": [0.0, 0.0, -0.0798365550340247, -0.01999], "100": [0.0, 0.0, -0.0490099501, -0.0776099414820799], "101": [0.0, -0.07725530557207991, 0.0, -0.0494518496509], "102": [-0.07725530557207991, 0.0, 0.0, 0.0], "103": [-0.030754304116291004, 0.0, 0.0, 0.0], "104": [-0.5166957966530652, -0.3922978155995193, 0.0, 0.0], "105": [-0.41287593124886574, -0.39229612268479863, 0.0, 0.0], "106": [-0.3945859275903967, -0.3922638724914657, 0.0, 0.0], "107": [-0.3924862892380182, -0.39176406540617575, 0.0, 0.0], "108": [-0.39231005254164797, -0.38569120105590504, 0.0, 0.0], "109": [-0.3922985310806418, -0.33102824143031945, 0.0, 0.0], "110": [-0.39229792062293445, 0.0, -0.38569120105590504, 0.0], "111": [0.0, 0.0, -0.33102824143031945, -0.33102824143031945], "112": [-0.38569120105590504, 0.0, 0.0, -0.38569120105590504], "113": [-0.33102824143031945, -0.33102824143031945, 0.0, 0.0], "114": [0.0, -0.38569120105590504, -0.38569120105590504, 0.0], "115": [0.0, 0.0, -0.33102824143031945, -0.33102824143031945], "116": [0.0, -0.3922638724914657, 0.0, -0.38569120105590504], "117": [-0.33102824143031945, -0.39176406540617575, 0.0, 0.0], "118": [-0.38569120105590504, -0.38569120105590504, 0.0, 0.0], "119": [-0.39176406540617575, -0.33102824143031945, 0.0, 0.0], "120": [-0.3922638724914657, 0.0, 0.0, -0.3922638724914657], "121": [0.0, 0.0, -0.33102824143031945, -0.39176406540617575], "122": [0.0, 0.0, -0.38569120105590504, -0.38569120105590504], "123": [0.0, 0.0, -0.39176406540617575, -0.33102824143031945], "124": [0.0, 0.0, -0.3922638724914657, 0.0]}