{"0": [-0.09817897215455565, 0.0, 0.0, 0.0], "1": [-0.06930395517747508, -0.058519850599, 0.0, 0.0], "2": [-0.04999499039973754, -0.05968625805699, 0.0, 0.0], "3": [-0.04999205017250625, -0.040389946985294946, 0.0, 0.0], "4": [-0.049699504950498755, -0.039999950079471304, 0.0, 0.0], "5": [-0.03999700009999875, -0.03999700995025496, 0.0, 0.0], "6": [-0.03999700009999875, -0.03019649014999875, 0.0, 0.0], "7": [-0.03989751004975, -0.02999949000049875, 0.0, 0.0], "8": [-0.029998500025, -0.029998500025, 0.0, 0.0], "9": [-0.029998500025, -0.0199995, 0.0, 0.0], "10": [-0.029998500025, -0.0199995, 0.0, 0.0], "11": [-0.0301954952985025, -0.0199995, 0.0, 0.0], "12": [-0.0496965547255, -0.0199995, 0.0, 0.0], "13": [-0.039701490025, -0.03969951495, 0.0, 0.0], "14": [-0.029998500025, -0.030195500174499998, 0.0, 0.0], "15": [-0.029998500025, -0.02019849000049875, 0.0, 0.0], "16": [-0.029997509999999998, -0.020000490024999998, 0.0, 0.0], "17": [-0.029701, -0.0199995, 0.0, 0.0], "18": [0.0, -0.0199995, -0.029997509999999998, 0.0], "19": [0.0, 0.0, -0.029701, -0.0199], "20": [0.0, -0.029998500025, 0.0, -0.0199995], "21": [-0.0199, -0.04019498032549125, 0.0, 0.0], "22": [-0.029997509999999998, -0.0499950001519788, 0.0, 0.0], "23": [-0.039799009975, -0.0498954955712575, 0.0, 0.0], "24": [-0.0399960101245, -0.03999503985049875, 0.0, 0.0], "25": [-0.029998500025, -0.03989947029925, 0.0, 0.0], "26": [-0.029998500025, -0.0398955399, 0.0, 0.0], "27": [-0.030096019975, -0.039701490025, 0.0, 0.0], "28": [-0.030099940523501248, -0.02999949000049875, 0.0, 0.0], "29": [-0.02019750987574875, -0.03009700009975, 0.0, 0.0], "30": [-0.020000490024999998, -0.03999305985, 0.0, 0.0], "31": [-0.039800009702740016, -0.03940399, 0.0, 0.0], "32": [-0.0399950399485137, 0.0, -0.03979801995, 0.0], "33": [0.0, 0.0, -0.0199, -0.03940399], "34": [-0.0199995, 0.0, 0.0, -0.020098005000000002], "35": [-0.01, -0.0199, 0.0, 0.0], "36": [0.0, -0.01, -0.0199995, 0.0], "37": [0.0, 0.0, -0.0199995, -0.0199], "38": [0.0, 0.0, -0.029997509999999998, -0.0199995], "39": [0.0, 0.0, -0.029701, -0.029899005], "40": [0.0, -0.029997509999999998, 0.0, -0.029998500025], "41": [-0.029701, -0.029701, 0.0, 0.0], "42": [-0.029997509999999998, 0.0, -0.0298005, -0.029997509999999998], "43": [0.0, 0.0, -0.029997509999999998, -0.029701], "44": [0.0, -0.030095029949999998, -0.029998500025, 0.0], "45": [-0.029701, -0.03940399, 0.0, 0.0], "46": [-0.03979801995, 0.0, 0.0, -0.039899480100992514], "47": [0.0, 0.0, -0.03940399, -0.030196480299249998], "48": [0.0, 0.0, -0.030095029949999998, -0.03999305985], "49": [0.0, 0.0, -0.039701490025, -0.03940399], "50": [0.0, -0.029701, -0.039994049875, 0.0], "51": [-0.029701, -0.0199995, 0.0, 0.0], "52": [0.0, 0.0, -0.0199, -0.030294000249249997], "53": [0.0, 0.0, 0.0, -0.020200450249998753], "54": [-0.02029402995, -0.0199995, 0.0, 0.0], "55": [-0.02000147014975, -0.0199, 0.0, 0.0], "56": [-0.0199995, 0.0, -0.029998500025, 0.0], "57": [0.0, 0.0, -0.029997509999999998, -0.029701], "58": [0.0, 0.0, -0.0298005, -0.029997509999999998], "59": [0.0, 0.0, -0.0199, -0.029998500025], "60": [0.0, 0.0, -0.01, -0.020197500025], "61": [0.0, 0.0, -0.01, -0.010100490025], "62": [0.0, 0.0, -0.01, -0.01], "63": [0.0, 0.0, -0.01, -0.01], "64": [-0.01, 0.0, 0.0, -0.01], "65": [-0.01, -0.01, 0.0, 0.0], "66": [-0.01, -0.01, 0.0, 0.0], "67": [-0.01, -0.01, 0.0, 0.0], "68": [0.0, -0.01, -0.020098005000000002, -0.0199995], "69": [0.0, 0.0, -0.029701, -0.0199995], "70": [-0.029997509999999998, -0.029998500025, 0.0, -0.0298005], "71": [-0.029998500025, -0.029998500025, 0.0, 0.0], "72": [-0.029998500025, -0.029997509999999998, 0.0, 0.0], "73": [-0.029998500025, -0.029701, 0.0, 0.0], "74": [-0.029998500025, 0.0, -0.029998500025, 0.0], "75": [0.0, 0.0, -0.0499910601970075, -0.029701], "76": [0.0, 0.0, -0.049500524800500004, -0.049694589501], "77": [0.0, 0.0, -0.029701, -0.0499939809687625], "78": [-0.030095029949999998, 0.0, 0.0, -0.030394470277476306], "79": [-0.03940399, -0.029701, 0.0, 0.0], "80": [0.0, -0.03979801995, 0.0, -0.029997509999999998], "81": [0.0, 0.0, -0.029701, -0.029701], "82": [-0.029997509999999998, 0.0, -0.029997509999999998, 0.0], "83": [-0.029701, -0.029701, 0.0, 0.0], "84": [0.0, -0.029997509999999998, -0.029998500025, 0.0], "85": [0.0, 0.0, -0.0199995, -0.029701], "86": [0.0, 0.0, -0.0199, -0.0199995], "87": [0.0, 0.0, -0.01, -0.0199995], "88": [-0.029701, -0.03029401009999875, 0.0, 0.0], "89": [0.0, -0.03000145024999875, -0.0298005, 0.0], "90": [0.0, 0.0, -0.0199, -0.029701], "91": [-0.0199995, 0.0, 0.0, -0.02019651], "92": [-0.0199, -0.0199, 0.0, 0.0], "93": [0.0, -0.0199995, 0.0, -0.0199995], "94": [0.0, 0.0, -0.0199, -0.0199995], "95": [0.0, 0.0, -0.0199995, -0.0199995], "96": [0.0, 0.0, -0.0199995, -0.0199], "97": [-0.0199995, 0.0, -0.0199995, 0.0], "98": [-0.0199995, -0.0199, 0.0, 0.0], "99": [-0.01, -0.0199995, 0.0, 0.0], "100": [0.0, -0.01, 0.0, 0.0], "101": [0.0, 0.0, -0.020198480149750002, -0.0199], "102": [0.0, -0.01, -0.020000490024999998, 0.0], "103": [-0.01, -0.01, 0.0, 0.0], "104": [-0.01, 0.0, 0.0, -0.01], "105": [0.0, 0.0, -0.01, -0.01], "106": [0.0, 0.0, -0.01, -0.01], "107": [0.0, 0.0, -0.01, -0.01], "108": [0.0, 0.0, -0.01, 0.0], "109": [0.0, 0.0, -0.01, -0.010099499999999999], "110": [0.0, 0.0, -0.01, -0.01], "111": [0.0, -0.01, 0.0, -0.01], "112": [-0.01, -0.01, 0.0, 0.0], "113": [-0.01, 0.0, 0.0, 0.0]}