{"0": [0.0, -1.533361502176891, -1.5984912103981295, 0.0], "1": [0.0, 0.0, -0.44203008593732557, -0.2452807127963673], "2": [-0.25282790566840363, -0.099085945620615, 0.0, 0.0], "3": [-0.11051792251991054, -0.05974674735063709, 0.0, 0.0], "4": [-0.05984274324488921, -0.06820196109301001, 0.0, 0.0], "5": [-0.06977516167630551, -0.01, 0.0, 0.0], "6": [-0.010272140743496373, 0.0, 0.0, 0.0], "7": [0.0, -0.5760356819613656, -0.5538968209522566, -0.38674037307581155], "8": [-0.46909445704488656, -0.4473165228376147, 0.0, 0.0], "9": [-0.5631819069114795, 0.0, -0.6314988887261163, 0.0], "10": [0.0, 0.0, -0.45284335760923855, -0.5512880253105661], "11": [0.0, 0.0, 0.0, -0.5805421846901294], "12": [0.0, 0.0, -0.5294133584143499, -0.4951141112129301], "13": [0.0, -0.5293062731292016, 0.0, -0.6810450883985496], "14": [-0.4246452500230713, -0.45831492403314616, 0.0, 0.0], "15": [-0.5576713892265108, 0.0, 0.0, -0.49521806495844617], "16": [0.0, 0.0, -0.3764746051087998, -0.5387780325819043], "17": [0.0, -0.6299039318094151, -0.6386683600758393, 0.0], "18": [-0.5101097269957948, -0.5221334323064926, 0.0, 0.0], "19": [-0.5833907980988481, -0.2893729072492743, 0.0, 0.0], "20": [-0.31759278915326544, -0.39499393286246337, 0.0, 0.0], "21": [-0.4813269908992551, 0.0, -0.38934640444983587, 0.0], "22": [0.0, 0.0, -0.32427095093971664, -0.33102824143031945], "23": [-0.5625835796900983, 0.0, 0.0, -0.37239420618768493], "24": [-0.4188335858818902, -0.4637317747928147, 0.0, 0.0], "25": [0.0, -0.5236232842238122, -0.45833072299380456, 0.0], "26": [0.0, 0.0, -0.4303987975228406, -0.3827098590577118], "27": [-0.3103623546185711, 0.0, 0.0, -0.5244281233537751], "28": [-0.21432185919278104, -0.28226946740172487, 0.0, 0.0], "29": [0.0, -0.24247454047834854, -0.21949561606188298, 0.0], "30": [0.0, 0.0, -0.14854222890512436, -0.19836941046095402], "31": [-0.09786186813297727, -0.11995261558705272, 0.0, -0.15335336531000832], "32": [-0.06793465209301, -0.10149221238651807, 0.0, 0.0], "33": [-0.1083574754981265, -0.12848292795809543, 0.0, 0.0], "34": [-0.11865541418125414, -0.15075455405677995, -0.20254317044241588, 0.0], "35": [0.0, 0.0, -0.11361512828387071, -0.19027213177874144], "36": [0.0, -0.07076756767221104, 0.0, -0.12093133161524039], "37": [-0.13958975881601926, -0.2995890884453769, 0.0, 0.0], "38": [0.0, -0.07123477870242911, 0.0, -0.2206787448558126], "39": [0.0, 0.0, -0.19836941046095402, -0.27501966404214634], "40": [-0.06793465209301, -0.1312541872310217, 0.0, 0.0], "41": [-0.135567299743916, 0.0, 0.0, 0.0], "42": [-0.2673683823537073, -0.32889311695981766, 0.0, 0.0], "43": [-0.3260292463620354, -0.2746383635934653, 0.0, 0.0], "44": [-0.2857098810979205, -0.2663869891657088, -0.2869193300549694, 0.0], "45": [-0.2520358250266871, -0.33771795901601626, 0.0, 0.0], "46": [-0.3677809960015128, 0.0, 0.0, -0.32190604708877063], "47": [0.0, 0.0, -0.310550914130922, -0.25282790566840363], "48": [0.0, 0.0, -0.27501966404214634, -0.3827098590577118], "49": [0.0, -0.41399990400795067, -0.4396343262555174, 0.0], "50": [-0.32427095093971664, -0.46037193776603247, 0.0, 0.0], "51": [-0.4440110660287287, -0.2385429452913261, 0.0, 0.0], "52": [-0.256514125916657, -0.07725530557207991, 0.0, 0.0], "53": [0.0, -0.3596677072736618, 0.0, -0.3527866931045105], "54": [-0.08536638418284183, 0.0, -0.03940399, 0.0], "55": [0.0, 0.0, 0.0, -0.03940399], "56": [-0.337801350025483, 0.0, -0.3038780836439286, 0.0], "57": [-0.2299568541948447, -0.30358678195042627, 0.0, 0.0], "58": [0.0, -0.26297022038288825, -0.3293029644198378, 0.0], "59": [0.0, 0.0, -0.4950597175318954, -0.26769663034560237], "60": [0.0, 0.0, -0.5037116436334297, -0.4604938634070712], "61": [0.0, 0.0, -0.5245698877596784, -0.4884143770532284], "62": [0.0, 0.0, -0.481300132452668, -0.5013121331595978], "63": [0.0, 0.0, -0.5247100537635218, -0.4657914383430902], "64": [0.0, 0.0, -0.3708987834892008, -0.5427614989781754], "65": [0.0, 0.0, -0.25282790566840363, -0.41754961151508563], "66": [0.0, -0.08088764693402932, 0.0, -0.30267058175355827], "67": [-0.07725530557207991, -0.05940907507828, 0.0, 0.0], "68": [-0.058519850599, -0.059312029700800004, 0.0, -0.1147947169941978], "69": [0.0, 0.0, -0.10466174574128355, -0.23765728565289626], "70": [-0.060261343074910094, -0.0199, 0.0, 0.0], "71": [-0.01999081, 0.0, 0.0, 0.0], "72": [0.0, -0.2016803908753055, -0.24915159070063936, 0.0], "73": [-0.18209306240276912, -0.25282790566840363, 0.0, 0.0], "74": [-0.2759172091414214, 0.0, 0.0, -0.07186013669820339], "75": [0.0, 0.0, -0.06793465209301, -0.23765728565289626], "76": [-0.25320019766576735, 0.0, -0.246826624844169, 0.0], "77": [-0.20638571635634448, -0.22217864060085324, 0.0, 0.0], "78": [0.0, -0.21757444107241425, 0.0, 0.0], "79": [-0.29655230500043056, -0.3715412424485653, 0.0, 0.0], "80": [-0.3694692192709, -0.3402578721901405, 0.0, 0.0], "81": [-0.34375209129748757, -0.28226946740172487, 0.0, 0.0], "82": [-0.3042151086502699, 0.0, -0.30486891671854394, 0.0], "83": [0.0, 0.0, -0.17383137616441327, -0.28944677272770764], "84": [0.0, -0.19511411437640383, 0.0, -0.20600137807229502], "85": [-0.17383137616441327, -0.286803094948938, 0.0, 0.0], "86": [-0.27379190953786137, -0.25268399841700223, 0.0, -0.21421610738181732], "87": [0.0, 0.0, -0.20638571635634448, -0.0864827525163591], "88": [-0.27239291801209065, -0.19027213177874144, 0.0, 0.0], "89": [0.0, 0.0, -0.09493556017860312, 0.0], "90": [-0.22874422403366607, 0.0, 0.0, -0.17886717411655662], "91": [0.0, 0.0, -0.1654862385499124, -0.1654862385499124], "92": [0.0, -0.09149782951647185, -0.17673050337095642, 0.0], "93": [-0.0864827525163591, -0.14854222890512436, 0.0, 0.0], "94": [-0.15420219365366286, 0.0, -0.10552230706620432, 0.0], "95": [0.0, 0.0, -0.039938340690999996, -0.10466174574128355], "96": [0.0, -0.0875360566326501, -0.03985512931123861, -0.04195994319114715], "97": [-0.0864827525163591, -0.029701, 0.0, 0.0], "98": [0.0, 0.0, -0.020264115647046617, -0.03996660609012537], "99": [0.0, 0.0, -0.0798365550340247, -0.01999], "100": [0.0, 0.0, -0.0490099501, -0.0776099414820799], "101": [0.0, -0.07725530557207991, 0.0, -0.0494518496509], "102": [-0.07725530557207991, 0.0, 0.0, 0.0], "103": [-0.030754304116291004, 0.0, 0.0, 0.0]}