{"0": [0.0, 0.0, 0.0, -3.5835007478144383], "1": [0.0, 0.0, -0.9999999999999944, -2.8705563864643486], "2": [0.0, 0.0, -1.899999999999984, -2.0783959849608196], "3": [0.0, 0.0, -2.7099999999999635, -1.1982177610676055], "4": [0.0, -0.9848837458263457, -3.438999999999945, -0.22024195674179614], "5": [0.0, 0.0, -0.26345280492161327, -0.16614333166250292], "6": [-0.6975955643309784, -0.6787989254352085, 0.0, 0.0], "7": [-0.9708933807785762, 0.0, 0.0, -1.292638756160983], "8": [0.0, 0.0, -0.16551449864575932, -0.19474741919492874], "9": [0.0, 0.0, -0.1988975453237428, -0.0490099501], "10": [0.0, 0.0, -0.0529320486746327, 0.0], "11": [0.0, 0.0, -0.7319532830831258, -1.3112517016405405], "12": [0.0, 0.0, -1.0913572594616237, -1.1980440631954241], "13": [0.0, 0.0, -1.2774569054223313, -0.7872742967709809], "14": [0.0, -1.3659923737999156, -1.3699567991758295, 0.0], "15": [-0.7526613141061316, -1.3668630621883424, 0.0, 0.0], "16": [-1.141688544068794, -1.2012970017746132, 0.0, 0.0], "17": [-1.3451795910318594, -0.7575833539554195, 0.0, 0.0], "18": [-1.3659833705520876, 0.0, -0.5633897813159466, -3.316067516127595], "19": [0.0, 0.0, -1.5041809294961328, -2.6656344859048193], "20": [0.0, 0.0, -2.336967997980409, -1.888861422393493], "21": [0.0, 0.0, -0.6072889716421951, -0.5240869949903739], "22": [0.0, 0.0, -3.050669980229403, -0.9985739101869691], "23": [-1.8933063542488444, 0.0, -3.6300544058628565, 0.0], "24": [-0.9992428810135102, -0.9990068522040796, 0.0, 0.0], "25": [0.0, -1.8922143235772853, -1.893941013077791, 0.0], "26": [0.0, 0.0, -0.9992579476813415, -0.9993991395579042], "27": [0.0, 0.0, 0.0, -1.8946322071995587], "28": [0.0, -0.673382789555175, 0.0, -0.775844998376463], "29": [-0.5051613403997928, -0.5911798255774505, 0.0, 0.0], "30": [-0.758435747339477, 0.0, 0.0, -0.6640753107762999], "31": [0.0, 0.0, -0.5051613403997928, -0.5101097269957948], "32": [0.0, -0.4740350342980267, -0.6324521570004283, 0.0], "33": [-0.3888827604671347, -0.4664906958606454, 0.0, 0.0], "34": [-0.45037891489506443, -0.6060972873541779, 0.0, 0.0], "35": [-0.55617519047848, -0.69126244468803, 0.0, 0.0], "36": [-0.7018616151361405, -0.5467366573914407, 0.0, 0.0], "37": [-0.6437236482470307, -0.31744540498961277, 0.0, 0.0], "38": [-0.3940155716882558, 0.0, -0.18816815678698273, 0.0], "39": [0.0, 0.0, -0.19836941046095402, -0.1654862385499124], "40": [-0.11516428989932556, 0.0, 0.0, -0.20595540905398], "41": [-0.12247897700103201, -0.10466174574128355, 0.0, 0.0], "42": [0.0, -0.122944007475432, -0.051723949136358124, 0.0], "43": [0.0, 0.0, -0.16763132041804976, -0.03940399], "44": [0.0, 0.0, -0.07743684729568862, -0.16007935923459637], "45": [0.0, 0.0, -0.03115293972029922, -0.0757805245798171], "46": [0.0, 0.0, -0.14270893877413846, -0.021065390979384722], "47": [0.0, 0.0, -0.28944677272770764, -0.12338993482873016], "48": [-0.2959578529980241, -0.3012131542512072, 0.0, -0.3040574981377746], "49": [-0.29655230500043056, -0.30154652160376744, 0.0, 0.0], "50": [0.0, -0.34838278088840785, 0.0, -0.3409401859168736], "51": [0.0, 0.0, -0.310550914130922, -0.22217864060085324], "52": [-0.29017961516904284, -0.40703355359850035, 0.0, 0.0], "53": [-0.46753386431688126, 0.0, 0.0, -0.33156907668160424], "54": [-0.174005859314533, 0.0, -0.25872469990131897, 0.0], "55": [-0.17383137616441327, -0.1654862385499124, 0.0, 0.0], "56": [0.0, 0.0, -0.28226946740172487, -0.2629790241780889], "57": [0.0, 0.0, -0.23671093045009775, -0.3191061073532994], "58": [0.0, 0.0, -0.32021120667111613, -0.14854222890512436], "59": [0.0, -0.09895170673116808, -0.16616169042685144, 0.0], "60": [-0.0864827525163591, -0.07725530557207991, 0.0, 0.0], "61": [-0.07000997614003404, 0.0, 0.0, -0.0498038845609], "62": [0.0, 0.0, -0.03940399, -0.07797855414298313], "63": [0.0, -0.0199, -0.06958883503697519, -0.060344373065176815], "64": [0.0, -0.19108089319314195, 0.0, -0.24039152624798654], "65": [0.0, 0.0, -0.2299568541948447, -0.1654862385499124], "66": [-0.2433854342724424, -0.258791200124521, -0.19000040289752923, 0.0], "67": [-0.1319494849811704, -0.24699800226000304, 0.0, 0.0], "68": [-0.01, -0.1366600836373059, 0.0, 0.0], "69": [-0.24974107285983582, -0.310550914130922, 0.0, 0.0], "70": [-0.3416815175041031, 0.0, 0.0, -0.18423789130819854], "71": [-0.0490099501, -0.010445905924218998, 0.0, 0.0], "72": [0.0, -0.0490099501, -0.059225576059900004, -0.10639981456656036], "73": [0.0, 0.0, -0.03940399, -0.059833388907091], "74": [0.0, 0.0, -0.10901770066022758, -0.0490099501], "75": [-0.0199, 0.0, 0.0, -0.040463645645439104], "76": [0.0, -0.0199, 0.0, 0.0], "77": [0.0, 0.0, -0.05167207038063443, 0.0], "78": [0.0, 0.0, -0.18209306240276912, -0.12247897700103201], "79": [0.0, 0.0, -0.13989336322873816, 0.0], "80": [0.0, 0.0, -0.05139266057048635, -0.058519850599], "81": [0.0, 0.0, -0.04938055338231958, -0.01], "82": [-0.0199, -0.029701, 0.0, 0.0], "83": [-0.029968309, 0.0, 0.0, -0.029701], "84": [0.0, 0.0, -0.029701, 0.0], "85": [0.0, 0.0, 0.0, -0.029701], "86": [0.0, 0.0, -0.0199, -0.01], "87": [0.0, 0.0, 0.0, -0.0199], "88": [-0.01, 0.0, -0.01, -0.03958309], "89": [0.0, 0.0, -0.029968309, -0.09561792499119551], "90": [0.0, -0.01, 0.0, 0.0], "91": [-0.09197375527103786, 0.0, -0.08865023674440627, 0.0], "92": [-0.1379050809648122, -0.0864827525163591, 0.0, 0.0], "93": [-0.25144023726678427, -0.13533464525527988, 0.0, 0.0], "94": [-0.27501966404214634, -0.24194358336435914, 0.0, 0.0], "95": [0.0, -0.30597999138569776, 0.0, -0.21699903408270627], "96": [0.0, 0.0, -0.19836941046095402, -0.21962623759783298], "97": [0.0, 0.0, -0.22630404150194372, -0.13213799747103702], "98": [0.0, 0.0, -0.13391078657398223, -0.11361512828387071], "99": [0.0, -0.06820196109301001, -0.11601037328676563, 0.0], "100": [-0.06793465209301, -0.01, 0.0, 0.0], "101": [-0.010267309, 0.0, 0.0, 0.0]}