{"0": [-0.0199, 0.0, -0.039669508, 0.0], "1": [0.0, 0.0, 0.0, -0.01], "2": [-0.029701, 0.0, 0.0, 0.0], "3": [-0.01, -0.0199, 0.0, 0.0], "4": [-0.01, 0.0, 0.0, 0.0], "5": [-0.01, 0.0, 0.0, 0.0], "6": [-0.029791, -0.01, 0.0, 0.0], "7": [-0.059139122419, -0.029701, -0.01, 0.0], "8": [0.0, 0.0, -0.01, -0.01], "9": [0.0, -0.0298801, 0.0, -0.01], "10": [-0.029701, -0.01, 0.0, 0.0], "11": [-0.01, 0.0, -0.01, 0.0], "12": [0.0, 0.0, -0.01, -0.01], "13": [0.0, 0.0, -0.01, -0.01], "14": [0.0, 0.0, -0.01, -0.01], "15": [0.0, 0.0, 0.0, -0.01], "16": [-0.0490099501, -0.05948320790978201, 0.0, 0.0], "17": [0.0, -0.0506045602177747, 0.0, 0.0]}