{"0": [0.0, 0.0, 0.0, -1.2966346676231342], "1": [0.0, 0.0, -0.40703355359850035, -0.4303987975228406], "2": [0.0, -0.5873601856159429, -0.5230248145072844, 0.0], "3": [-0.47965947734969333, -0.4188335858818902, 0.0, 0.0], "4": [-0.5234554571989827, 0.0, -0.38566209886068076, 0.0], "5": [0.0, 0.0, -0.28944677272770764, -0.33771795901601626], "6": [0.0, -0.5307085116491025, 0.0, -0.3370729238439197], "7": [-0.3701763687967675, -0.712866150095152, 0.0, 0.0], "8": [-0.6142807627717006, -0.6366123397510474, 0.0, -0.7195465041724778], "9": [0.0, 0.0, -0.4951141112129301, -0.9044454431689891], "10": [0.0, 0.0, -0.7962672425630569, -0.7197471872959217], "11": [0.0, 0.0, -0.7628005433589556, -0.595268027321676], "12": [0.0, -0.6972509693495593, -0.8850478434508794, 0.0], "13": [-0.6847211268017341, -0.4624323777373466, 0.0, 0.0], "14": [-0.5657686732081881, -0.4246452500230713, 0.0, 0.0], "15": [-0.5350149744639634, -0.32551884078573423, 0.0, 0.0], "16": [-0.3558263887084197, -0.1976989051940903, 0.0, 0.0], "17": [-0.19818765681675257, -0.18624051865682792, 0.0, -0.17323051122559996], "18": [0.0, 0.0, -0.15705680661607313, -0.20219326082378525], "19": [-0.17918411544025759, -0.15705680661607313, 0.0, 0.0], "20": [-0.16011542509193816, 0.0, 0.0, -0.1477847557255197], "21": [-0.24606668400156081, 0.0, -0.20168089455521082, -0.16387235945202624], "22": [-0.32427095093971664, -0.20638571635634448, 0.0, 0.0], "23": [0.0, -0.3480060781763054, 0.0, 0.0], "24": [0.0, 0.0, -0.1731256681073754, -0.12576022289518296], "25": [0.0, 0.0, -0.13355936120141676, -0.050237034767191005], "26": [0.0, 0.0, -0.051049164884941135, -0.06793465209301], "27": [0.0, 0.0, -0.06918501296284384, 0.0], "28": [0.0, 0.0, -0.1312541872310217, -0.19836941046095402], "29": [-0.556233088426684, 0.0, 0.0, -0.48946114179832156], "30": [0.0, 0.0, -0.40703355359850035, -0.29655230500043056], "31": [-0.13117899374350211, 0.0, -0.333428246565397, 0.0], "32": [-0.15705680661607313, -0.12247897700103201, 0.0, 0.0], "33": [0.0, -0.1651280402739915, 0.0, -0.18355041699817826], "34": [0.0, 0.0, -0.17383137616441327, -0.11361512828387071], "35": [-0.0199, 0.0, -0.12161387865280857, 0.0], "36": [0.0, -0.0199, 0.0, 0.0], "37": [0.0, -0.4145234787672684, -0.2060487206844446, 0.0], "38": [-0.3638145139361288, -0.30358678195042627, 0.0, 0.0], "39": [-0.36084792954565476, 0.0, 0.0, -0.41565529042795646], "40": [0.0, 0.0, -0.3443407794258561, -0.40104399353383874], "41": [-0.26554439223721643, -0.47688533546056167, -0.47120787581190754, 0.0], "42": [-0.4303408893979725, -0.5716596604474048, 0.0, 0.0], "43": [-0.15705680661607313, -0.2938724441906737, 0.0, 0.0], "44": [-0.5695764538048106, -0.48839893224299613, 0.0, 0.0], "45": [-0.5194461633024631, -0.40703355359850035, 0.0, 0.0], "46": [-0.5028176297091053, 0.0, -0.4277132240095859, 0.0], "47": [0.0, 0.0, -0.4781722182218863, -0.3443407794258561], "48": [-0.5425787350051974, -0.37215788939171246, -0.591850682682147, -0.42158630574301476], "49": [-0.3888827604671347, -0.5018447354925594, 0.0, 0.0], "50": [0.0, 0.0, -0.5524767862361891, -0.5429014326472009], "51": [0.0, -0.45275208748398316, -0.8591588618503414, 0.0], "52": [0.0, 0.0, -0.644839185294927, -0.6033221935779748], "53": [-0.8101418344785555, 0.0, 0.0, -0.8415305028503473], "54": [-0.595268027321676, -0.6072889716421951, 0.0, 0.0], "55": [0.0, -0.8106603141068396, 0.0, 0.0], "56": [-0.4091370125895562, -0.3888827604671347, 0.0, 0.0], "57": [0.0, -0.9333184867733364, 0.0, -0.7094703845474216], "58": [-0.6553878166524824, -0.6189528818954503, 0.0, 0.0], "59": [-0.8147683820225228, 0.0, 0.0, 0.0], "60": [0.0, -0.17434625578220656, 0.0, 0.0], "61": [-0.46746339213989974, 0.0, 0.0, -0.46251933531100353], "62": [0.0, 0.0, -0.3888827604671347, -0.323899257717153], "63": [0.0, 0.0, -0.31868411132079466, -0.26885308445108236], "64": [0.0, 0.0, -0.27401242563656364, -0.09561792499119551], "65": [-0.0199, 0.0, -0.10192673449987777, 0.0], "66": [-0.039760399, -0.0199, 0.0, 0.0], "67": [-0.0199, -0.03975862591, 0.0, 0.0], "68": [0.0, -0.0200807119, 0.0, 0.0]}