{"0": [-1.3920761847452185, 0.0, 0.0, -1.5608834833720429], "1": [0.0, 0.0, -0.8133287232842964, -1.3536666670070625], "2": [-0.8516830563269492, -0.7372874127497715, 0.0, 0.0], "3": [-0.7665944944797389, -0.8856870715719553, 0.0, 0.0], "4": [0.0, 0.0, -1.1988889436705166, -1.3947896999630425], "5": [-0.7730043622066702, -0.8448148852863889, 0.0, 0.0], "6": [-0.7226080128024134, -0.8757764251614863, 0.0, 0.0], "7": [-0.8298703310625711, -0.8502567497377447, 0.0, 0.0], "8": [-0.765607522882557, -0.9088290300171651, 0.0, -0.5133158981280451], "9": [-0.5569520183738272, -0.8092757603493891, 0.0, 0.0], "10": [0.0, -0.7154460847978921, 0.0, 0.0], "11": [0.0, 0.0, -0.4303987975228406, -0.310550914130922], "12": [-0.1569213119177661, 0.0, -0.36359314965822975, 0.0], "13": [0.0, 0.0, -1.4509370845032312, -1.149840271097131], "14": [0.0, 0.0, -1.30689110101108, -0.9326821510065644], "15": [0.0, 0.0, -1.1315451042223885, -0.5786657778452318], "16": [-0.6940395185538717, 0.0, -0.893028573216141, 0.0], "17": [-0.5001629701008008, -0.5387780325819043, 0.0, 0.0], "18": [0.0, -0.6409303990252518, -0.8377508618998101, 0.0], "19": [0.0, 0.0, -0.6891242988519511, -0.5701109864761063], "20": [0.0, 0.0, -0.9386699263123869, -0.59308493032911], "21": [0.0, 0.0, -0.6975955643309784, -0.8983489843285783], "22": [-0.8811073793310027, 0.0, 0.0, -1.0466577167945939], "23": [-0.6339676587267709, -0.644839185294927, 0.0, 0.0], "24": [0.0, -0.8817294691669053, 0.0, -0.5370332516028274], "25": [0.0, 0.0, -0.4360948095476122, -0.565326152333731], "26": [0.0, 0.0, -0.5741763344791674, -0.49769274607493064], "27": [0.0, 0.0, -0.5196891485013075, -0.4366632270437875], "28": [0.0, 0.0, -0.4406832069792368, -0.43341384414891715], "29": [0.0, 0.0, -0.47619806367211115, -0.2299568541948447], "30": [0.0, -0.0807792122579366, -0.2881666134430727, 0.0], "31": [-0.07725530557207991, -0.06846659700301, 0.0, 0.0], "32": [-0.06863516396184709, -0.039758625910000005, 0.0, -0.040457294116291], "33": [0.0, 0.0, -0.03940399, -0.12247897700103201], "34": [0.0, -0.1612449218479857, -0.12479073881027154, 0.0], "35": [-0.14854222890512436, -0.22217864060085324, 0.0, 0.0], "36": [-0.04098756477809376, -0.0490099501, 0.0, 0.0], "37": [-0.238829951134658, 0.0, 0.0, -0.34623006732352857], "38": [0.0, 0.0, -0.310550914130922, -0.17383137616441327], "39": [-0.06061942441761732, 0.0, -0.18890545895169833, 0.0], "40": [-0.1078230291153895, -0.058519850599, 0.0, 0.0], "41": [-0.07200352413906239, -0.10732272026094104, 0.0, 0.0], "42": [-0.07725530557207991, -0.0709828769930621, 0.0, 0.0], "43": [0.0, -0.07725530557207991, -0.11831430986281521, 0.0], "44": [0.0, 0.0, -0.1312541872310217, -0.11361512828387071], "45": [-0.2206806896649824, 0.0, 0.0, -0.1393218622469573], "46": [-0.12247897700103201, -0.20638571635634448, 0.0, 0.0], "47": [0.0, -0.13128248904539727, 0.0, -0.09932999785278127], "48": [0.0, 0.0, -0.09561792499119551, -0.1024679251706347], "49": [-0.12454408084874871, 0.0, -0.099771530250694, -0.13750906302423951], "50": [-0.029701, -0.12247897700103201, 0.0, 0.0], "51": [0.0, 0.0, -0.1354045128103545, -0.07725530557207991], "52": [0.0, -0.12325732177367925, -0.07977425527061477, 0.0], "53": [-0.12247897700103201, -0.01, 0.0, 0.0], "54": [-0.010267309, -0.01, 0.0, 0.0], "55": [-0.01, 0.0, 0.0, 0.0], "56": [0.0, -0.030754304116291, 0.0, 0.0], "57": [-0.050004336475196184, 0.0, 0.0, 0.0], "58": [-0.0864827525163591, -0.14854222890512436, 0.0, 0.0], "59": [0.0, -0.08929913923397134, 0.0, -0.17383137616441327], "60": [0.0, 0.0, -0.17383137616441327, 0.0]}