{"0": [-1.431226206186837, 0.0, -1.3504987610662758, 0.0], "1": [-0.8395676854916929, -0.6689669116789861, 0.0, 0.0], "2": [0.0, 0.0, -0.6851908268190479, -0.6622455991010979], "3": [-1.1779696428063446, 0.0, 0.0, -0.9523574027247778], "4": [-1.0931503851300004, -0.7181393044595363, 0.0, 0.0], "5": [-0.7384209881290626, -0.8452044130852541, 0.0, 0.0], "6": [-0.5657686732081881, -0.8236623313140534, 0.0, 0.0], "7": [0.0, -0.8144714175245188, 0.0, 0.0], "8": [-1.0163272121065947, -1.0014978172814426, 0.0, 0.0], "9": [-0.9784484479922402, -1.0440728735781908, 0.0, 0.0], "10": [-0.8737419754220738, -1.0441963833347103, 0.0, 0.0], "11": [-0.7140048598977611, -0.961146722143523, 0.0, 0.0], "12": [-0.43299630680819023, -0.8665829092979738, 0.0, -0.3073032471562168], "13": [0.0, 0.0, -0.26029962661171957, -0.28944677272770764], "14": [-0.32581633344965333, 0.0, -0.3156485046984499, 0.0], "15": [-0.3373971576780791, -0.27501966404214634, 0.0, 0.0], "16": [-0.3583192398847158, -0.32057432263397717, 0.0, 0.0], "17": [-0.3888827604671347, -0.5204947849312794, 0.0, 0.0], "18": [0.0, -0.47512806585999573, 0.0, 0.0], "19": [-0.38028764584356056, -0.3413419063611459, 0.0, 0.0], "20": [-0.5791229550779181, -0.3412606747302747, -0.2763767373814295, 0.0], "21": [-0.45284335760923855, -0.555258489598431, 0.0, 0.0], "22": [0.0, -0.5858852206167804, -0.5538888345804185, 0.0], "23": [0.0, 0.0, -0.5421526634043418, -0.4360948095476122], "24": [0.0, 0.0, -0.5779295572103259, -0.5266679052587547], "25": [0.0, 0.0, -0.4360948095476122, -0.6043265407374683], "26": [-0.5852071672507977, 0.0, 0.0, -0.5675881380152463], "27": [-0.4637317747928147, -0.46909445704488656, 0.0, 0.0], "28": [0.0, 0.0, -0.2970722335574572, -0.2299568541948447], "29": [0.0, 0.0, -0.3297694920515803, -0.2662149395180627], "30": [0.0, 0.0, -0.35559947209127235, -0.3031817131843766], "31": [0.0, 0.0, -0.33471481976513323, -0.3460207980144874], "32": [0.0, 0.0, -0.29655230500043056, -0.34018311290345465], "33": [0.0, -0.3318092154108976, 0.0, -0.34074830452924215], "34": [-0.28226946740172487, -0.33102824143031945, 0.0, 0.0], "35": [-0.37404267408194514, 0.0, 0.0, -0.35771182014678304], "36": [0.0, 0.0, -0.310550914130922, -0.27501966404214634], "37": [0.0, -0.3036525215192479, -0.310741041116845, 0.0], "38": [-0.26029962661171957, -0.2982126929052105, 0.0, 0.0], "39": [-0.3025463665491222, -0.17929829028159439, -0.14269768821909642, 0.0], "40": [-0.17769426652152373, -0.19701911962003127, 0.0, 0.0], "41": [0.0, 0.0, -0.1654862385499124, -0.1312541872310217], "42": [0.0, -0.10002642705902509, 0.0, -0.17319494099936134], "43": [-0.09561792499119551, -0.10466174574128355, 0.0, 0.0], "44": [-0.10865913182809764, 0.0, -0.09837453848201066, 0.0], "45": [0.0, 0.0, -0.0864827525163591, -0.09561792499119551], "46": [-0.0596613461617, 0.0, 0.0, -0.0906511989440015], "47": [-0.058519850599, -0.058519850599, 0.0, 0.0], "48": [0.0, -0.060005431652482004, -0.09007236119718685, 0.0], "49": [0.0, 0.0, -0.09561792499119551, -0.0864827525163591], "50": [0.0, -0.07899422172949117, 0.0, -0.09887533719344109], "51": [-0.07725530557207991, -0.0490099501, 0.0, 0.0], "52": [-0.05032090344422809, 0.0, -0.07005223874271123, 0.0], "53": [0.0, 0.0, -0.0797883295162156, -0.06793465209301], "54": [0.0, 0.0, -0.08832326000943826, -0.07933744268386418], "55": [0.0, 0.0, -0.07885309836511877, -0.08944963256504714], "56": [0.0, 0.0, -0.060261343074910094, -0.08102471286987911], "57": [0.0, 0.0, -0.0490099501, -0.06067919302820004], "58": [0.0, -0.040027351591, 0.0, -0.04945947893657043], "59": [-0.03940399, -0.04945449601, 0.0, 0.0], "60": [-0.04971743092, -0.0299692, -0.01, 0.0], "61": [0.0, 0.0, -0.01, -0.01], "62": [0.0, -0.01, 0.0, -0.01], "63": [-0.01, -0.01, 0.0, 0.0], "64": [-0.01, 0.0, -0.01, 0.0], "65": [0.0, 0.0, -0.0199, -0.01], "66": [0.0, 0.0, -0.01, -0.0199], "67": [0.0, 0.0, -0.01, -0.01009], "68": [0.0, 0.0, 0.0, -0.01], "69": [-0.030326663044000002, -0.03940399, 0.0, 0.0], "70": [-0.039853438735348, 0.0, 0.0, 0.0], "71": [0.0, -0.5806246690907227, 0.0, 0.0], "72": [-0.18790732361184415, -0.20531383218478952, 0.0, 0.0], "73": [-0.19900900922987866, -0.19559168414576586, 0.0, 0.0], "74": [-0.19073326714627045, -0.22869677911545636, 0.0, 0.0], "75": [-0.2201933622748802, -0.23765728565289626, 0.0, 0.0], "76": [-0.253804209614681, 0.0, -0.2481523906162849, 0.0], "77": [0.0, 0.0, -0.17383137616441327, -0.22217864060085324], "78": [-0.16727330269179105, 0.0, 0.0, -0.1826558175172012], "79": [-0.1312541872310217, -0.14854222890512436, 0.0, 0.0], "80": [0.0, -0.1293946794957636, -0.13002444415340186, 0.0], "81": [0.0, 0.0, -0.1403026983718539, -0.11361512828387071], "82": [0.0, -0.08982238127087822, -0.1852098031811419, -0.1282761825769278], "83": [0.0, 0.0, -0.13994164535871148, -0.1762838413455877], "84": [0.0, -0.1392062265018896, 0.0, -0.1408258955644326], "85": [-0.12247897700103201, -0.1312541872310217, 0.0, 0.0], "86": [-0.12859607065629708, 0.0, -0.12644814594300155, 0.0], "87": [0.0, 0.0, -0.10736529914235907, -0.11361512828387071], "88": [-0.0864827525163591, -0.0864827525163591, 0.0, 0.0], "89": [-0.0893215656975383, 0.0, 0.0, 0.0], "90": [0.0, 0.0, -0.06984732277790208, -0.10181560722878254], "91": [0.0, 0.0, -0.10466174574128355, -0.06114260522365987], "92": [-0.08059244283203816, 0.0, 0.0, -0.09899237200377185], "93": [-0.11361512828387071, -0.07725530557207991, 0.0, 0.0], "94": [0.0, -0.1174480562681451, 0.0, -0.1579017703398722], "95": [0.0, 0.0, -0.14854222890512436, -0.19027213177874144], "96": [0.0, 0.0, -0.2062334281606841, 0.0]}