{"0": [0.0, -1.46109221278144, 0.0, -1.399535863837352], "1": [-0.1312541872310217, -0.12410618154253764, 0.0, 0.0], "2": [0.0, 0.0, -0.10466174574128355, -0.07786671744091699], "3": [0.0, 0.0, -0.07117368380219538, -0.04121994439163304], "4": [0.0, 0.0, -0.03097572067689732, -0.07725530557207991], "5": [0.0, 0.0, -0.06793465209301, -0.0616019156342847], "6": [-0.12170541517232815, -0.14690992384691032, 0.0, 0.0], "7": [-0.1437472019010775, -0.0864827525163591, 0.0, 0.0], "8": [-0.09008054763063467, 0.0, 0.0, -0.2051499596078205], "9": [0.0, 0.0, -0.18209306240276912, -0.33728833543322684], "10": [0.0, -0.24531451003934124, -0.325651761439474, -0.281607957701112], "11": [0.0, 0.0, -0.29036867053704135, -0.26769663034560237], "12": [-0.23765728565289626, -0.058519850599, 0.0, 0.0], "13": [-0.37758891053432, -0.24006180517766876, -0.3075839546309085, 0.0], "14": [-0.3573883979152816, -0.3484122766790538, 0.0, 0.0], "15": [-0.26798831597544825, -0.19027213177874144, 0.0, 0.0], "16": [0.0, -0.4133723344018125, -0.26059101621197867, 0.0], "17": [0.0, 0.0, -0.2299568541948447, -0.23765728565289626], "18": [0.0, 0.0, 0.0, -0.2586325753880976], "19": [-0.06369866799351136, 0.0, -0.0693320590781381, 0.0], "20": [0.0, 0.0, -0.03940399, -0.06793465209301], "21": [0.0, -0.01, 0.0, -0.0401097154609], "22": [-0.01, 0.0, 0.0, 0.0], "23": [-0.21482496097569392, 0.0, 0.0, 0.0], "24": [0.0, 0.0, -0.052006476618225356, -0.0864827525163591], "25": [0.0, -0.0199, -0.07763350584135593, 0.0], "26": [-0.01, -0.0199, 0.0, 0.0], "27": [-0.01009, 0.0, 0.0, -0.06060490694877556], "28": [0.0, 0.0, -0.0490099501, -0.08024403459057952], "29": [0.0, 0.0, -0.06889715351274708, -0.26476220304943016], "30": [0.0, 0.0, -0.2499311081361349, -0.19027213177874144], "31": [-0.17740510448699592, 0.0, -0.2053806681602599, 0.0], "32": [-0.07725530557207991, -0.1654862385499124, 0.0, 0.0], "33": [0.0, -0.0748773923814834, -0.06793465209301, -0.10893112177557365], "34": [0.0, 0.0, -0.0972721079351607, -0.1344244543985762], "35": [0.0, 0.0, -0.1291987860780381, -0.1175934030696987], "36": [0.0, 0.0, 0.0, -0.07235641738356166], "37": [0.0, 0.0, -0.11389536286263804, -0.06793465209301], "38": [0.0, -0.059746935266191, -0.06028792664192041, 0.0], "39": [-0.0490099501, -0.10466174574128355, 0.0, 0.0], "40": [-0.09869999002648022, 0.0, -0.04936458601, -0.068812420299301], "41": [0.0, 0.0, -0.060186797732423816, -0.03940399], "42": [0.0, 0.0, -0.0490099501, -0.04998404839699], "43": [0.0, -0.04980212920180001, 0.0, -0.05042943244355744], "44": [-0.058698950599, 0.0, -0.030419990179591815, 0.0], "45": [-0.0490099501, -0.0490099501, 0.0, 0.0], "46": [-0.049975927306291, 0.0, 0.0, -0.01], "47": [0.0, 0.0, -0.01, 0.0], "48": [-0.07725530557207991, -0.0490099501, 0.0, 0.0], "49": [0.0, -0.07076756767221104, 0.0, -0.06839393179828632], "50": [0.0, 0.0, -0.058519850599, -0.061580019853439395], "51": [0.0, -0.10623119547180265, -0.05117172778792404, -0.13668238942388053], "52": [0.0, 0.0, -0.13437855145793237, -0.07983343881778891], "53": [-0.09561792499119551, -0.06793465209301, 0.0, 0.0], "54": [0.0, 0.0, -0.08078792195310827, -0.12454241151971063], "55": [0.0, 0.0, -0.12772465974285355, -0.029701], "56": [0.0, 0.0, -0.030790985840754962, 0.0], "57": [-0.06210278179505625, -0.04045208052422809, 0.0, 0.0], "58": [-0.03136106324988547, -0.07725530557207991, 0.0, 0.0], "59": [-0.06876745654586022, 0.0, 0.0, -0.030055635910000003], "60": [0.0, 0.0, -0.0199, -0.0490099501], "61": [0.0, -0.0960590145420955, -0.03975862591, 0.0], "62": [-0.0864827525163591, -0.0199, 0.0, 0.0], "63": [-0.010354635910000002, -0.01, 0.0, 0.0], "64": [0.0, -0.01, 0.0, 0.0], "65": [0.0, -0.020079100000000003, 0.0, 0.0], "66": [-0.01, -0.029701, 0.0, 0.0], "67": [-0.0199, 0.0, -0.01, -0.03940399], "68": [0.0, 0.0, -0.0298801, -0.049713937755391], "69": [0.0, 0.0, 0.0, -0.01009], "70": [0.0, 0.0, -0.040463645645439104, -0.06793465209301], "71": [0.0, 0.0, -0.05995305223980764, -0.01], "72": [0.0, 0.0, 0.0, -0.039938340690999996], "73": [0.0, 0.0, -0.029701, -0.0499785383809], "74": [-0.059397618805291, -0.07021783993094237, -0.03993593491, -0.03940399], "75": [-0.0490099501, -0.05986416758041812, 0.0, 0.0], "76": [-0.06036568792375038, -0.059918978011582, 0.0, 0.0], "77": [-0.049371767148401725, -0.058519850599, 0.0, 0.0], "78": [-0.0498038845609, -0.029701, 0.0, 0.0], "79": [0.0, 0.0, -0.039851013781, 0.0], "80": [0.0, -0.05034006700920321, -0.0949537002697267, 0.0], "81": [0.0, 0.0, -0.18845427968626108, -0.0864827525163591], "82": [0.0, 0.0, -0.0813290861115666, -0.18700412752414008], "83": [0.0, 0.0, -0.09561792499119551, -0.08371387517513106], "84": [-0.10011313398373466, 0.0, 0.0, -0.09755718599709069], "85": [-0.12334257277605147, -0.09561792499119551, 0.0, 0.0], "86": [-0.2123052374923129, -0.11849557603351198, 0.0, 0.0], "87": [-0.06793465209301, -0.2176122349055773, 0.0, 0.0], "88": [0.0, -0.07506894536547147, 0.0, 0.0], "89": [-0.02079198757248572, 0.0, 0.0, -0.0879666131423872], "90": [0.0, 0.0, -0.07725530557207991, -0.06793465209301], "91": [0.0, 0.0, -0.06119004468542148, -0.01], "92": [0.0, 0.0, 0.0, -0.01], "93": [-0.0506589715878229, 0.0, 0.0, -0.0199], "94": [0.0, 0.0, -0.0199, 0.0], "95": [-0.07725530557207991, -0.03940399, 0.0, 0.0], "96": [0.0, -0.06872337296184708, 0.0, -0.16461725046768286], "97": [0.0, 0.0, -0.13994164535871148, -0.2752176773572446], "98": [0.0, 0.0, -0.24613310436380983, -0.3367979036794415], "99": [0.0, 0.0, -0.33071126067319734, -0.25977793420783224], "100": [0.0, 0.0, -0.2785689587868167, -0.18101566768948557], "101": [0.0, 0.0, -0.1819011283952503, -0.19836941046095402], "102": [-0.3261282886924153, -0.2751084970790901, -0.20443396935106414, 0.0], "103": [-0.27769157830356944, -0.33102824143031945, 0.0, 0.0], "104": [-0.37797604910179844, 0.0, -0.35945319955842003, 0.0], "105": [0.0, 0.0, -0.4637317747928147, -0.28226946740172487], "106": [0.0, -0.7268192517820607, 0.0, -0.522559163421111], "107": [-0.5744098766113452, -0.4473165228376147, 0.0, 0.0], "108": [-0.5757723709142063, 0.0, 0.0, -0.4836393707101441], "109": [0.0, 0.0, -0.3888827604671347, -0.35089737163159757], "110": [0.0, -0.4990051016704215, -0.3923853503229121, 0.0], "111": [-0.4303987975228406, -0.3701763687967675, 0.0, 0.0], "112": [-0.4634664391828283, 0.0, -0.4235226593144314, 0.0], "113": [0.0, 0.0, -0.13994164535871148, -0.39499393286246337], "114": [-0.1654862385499124, -0.3320690909264843, 0.0, 0.0], "115": [0.0, -0.1835962941751368, 0.0, -0.277732923130429], "116": [0.0, 0.0, -0.26029962661171957, -0.18207176358095983], "117": [0.0, 0.0, -0.19926587486420547, -0.09709921785763524], "118": [0.0, 0.0, -0.1030466954686605, -0.03940399], "119": [0.0, 0.0, -0.04113485609306256, 0.0], "120": [0.0, -0.11455708399554228, 0.0, -0.16012159330128709], "121": [-0.10466174574128355, -0.0199, 0.0, 0.0], "122": [-0.01, 0.0, 0.0, -0.03940399], "123": [0.0, 0.0, -0.029701, -0.06898795620930101], "124": [0.0, -0.0199, -0.06008413887337681, -0.03940399], "125": [0.0, 0.0, -0.04048544988329316, 0.0], "126": [-0.01, -0.030320156920761378, 0.0, 0.0], "127": [-0.0200791, -0.12832517042235117, 0.0, 0.0], "128": [-0.11508747602710609, -0.11361512828387071, 0.0, 0.0], "129": [-0.10991088080328161, 0.0, -0.14889863790512436, 0.0], "130": [0.0, 0.0, -0.03940399, -0.13994164535871148], "131": [-0.01, 0.0, 0.0, -0.033132137301536004], "132": [-0.0490099501, 0.0, 0.0, 0.0], "133": [0.0, -0.03940399, -0.10817610357342533, 0.0], "134": [0.0, 0.0, -0.12387281325471898, -0.09561792499119551], "135": [0.0, -0.17450048804945156, -0.22972742917877487, -0.11052413909984589], "136": [-0.1654862385499124, -0.14854222890512436, 0.0, 0.0], "137": [0.0, 0.0, -0.40465845423263674, -0.2001205321783094], "138": [0.0, 0.0, -0.4641536068851119, -0.35925573352334705], "139": [0.0, 0.0, -0.4811752745926942, -0.4344624169564166], "140": [0.0, 0.0, -0.6688219236389973, -0.4349920188196093], "141": [0.0, 0.0, -0.823503045254742, -0.5620174311446317],