{"0": [-0.5728402451342945, 0.0, -0.5223077503847637, 0.0], "1": [-0.42690110446060825, -0.40703355359850035, 0.0, 0.0], "2": [-0.5017002903910408, -0.38088020988744636, 0.0, 0.0], "3": [-0.30358678195042627, -0.4877173039772358, 0.0, 0.0], "4": [0.0, -0.3556853057595383, -0.26595215900600244, 0.0], "5": [0.0, 0.0, -0.17383137616441327, -0.23765728565289626], "6": [-0.1535017973851891, 0.0, 0.0, -0.18113179506054014], "7": [-0.18175446127509642, -0.12247897700103201, 0.0, 0.0], "8": [-0.11545497131355723, -0.1634172694877231, 0.0, 0.0], "9": [-0.068910354823501, -0.1028210281639306, 0.0, 0.0], "10": [0.0, 0.0, -0.35089737163159757, -0.39499393286246337], "11": [-0.3591597594018038, 0.0, 0.0, -0.4220968419890415], "12": [-0.25282790566840363, -0.31744540498961277, 0.0, 0.0], "13": [0.0, -0.28911964903520654, 0.0, 0.0], "14": [-0.04989208474, -0.04212581999184656, 0.0, 0.0], "15": [-0.0490099501, -0.03996939072867649, 0.0, 0.0], "16": [0.0, -0.03994021649856769, -0.04989208474, 0.0], "17": [0.0, 0.0, -0.0490099501, -0.03940399], "18": [0.0, -0.059850199850059994, 0.0, -0.039936817], "19": [-0.0490099501, -0.059850199850059994, 0.0, 0.0], "20": [-0.04989208474, -0.059850199850059994, 0.0, 0.0], "21": [-0.049900063726000005, -0.059850199850059994, 0.0, 0.0], "22": [-0.0499000998844, -0.059850199850059994, 0.0, 0.0], "23": [-0.049900099950010005, -0.0598501998494695, 0.0, 0.0], "24": [-0.049900099950010005, -0.05985019945909, 0.0, 0.0], "25": [-0.049900099950010005, -0.05985009185140001, 0.0, 0.0], "26": [-0.049900099950010005, -0.059834253443500005, 0.0, 0.0], "27": [-0.049900099950010005, -0.058519850599, 0.0, 0.0], "28": [-0.049900099950010005, 0.0, -0.08922982578719901, 0.0], "29": [0.0, 0.0, -0.08005213558790644, -0.07725530557207991], "30": [-0.01, 0.0, -0.0499000998844, -0.07010152241824037], "31": [0.0, 0.0, -0.049900063726000005, -0.0492789601], "32": [0.0, 0.0, -0.04989208474, -0.04989289474], "33": [0.0, 0.0, -0.0490099501, -0.049900063726000005], "34": [-0.01, 0.0, 0.0, -0.0499000998844], "35": [-0.01, -0.01, 0.0, 0.0], "36": [0.0, -0.01, 0.0, 0.0], "37": [-0.01, 0.0, 0.0, 0.0], "38": [-0.01, 0.0, 0.0, 0.0], "39": [-0.01, 0.0, 0.0, 0.0], "40": [-0.01, 0.0, 0.0, 0.0], "41": [-0.01, 0.0, 0.0, 0.0], "42": [-0.01, 0.0, 0.0, 0.0], "43": [-0.01, 0.0, 0.0, 0.0], "44": [-0.01, 0.0, 0.0, 0.0], "45": [-0.01, 0.0, 0.0, 0.0], "46": [-0.01, 0.0, 0.0, 0.0], "47": [-0.01, 0.0, 0.0, 0.0], "48": [-0.01, 0.0, 0.0, 0.0], "49": [-0.01, 0.0, 0.0, 0.0], "50": [-0.01, 0.0, 0.0, 0.0], "51": [-0.01, 0.0, 0.0, 0.0], "52": [0.0, 0.0, -0.01999, 0.0], "53": [0.0, 0.0, -0.01999, -0.01], "54": [0.0, 0.0, -0.01999, -0.01], "55": [0.0, 0.0, -0.01999, -0.01], "56": [0.0, 0.0, -0.01999, -0.01], "57": [0.0, 0.0, -0.0199, -0.01], "58": [0.0, -0.039941655943239195, 0.0, -0.01], "59": [-0.029701, -0.0402075251162209, 0.0, 0.0], "60": [-0.0299692, -0.0499000998844, -0.01, 0.0], "61": [0.0, 0.0, -0.01, -0.01], "62": [0.0, 0.0, 0.0, -0.01], "63": [-0.039671299, -0.049900063726000005, 0.0, 0.0], "64": [-0.0399392308, -0.04989208474, 0.0, 0.0], "65": [-0.03994003999, -0.0490099501, 0.0, 0.0], "66": [-0.03994003999, 0.0, 0.0, -0.09945750520974381], "67": [0.0, 0.0, -0.0864827525163591, -0.09561792499119551], "68": [-0.07972055570117499, 0.0, -0.08957490953242078, 0.0], "69": [-0.07972006152781884, -0.06793465209301, 0.0, 0.0], "70": [-0.07967637553764854, -0.06976258956445601, 0.0, 0.0], "71": [-0.07725530557207991, -0.06979009921387751, 0.0, 0.0], "72": [0.0, -0.06979034829116171, 0.0, -0.039936817], "73": [0.0, 0.0, -0.029701, -0.03940399], "74": [0.0, -0.029970010000000002, -0.0299692, 0.0], "75": [-0.0199, -0.029970010000000002, 0.0, 0.0], "76": [-0.01999, -0.0299692, 0.0, 0.0], "77": [-0.01999, -0.029701, 0.0, 0.0], "78": [-0.01999, 0.0, 0.0, 0.0]}