{"0": [-0.3893954840774023, 0.0, 0.0, 0.0], "1": [-0.3774384837454842, -0.28226946740172487, 0.0, 0.0], "2": [-0.2756488393611408, -0.35362460573889093, 0.0, 0.0], "3": [-0.35112284988909237, -0.25364515451757935, 0.0, 0.0], "4": [-0.5035701796114952, -0.29549207123874277, 0.0, 0.0], "5": [-0.46555449241188923, -0.46079978870416355, 0.0, 0.0], "6": [-0.4281613777857162, -0.47495932168330984, 0.0, 0.0], "7": [-0.3659922167338334, -0.452124575673337, 0.0, 0.0], "8": [-0.35934555112235483, -0.3733141796074616, 0.0, 0.0], "9": [-0.21528171295647308, -0.3737679682055256, 0.0, 0.0], "10": [-0.2652596691333254, -0.2078097843099834, 0.0, 0.0], "11": [-0.182439866101478, -0.2525443760022574, 0.0, 0.0], "12": [-0.18265921445033084, -0.17024265934514668, 0.0, 0.0], "13": [-0.08910615294411253, -0.16771129963725975, 0.0, 0.0], "14": [-0.059695045097753786, -0.07247970284445188, 0.0, 0.0], "15": [-0.03999699024925, -0.040501980867690496, 0.0, 0.0], "16": [-0.03999305985, -0.020000490024999998, 0.0, 0.0], "17": [-0.058519850599, -0.0199995, 0.0, 0.0], "18": [0.0, -0.03989751004975, -0.0896212181999961, 0.0], "19": [0.0, 0.0, -0.07725530557207991, -0.06793465209301], "20": [0.0, -0.0700947000463014, 0.0, -0.0601603409577755], "21": [-0.0490099501, -0.07017962620686019, 0.0, 0.0], "22": [-0.049984233504495, -0.05999151033139303, 0.0, 0.0], "23": [-0.039799009975, -0.06969396763679245, 0.0, 0.0], "24": [-0.04999205017250625, -0.07998329248613757, 0.0, 0.0], "25": [-0.06018842305595226, -0.09989349340077883, 0.0, 0.0], "26": [-0.0798913563703506, -0.13004293147148724, 0.0, 0.0], "27": [-0.11946247283792995, -0.11764396609991026, 0.0, 0.0], "28": [-0.10979050011653098, -0.0596989165929568, 0.0, 0.0], "29": [-0.05077615582505486, -0.0602838331513283, 0.0, 0.0], "30": [-0.050306904140453114, -0.049985198952, 0.0, 0.0], "31": [-0.04960101448146137, -0.0490099501, 0.0, 0.0], "32": [-0.04999109964557083, 0.0, -0.0495980447505, 0.0], "33": [0.0, 0.0, -0.058519850599, -0.0490099501], "34": [-0.05064189538138439, 0.0, 0.0, -0.06025496446774055], "35": [-0.07725530557207991, -0.0490099501, 0.0, 0.0], "36": [0.0, -0.07869796560084755, -0.11075751043688355, 0.0], "37": [0.0, 0.0, -0.10317094177116397, -0.10466174574128355], "38": [0.0, 0.0, -0.21444182171594223, -0.09921453802933945], "39": [0.0, 0.0, -0.1654862385499124, -0.2093225265327908], "40": [0.0, -0.17599870987086372, 0.0, -0.18337760685114723], "41": [-0.1654862385499124, -0.10466174574128355, 0.0, 0.0], "42": [-0.11124458748860767, 0.0, -0.0909319739694425, -0.13237254333126183], "43": [0.0, 0.0, -0.127970605509468, -0.14854222890512436], "44": [0.0, -0.1783840532018941, -0.15636569259359, 0.0], "45": [-0.1654862385499124, -0.11361512828387071, 0.0, 0.0], "46": [-0.11921345083957345, 0.0, 0.0, -0.06940826183869214], "47": [0.0, 0.0, -0.06793465209301, -0.040292446441764995], "48": [0.0, 0.0, -0.040281728653995, -0.03999305985], "49": [0.0, 0.0, -0.039701490025, -0.03940399], "50": [0.0, -0.029701, -0.039994049875, 0.0], "51": [-0.029701, -0.0199995, 0.0, 0.0], "52": [0.0, 0.0, -0.15705680661607313, -0.0922870332427953], "53": [0.0, 0.0, 0.0, -0.16533632247927438], "54": [-0.02029402995, -0.0199995, 0.0, 0.0], "55": [-0.02000147014975, -0.0199, 0.0, 0.0], "56": [-0.0199995, 0.0, -0.029998500025, 0.0], "57": [0.0, 0.0, -0.029997509999999998, -0.029701], "58": [0.0, 0.0, -0.0298005, -0.029997509999999998], "59": [0.0, 0.0, -0.0199, -0.029998500025], "60": [0.0, 0.0, -0.01, -0.020197500025], "61": [0.0, 0.0, -0.01, -0.010100490025], "62": [0.0, 0.0, -0.01, -0.01], "63": [0.0, 0.0, -0.01, -0.01], "64": [-0.01, 0.0, 0.0, -0.01], "65": [-0.01, -0.01, 0.0, 0.0], "66": [-0.01, -0.01, 0.0, 0.0], "67": [-0.01, -0.01, 0.0, 0.0], "68": [0.0, -0.01, -0.020098005000000002, -0.0199995], "69": [0.0, 0.0, -0.029701, -0.0199995], "70": [-0.029997509999999998, -0.029998500025, 0.0, -0.0298005], "71": [-0.029998500025, -0.029998500025, 0.0, 0.0], "72": [-0.029998500025, -0.029997509999999998, 0.0, 0.0], "73": [-0.029998500025, -0.029701, 0.0, 0.0], "74": [-0.029998500025, 0.0, -0.029998500025, 0.0], "75": [0.0, 0.0, -0.0499910601970075, -0.029701], "76": [0.0, 0.0, -0.049500524800500004, -0.049694589501], "77": [0.0, 0.0, -0.029701, -0.0499939809687625], "78": [-0.030095029949999998, 0.0, 0.0, -0.030394470277476306], "79": [-0.03940399, -0.029701, 0.0, 0.0], "80": [0.0, -0.03979801995, 0.0, -0.029997509999999998], "81": [0.0, 0.0, -0.029701, -0.029701], "82": [-0.029997509999999998, 0.0, -0.029997509999999998, 0.0], "83": [-0.029701, -0.029701, 0.0, 0.0], "84": [0.0, -0.029997509999999998, -0.029998500025, 0.0], "85": [0.0, 0.0, -0.0199995, -0.029701], "86": [0.0, 0.0, -0.0199, -0.0199995], "87": [0.0, 0.0, -0.01, -0.0199995], "88": [-0.029701, -0.03029401009999875, 0.0, 0.0], "89": [0.0, -0.03000145024999875, -0.0298005, 0.0], "90": [0.0, 0.0, -0.0199, -0.029701], "91": [-0.0199995, 0.0, 0.0, -0.02019651], "92": [-0.0199, -0.0199, 0.0, 0.0], "93": [0.0, -0.0199995, 0.0, -0.0199995], "94": [0.0, 0.0, -0.0199, -0.0199995], "95": [0.0, 0.0, -0.0199995, -0.0199995], "96": [0.0, 0.0, -0.0199995, -0.0199], "97": [-0.0199995, 0.0, -0.0199995, 0.0], "98": [-0.0199995, -0.0199, 0.0, 0.0], "99": [-0.01, -0.0199995, 0.0, 0.0], "100": [0.0, -0.01, 0.0, 0.0], "101": [0.0, 0.0, -0.020198480149750002, -0.0199], "102": [0.0, -0.01, -0.020000490024999998, 0.0], "103": [-0.01, -0.01, 0.0, 0.0], "104": [-0.01, 0.0, 0.0, -0.01], "105": [0.0, 0.0, -0.01, -0.01], "106": [0.0, 0.0, -0.01, -0.01], "107": [0.0, 0.0, -0.01, -0.01], "108": [0.0, 0.0, -0.01, 0.0], "109": [0.0, 0.0, -0.01, -0.010099499999999999], "110": [0.0, 0.0, -0.01, -0.01], "111": [0.0, -0.01, 0.0, -0.01], "112": [-0.01, -0.01, 0.0, 0.0], "113": [-0.01, 0.0, 0.0, 0.0]}