{"0": [-1.026730899999989, 0.0, 0.0, 0.0], "1": [-0.029701, -0.9999999999999944, 0.0, 0.0], "2": [0.0, -0.01999, -0.0299692, 0.0], "3": [0.0, 0.0, -0.029701, -0.0199], "4": [0.0, -0.0299692, 0.0, -0.01999], "5": [-0.0199, -0.029701, 0.0, 0.0], "6": [-0.01999, 0.0, -0.0299692, 0.0], "7": [0.0, 0.0, -0.029701, -0.0199], "8": [-0.0299692, 0.0, 0.0, -0.01999], "9": [-0.029701, -0.0199, 0.0, 0.0], "10": [0.0, -0.01999, -0.039936817, 0.0], "11": [0.0, 0.0, -0.03940399, -0.029701], "12": [0.0, -0.039936817, 0.0, -0.0299692], "13": [-0.029701, -0.03940399, 0.0, 0.0], "14": [-0.0299692, 0.0, -0.039936817, 0.0], "15": [0.0, 0.0, -0.03940399, -0.029701], "16": [-0.03994003999, 0.0, 0.0, -0.0299692], "17": [-0.0399400327, -0.029701, 0.0, 0.0], "18": [-0.039936817, -0.0299692, 0.0, 0.0], "19": [-0.03940399, -0.029970010000000002, 0.0, 0.0], "20": [0.0, -0.029970010000000002, -0.039936817, 0.0], "21": [0.0, 0.0, -0.03940399, -0.029701], "22": [-0.01, -0.01, 0.0, -0.0299692], "23": [-0.01, -0.01, 0.0, 0.0], "24": [-0.01, -0.01, 0.0, 0.0], "25": [-0.01, -0.01, 0.0, 0.0], "26": [-0.01, 0.0, -0.01, 0.0], "27": [0.0, 0.0, -0.01, -0.01], "28": [-0.01, 0.0, 0.0, -0.01], "29": [-0.01, -0.01, 0.0, 0.0], "30": [-0.01, -0.01, 0.0, 0.0], "31": [-0.01, -0.01, 0.0, 0.0], "32": [0.0, -0.01, 0.0, 0.0], "33": [-0.01, 0.0, 0.0, 0.0], "34": [-0.01, 0.0, 0.0, 0.0], "35": [-0.01, 0.0, 0.0, 0.0], "36": [-0.01, 0.0, 0.0, 0.0], "37": [-0.01, 0.0, 0.0, 0.0], "38": [0.0, 0.0, 0.0, -0.01], "39": [0.0, 0.0, 0.0, -0.01], "40": [-0.01, 0.0, 0.0, 0.0], "41": [-0.01, 0.0, 0.0, 0.0], "42": [-0.01999, 0.0, 0.0, -0.01], "43": [-0.01999, -0.01, 0.0, 0.0], "44": [-0.01999, -0.01, 0.0, 0.0], "45": [-0.01999, -0.01, 0.0, 0.0], "46": [-0.01999, -0.01, 0.0, 0.0], "47": [-0.01999, -0.01, 0.0, 0.0], "48": [-0.01999, -0.01, 0.0, 0.0], "49": [-0.0199, -0.01, 0.0, 0.0], "50": [0.0, -0.01, -0.01999, 0.0], "51": [0.0, 0.0, -0.0199, -0.01], "52": [0.0, -0.01999, 0.0, -0.01], "53": [-0.01, -0.01999, 0.0, 0.0], "54": [-0.01, -0.01999, 0.0, 0.0], "55": [-0.01, -0.01999, 0.0, 0.0], "56": [-0.01, -0.01999, 0.0, 0.0], "57": [-0.01, -0.01999, 0.0, 0.0], "58": [-0.01, -0.01999, 0.0, 0.0], "59": [-0.01, -0.0199, 0.0, 0.0], "60": [-0.01, 0.0, -0.01999, 0.0], "61": [0.0, 0.0, -0.0199, -0.01], "62": [0.0, -0.01, -0.01, -0.01], "63": [0.0, 0.0, -0.01, -0.01], "64": [0.0, -0.01, -0.01, 0.0], "65": [-0.01, -0.01, 0.0, 0.0], "66": [-0.01, 0.0, 0.0, -0.01], "67": [0.0, 0.0, -0.01, -0.01], "68": [-0.01, 0.0, -0.01, 0.0], "69": [-0.01, -0.01, 0.0, 0.0], "70": [0.0, -0.01, 0.0, 0.0], "71": [-0.01, -0.01, 0.0, 0.0], "72": [-0.01, -0.01, 0.0, 0.0], "73": [-0.01, -0.01, 0.0, 0.0], "74": [-0.01, -0.01, 0.0, 0.0], "75": [-0.01, -0.01, 0.0, 0.0], "76": [-0.01, 0.0, -0.01, 0.0], "77": [0.0, 0.0, -0.01, -0.01], "78": [0.0, 0.0, -0.01, -0.01], "79": [0.0, 0.0, -0.01, -0.01], "80": [-0.01, 0.0, 0.0, -0.01], "81": [-0.01, -0.01, 0.0, 0.0], "82": [0.0, -0.01, 0.0, 0.0], "83": [0.0, 0.0, -0.01, 0.0], "84": [-0.01, 0.0, 0.0, 0.0], "85": [-0.01, 0.0, 0.0, 0.0], "86": [0.0, 0.0, 0.0, -0.01], "87": [0.0, 0.0, 0.0, -0.01], "88": [-0.01, 0.0, 0.0, 0.0], "89": [-0.01, 0.0, 0.0, 0.0], "90": [0.0, 0.0, -0.01, 0.0], "91": [0.0, 0.0, -0.01, 0.0], "92": [-0.01, 0.0, 0.0, 0.0], "93": [-0.01, 0.0, 0.0, 0.0], "94": [0.0, 0.0, 0.0, -0.01], "95": [0.0, 0.0, 0.0, -0.01], "96": [-0.01, 0.0, 0.0, 0.0], "97": [-0.01, 0.0, 0.0, 0.0], "98": [0.0, 0.0, -0.01, 0.0], "99": [0.0, 0.0, -0.01, 0.0], "100": [0.0, 0.0, -0.01, 0.0], "101": [0.0, 0.0, -0.01, 0.0], "102": [0.0, -0.01, 0.0, 0.0], "103": [0.0, -0.01, 0.0, 0.0], "104": [0.0, -0.01, 0.0, 0.0], "105": [0.0, -0.01, 0.0, 0.0], "106": [0.0, -0.01, 0.0, 0.0], "107": [0.0, -0.01, 0.0, 0.0], "108": [0.0, 0.0, -0.01, 0.0], "109": [0.0, 0.0, -0.01, 0.0], "110": [0.0, 0.0, -0.01, 0.0], "111": [0.0, 0.0, -0.01, 0.0], "112": [0.0, 0.0, -0.01, 0.0], "113": [0.0, 0.0, -0.01, 0.0], "114": [0.0, -0.01, 0.0, 0.0], "115": [0.0, -0.01, 0.0, 0.0], "116": [0.0, -0.01, -0.01999, 0.0], "117": [0.0, 0.0, -0.0199, -0.01], "118": [-0.01999, 0.0, 0.0, -0.01], "119": [-0.01999, -0.01, 0.0, 0.0], "120": [-0.01999, -0.01, 0.0, 0.0], "121": [-0.0199, -0.01, 0.0, 0.0], "122": [0.0, -0.01, 0.0, -0.01999], "123": [0.0, 0.0, -0.01, -0.01999], "124": [0.0, 0.0, -0.01, -0.01999], "125": [0.0, 0.0, -0.01, -0.01999], "126": [0.0, 0.0, -0.01, -0.01999], "127": [0.0, 0.0, -0.01, -0.0199], "128": [-0.01999, 0.0, -0.01, 0.0], "129": [-0.01999, -0.01, 0.0, 0.0], "130": [-0.01999, -0.01, 0.0, 0.0], "131": [-0.0199, -0.01, 0.0, 0.0], "132": [0.0, -0.01, -0.01999, 0.0], "133": [0.0, 0.0, -0.0199, -0.01], "134": [-0.01999, 0.0, 0.0, -0.01], "135": [-0.01999, -0.01, 0.0, 0.0], "136": [-0.01999, -0.01, 0.0, 0.0], "137": [-0.0199, -0.01, 0.0, 0.0], "138": [0.0, -0.01, 0.0, -0.01999], "139": [0.0, 0.0, -0.01, -0.0199], "140": [-0.01999, 0.0, -0.01, 0.0], "141": [-0.0199, -0.01, 0.0, 0.0], "142": [0.0, -0.01, -0.01999, 0.0], "143": [0.0, 0.0, -0.01999, -0.01], "144": [0.0, 0.0, -0.01999, -0.01], "145": [0.0, 0.0, -0.0199, -0.01], "146": [0.0, -0.01999, 0.0, -0.01], "147": [-0.01, -0.0199, 0.0, 0.0], "148": [-0.01, 0.0, -0.01999, 0.0], "149": [0.0, 0.0, -0.0199, -0.01], "150": [-0.01999, 0.0, 0.0, -0.01], "151": [-0.0199, -0.01, 0.0, 0.0], "152": [0.0, -0.01, -0.01999, 0.0], "153": [0.0, 0.0, -0.01999, -0.01], "154": [0.0, 0.0, -0.01999, -0.01], "155": [0.0, 0.0, -0.0199, -0.01], "156": [0.0, -0.01999, 0.0, -0.01], "157": [-0.01, -0.0199, 0.0, 0.0], "158": [-0.01, 0.0, 0.0, -0.01999], "159": [0.0, 0.0, -0.01, -0.0199], "160": [0.0, -0.01999, -0.01, 0.0], "161": [-0.01, -0.01999, 0.0, 0.0], "162": [-0.01, -0.01999, 0.0, 0.0], "163": [-0.01, -0.0199, 0.0, 0.0], "164": [-0.01, 0.0, -0.01999, 0.0], "165": [0.0, 0.0, -0.0199, -0.01], "166": [-0.01999, 0.0, 0.0, -0.01], "167": [-0.0199, -0.01, 0.0, 0.0], "168": [0.0, -0.01, -0.01999, 0.0], "169": [0.0, 0.0, -0.02007991, -0.01], "170": [-0.01, -0.01, -0.0299692, -0.01], "171": [0.0, 0.0, -0.029701, -0.029791], "172": [0.0, -0.029970010000000002, 0.0, -0.0299692], "173": [-0.029701, -0.029970010000000002, 0.0, 0.0], "174": [-0.0299692, -0.0299692, 0.0, 0.0], "175": [-0.029970010000000002, -0.029701, 0.0, 0.0], "176": [-0.029970010000000002, 0.0, -0.0299692, 0.0], "177": [0.0, 0.0, -0.029701, -0.029701], "178": [-0.029970010000000002, 0.0, 0.0, -0.0299692], "179": [-0.029970010000000002, -0.029701, 0.0, 0.0], "180": [-0.029970010000000002, -0.0299692, 0.0, 0.0], "181": [-0.029970010000000002, -0.029970010000000002, 0.0, 0.0], "182": [-0.0299692, -0.029970010000000002, 0.0, 0.0], "183": [-0.029701, -0.029970010000000002, 0.0, 0.0], "184": [0.0, -0.029970010000000002, 0.0, -0.0299692], "185": [0.0, 0.0, -0.029701, -0.029701], "186": [-0.0299692, 0.0, -0.0299692, 0.0], "187": [-0.029701, -0.029701, 0.0, 0.0], "188": [0.0, -0.0299692, 0.0, -0.0299692], "189": [0.0, 0.0, -0.029701, -0.029701], "190": [-0.0299692, 0.0, -0.0299692, 0.0], "191": [-0.029701, -0.029701, 0.0, 0.0], "192": [0.0, -0.0299692, 0.0, -0.029970010000000002], "193": [0.0, 0.0, -0.029701, -0.029970010000000002], "194": [0.0, 0.0, -0.0299692, -0.0299692], "195": [0.0, 0.0, -0.029970010000000002, -0.029701], "196": [0.0, 0.0, -0.029970010000000002, 0.0], "197": [-0.01, -0.01, 0.0, 0.0], "198": [-0.01, -0.01, 0.0, 0.0], "199": [-0.01, -0.01, 0.0, 0.0], "200": [-0.01, 0.0, -0.01, 0.0], "201": [0.0, 0.0, -0.01, -0.01], "202": [-0.01, 0.0, 0.0, -0.01], "203": [-0.01, -0.01, 0.0, 0.0], "204": [0.0, -0.01, -0.01, 0.0], "205": [0.0, 0.0, -0.01, -0.01], "206": [0.0, -0.01, 0.0, -0.01], "207": [-0.01, -0.01, 0.0, 0.0], "208": [-0.01, -0.01, 0.0, 0.0], "209": [-0.01, -0.01, 0.0, 0.0], "210": [-0.01, 0.0, 0.0, 0.0], "211": [-0.01, -0.01, 0.0, 0.0], "212": [0.0, -0.01, 0.0, 0.0], "213": [0.0, -0.01, 0.0, 0.0], "214": [0.0, -0.01, 0.0, 0.0], "215": [0.0, -0.01, 0.0, 0.0], "216": [0.0, 0.0, 0.0, -0.01], "217": [0.0, 0.0, 0.0, -0.01], "218": [0.0, -0.01999, 0.0, -0.01], "219": [-0.01, -0.0199, 0.0, 0.0], "220": [-0.01, 0.0, -0.01999, 0.0], "221": [0.0, 0.0, -0.0199, -0.01],