{"0": [0.0, 0.0, 0.0, -1.3006689956148398], "1": [0.0, 0.0, -0.26029962661171957, -0.4606076903293115], "2": [0.0, 0.0, -0.46331975178191487, -0.31208071746154975], "3": [0.0, 0.0, -0.32645212640126187, -0.25720822107479], "4": [0.0, -0.27928565411252, -0.24845894595926626, -0.21094718280959537], "5": [0.0, 0.0, -0.2247492979015291, -0.1560273066996363], "6": [-0.26029962661171957, -0.19836941046095402, 0.0, 0.0], "7": [-0.22583130120816278, 0.0, 0.0, -0.41588158366637196], "8": [0.0, 0.0, -0.15504217673196521, -0.18625533665144317], "9": [0.0, 0.0, -0.18939612700318698, -0.03940399], "10": [0.0, 0.0, -0.04164392275919598, 0.0], "11": [0.0, 0.0, -0.3443407794258561, -0.4847292429067566], "12": [0.0, 0.0, -0.4524966337458015, -0.587312428217939], "13": [0.0, 0.0, -0.5892659785743457, -0.46909445704488656], "14": [0.0, -0.4941674198550747, -0.6182631917134858, 0.0], "15": [-0.39499393286246337, -0.5911688056091399, 0.0, 0.0], "16": [-0.5346271328306631, -0.6567322215956531, 0.0, 0.0], "17": [-0.6720757077338224, -0.39499393286246337, 0.0, 0.0], "18": [-0.5106410746445245, 0.0, -0.5534948298724696, -0.40989793773604294], "19": [0.0, 0.0, -0.4050319956131813, -0.47212397760689245], "20": [0.0, 0.0, -0.4214865909128057, -0.4327251965308823], "21": [0.0, 0.0, -0.6033221935779748, -0.49531243129900776], "22": [0.0, 0.0, -0.44532405506648504, -0.3573883979152816], "23": [-0.7694881876092621, 0.0, -0.4558956041652106, 0.0], "24": [-0.6588339384859575, -0.5569520183738272, 0.0, 0.0], "25": [0.0, -0.8715918285504899, -1.017946582794004, 0.0], "26": [0.0, 0.0, -0.665623143110087, -0.7292457404880058], "27": [0.0, 0.0, 0.0, -0.977746734914593], "28": [0.0, -0.664746804641798, 0.0, -0.7690779661563353], "29": [-0.5001629701008008, -0.5870503288661116, 0.0, 0.0], "30": [-0.7514487682914847, 0.0, 0.0, -0.6560897562754563], "31": [0.0, 0.0, -0.5001629701008008, -0.5051613403997928], "32": [0.0, -0.4645796716404765, -0.6241926164338597, 0.0], "33": [-0.3827098590577118, -0.4556843748838877, 0.0, 0.0], "34": [-0.44134800622580306, -0.5959071917329521, 0.0, 0.0], "35": [-0.5476798569923714, -0.6832408376172547, 0.0, 0.0], "36": [-0.6938712085082921, -0.5393350496608711, 0.0, 0.0], "37": [-0.6338169771418748, -0.310550914130922, 0.0, 0.0], "38": [-0.38213254433735244, 0.0, -0.1782380884858324, 0.0], "39": [0.0, 0.0, -0.19027213177874144, -0.15705680661607313], "40": [-0.10519369065128356, 0.0, 0.0, -0.1965069674691266], "41": [-0.11361512828387071, -0.09561792499119551, 0.0, 0.0], "42": [0.0, -0.11321560217223357, -0.04070353072957007, 0.0], "43": [0.0, 0.0, -0.15860596823152795, -0.029701], "44": [0.0, 0.0, -0.06793465209301, -0.15132530326726906], "45": [0.0, 0.0, -0.02017130262319, -0.06506928974789059], "46": [0.0, 0.0, -0.13148334703790196, -0.010585623607731017], "47": [0.0, 0.0, -0.28226946740172487, -0.11443905476389958], "48": [-0.2959578529980241, -0.3012131542512072, 0.0, -0.2959874208534338], "49": [-0.29655230500043056, -0.30154652160376744, 0.0, 0.0], "50": [0.0, -0.34838278088840785, 0.0, -0.3409401859168736], "51": [0.0, 0.0, -0.310550914130922, -0.22217864060085324], "52": [-0.29017961516904284, -0.40703355359850035, 0.0, 0.0], "53": [-0.46753386431688126, 0.0, 0.0, -0.33156907668160424], "54": [-0.174005859314533, 0.0, -0.25872469990131897, 0.0], "55": [-0.17383137616441327, -0.1654862385499124, 0.0, 0.0], "56": [0.0, 0.0, -0.28226946740172487, -0.2629790241780889], "57": [0.0, 0.0, -0.23671093045009775, -0.3191061073532994], "58": [0.0, 0.0, -0.32021120667111613, -0.14854222890512436], "59": [0.0, -0.09895170673116808, -0.16616169042685144, 0.0], "60": [-0.0864827525163591, -0.07725530557207991, 0.0, 0.0], "61": [-0.07000997614003404, 0.0, 0.0, -0.0498038845609], "62": [0.0, 0.0, -0.03940399, -0.07797855414298313], "63": [0.0, -0.0199, -0.06958883503697519, -0.060344373065176815], "64": [0.0, -0.19108089319314195, 0.0, -0.24039152624798654], "65": [0.0, 0.0, -0.2299568541948447, -0.1654862385499124], "66": [-0.2433854342724424, -0.258791200124521, -0.19000040289752923, 0.0], "67": [-0.1319494849811704, -0.24699800226000304, 0.0, 0.0], "68": [-0.01, -0.1366600836373059, 0.0, 0.0], "69": [-0.24974107285983582, -0.310550914130922, 0.0, 0.0], "70": [-0.3416815175041031, 0.0, 0.0, -0.18423789130819854], "71": [-0.0490099501, -0.010445905924218998, 0.0, 0.0], "72": [0.0, -0.0490099501, -0.059225576059900004, -0.10639981456656036], "73": [0.0, 0.0, -0.03940399, -0.059833388907091], "74": [0.0, 0.0, -0.10901770066022758, -0.0490099501], "75": [-0.0199, 0.0, 0.0, -0.040463645645439104], "76": [0.0, -0.0199, 0.0, 0.0], "77": [0.0, 0.0, -0.05167207038063443, 0.0], "78": [0.0, 0.0, -0.18209306240276912, -0.12247897700103201], "79": [0.0, 0.0, -0.13989336322873816, 0.0], "80": [0.0, 0.0, -0.05139266057048635, -0.058519850599], "81": [0.0, 0.0, -0.04938055338231958, -0.01], "82": [-0.0199, -0.029701, 0.0, 0.0], "83": [-0.029968309, 0.0, 0.0, -0.029701], "84": [0.0, 0.0, -0.029701, 0.0], "85": [0.0, 0.0, 0.0, -0.029701], "86": [0.0, 0.0, -0.0199, -0.01], "87": [0.0, 0.0, 0.0, -0.0199], "88": [-0.01, 0.0, -0.01, -0.03958309], "89": [0.0, 0.0, -0.029968309, -0.09561792499119551], "90": [0.0, -0.01, 0.0, 0.0], "91": [-0.09197375527103786, 0.0, -0.08865023674440627, 0.0], "92": [-0.1379050809648122, -0.0864827525163591, 0.0, 0.0], "93": [-0.25144023726678427, -0.13533464525527988, 0.0, 0.0], "94": [-0.27501966404214634, -0.24194358336435914, 0.0, 0.0], "95": [0.0, -0.30597999138569776, 0.0, -0.21699903408270627], "96": [0.0, 0.0, -0.19836941046095402, -0.21962623759783298], "97": [0.0, 0.0, -0.22630404150194372, -0.13213799747103702], "98": [0.0, 0.0, -0.13391078657398223, -0.11361512828387071], "99": [0.0, -0.06820196109301001, -0.11601037328676563, 0.0], "100": [-0.06793465209301, -0.01, 0.0, 0.0], "101": [-0.010267309, 0.0, 0.0, 0.0]}