{"0": [-2.2705730546733465, 0.0, -1.7233376373792662, 0.0], "1": [-1.411747838525965, -0.9999999999999944, 0.0, 0.0], "2": [0.0, 0.0, -0.8037084859769744, -0.9999999999999944], "3": [-1.5647398315470928, 0.0, 0.0, -1.214136274130492], "4": [-1.5453576547439027, -0.782955103327192, 0.0, 0.0], "5": [-1.3830233953398317, -1.2957409248172995, 0.0, 0.0], "6": [-1.2334030520091441, -1.4638423987003715, 0.0, 0.0], "7": [-0.9553546428888097, -1.458230060928676, -1.037849435624863, 0.0], "8": [0.0, 0.0, -0.6820109361808564, -0.742515393236051], "9": [-0.6376279821395031, -1.2047480532085406, 0.0, 0.0], "10": [0.0, -0.983570989558099, -0.8031204678847744, 0.0], "11": [0.0, 0.0, 0.0, -1.0183710256997531], "12": [-1.4552232429935026, -1.206600192565409, 0.0, 0.0], "13": [-1.4720591584006821, -1.319789115504724, 0.0, 0.0], "14": [-1.422176367906216, -1.3723399305440878, 0.0, 0.0], "15": [-1.2819785806449724, -1.4653698635477024, 0.0, 0.0], "16": [-1.1530842790543319, -1.5322629675210184, 0.0, 0.0], "17": [-1.1316295651290953, -1.4543770804381244, 0.0, 0.0], "18": [-1.2317370224048967, -1.254622850391337, 0.0, 0.0], "19": [-1.29616752575526, -1.1459074992106384, 0.0, 0.0], "20": [-1.1774738075103879, -1.1891946480487512, 0.0, 0.0], "21": [-0.7976999728712226, -1.2599355612182288, 0.0, 0.0], "22": [0.0, -1.3510586539526475, -1.5959113268839669, 0.0], "23": [0.0, 0.0, -1.5707578348772815, -0.8311778434193093], "24": [0.0, 0.0, -1.4943439946645753, -1.3063023247463064], "25": [0.0, 0.0, -1.330521463983534, -1.5242529918469234], "26": [0.0, 0.0, -1.0766630467902343, -1.6163400687089338], "27": [0.0, 0.0, -0.7292457404880058, -1.4807616465143902], "28": [-1.2309585580867615, 0.0, 0.0, -1.3281769753603856], "29": [-1.175196901111284, -0.742515393236051, 0.0, 0.0], "30": [0.0, 0.0, -0.8065131940440753, -0.5246599579942928], "31": [-0.6843729017193849, 0.0, -0.7696131379835213, -0.678003233486559], "32": [0.0, 0.0, -0.5524767862361891, -0.7376523490003674], "33": [0.0, -0.8386845157118629, 0.0, -0.70791264032745], "34": [-0.5657686732081881, -0.6412517023181081, 0.0, 0.0], "35": [-0.7967658892285185, 0.0, -0.8706334214641528, 0.0], "36": [0.0, 0.0, -0.5870503288661116, -0.6412517023181081], "37": [-0.8446082669962968, 0.0, 0.0, -0.7827224958100427], "38": [-0.6151039211065155, -0.5870503288661116, 0.0, 0.0], "39": [0.0, -0.7758132942093612, -0.8098434524787274, 0.0], "40": [-0.5001629701008008, -0.5433902522560852, 0.0, 0.0], "41": [0.0, -0.6594381442497482, 0.0, -0.6196039507546368], "42": [0.0, 0.0, -0.5101097269957948, -0.45284335760923855], "43": [-0.46038062574494193, 0.0, -0.5928166371829784, 0.0], "44": [0.0, 0.0, -0.6302703623502736, -0.5433902522560852], "45": [-0.8320433829746134, 0.0, 0.0, -0.765532100894358], "46": [-0.6302703623502736, -0.5657686732081881, 0.0, 0.0], "47": [0.0, -0.7820611307368833, 0.0, -0.6758787491212229], "48": [0.0, 0.0, -0.4744035124744377, -0.6348041043245453], "49": [0.0, 0.0, -0.5615263648287319, -0.5977804049976172], "50": [0.0, 0.0, -0.5543604894345832, -0.46909445704488656], "51": [-1.0691704154050694, -1.1168063280874219, 0.0, 0.0], "52": [-1.0229133356343452, -1.1651225532685587, 0.0, 0.0], "53": [-0.9583196090838331, -1.0995201422068739, 0.0, 0.0], "54": [-0.7095115056900362, -1.0358657493628096, 0.0, 0.0], "55": [0.0, -1.0641772441730861, 0.0, -1.0480854808181745], "56": [0.0, 0.0, -0.7095115056900362, -0.7209579114149409], "57": [0.0, -1.0187858497845619, -1.0212153419254217, 0.0], "58": [-0.7237483323007915, -0.6914555293653488, 0.0, 0.0], "59": [-1.017892656767684, 0.0, 0.0, -0.8504996154950386], "60": [0.0, 0.0, -0.5828791200667794, -0.8731828933199637], "61": [0.0, 0.0, -0.7816188518430508, -0.8574462249973153], "62": [0.0, 0.0, -0.864770130006338, -0.6339676587267709], "63": [0.0, -0.8310432940835689, -0.9145836054984668, 0.0], "64": [-0.6483907934419777, -0.5657686732081881, 0.0, 0.0], "65": [-0.8086177879528109, 0.0, -0.7759638840954223, 0.0], "66": [0.0, 0.0, -0.5798600279442695, -0.595268027321676], "67": [0.0, 0.0, -0.21657576196800343, -0.2629816393803807], "68": [0.0, 0.0, -0.19836941046095402, -0.22208727354978397], "69": [0.0, 0.0, 0.0, -0.21797225258362268], "70": [-0.0864827525163591, -0.0864827525163591, 0.0, 0.0], "71": [0.0, -0.08957490953242078, -0.08957490953242078, 0.0], "72": [0.0, 0.0, -0.0864827525163591, -0.0864827525163591], "73": [0.0, 0.0, 0.0, -0.08957490953242078], "74": [-0.07967637553764854, 0.0, -0.08519014843735559, 0.0], "75": [-0.07725530557207991, -0.06793465209301, 0.0, 0.0], "76": [0.0, -0.06976258956445601, -0.07972055930051752, 0.0], "77": [0.0, 0.0, -0.07972055928426601, -0.06793465209301], "78": [0.0, 0.0, -0.07972055570117499, -0.06976258956445601], "79": [0.0, 0.0, -0.07972006152781884, -0.06979009921387751], "80": [0.0, 0.0, -0.07967637553764854, -0.06979034829116171], "81": [0.0, 0.0, -0.07725530557207991, -0.06979034964610661], "82": [0.0, -0.07967637553764854, 0.0, -0.06979034965020461], "83": [-0.06793465209301, -0.07725530557207991, 0.0, 0.0], "84": [-0.06976258956445601, 0.0, -0.07967637553764854, 0.0], "85": [0.0, 0.0, -0.07725530557207991, -0.06793465209301], "86": [-0.07967637553764854, 0.0, 0.0, -0.06976258956445601], "87": [-0.07725530557207991, -0.06793465209301, 0.0, 0.0], "88": [0.0, -0.06976258956445601, -0.07972055570117499, 0.0], "89": [0.0, 0.0, -0.07972006152781884, -0.06793465209301], "90": [0.0, 0.0, -0.07967637553764854, -0.06976258956445601], "91": [0.0, 0.0, -0.07725530557207991, -0.06979009921387751], "92": [-0.07971988269747177, 0.0, 0.0, -0.06979034829116171], "93": [-0.07954193594135842, -0.06793465209301, 0.0, 0.0], "94": [-0.0499000998844, -0.06976258956445601, 0.0, -0.059834253443500005], "95": [-0.049900063726000005, -0.04980532092499, 0.0, 0.0], "96": [-0.04989208474, -0.049904814599317004, 0.0, 0.0], "97": [-0.0490099501, -0.0499001644492327, 0.0, 0.0], "98": [0.0, -0.04990010027536999, -0.03994245056701, -0.01999], "99": [0.0, 0.0, -0.0401170826701, -0.039673], "100": [0.0, -0.01999, -0.03994003999, -0.039937627], "101": [0.0, 0.0, -0.0399400327, -0.039762812800000005], "102": [0.0, 0.0, -0.039937627, -0.039937627], "103": [0.0, 0.0, -0.03958309, -0.0399400327], "104": [0.0, -0.039936817, -0.029970010000000002, -0.03994003999], "105": [-0.03940399, -0.03940399, 0.0, 0.0], "106": [-0.039936817, 0.0, -0.039936817, 0.0], "107": [0.0, 0.0, -0.03940399, -0.03940399], "108": [0.0, 0.0, 0.0, -0.039936817], "109": [0.0, 0.0, -0.029970010000000002, -0.0303259718791], "110": [0.0, 0.0, -0.0299692, -0.02997323137081], "111": [0.0, 0.0, -0.029701, -0.02997001729], "112": [-0.029970010000000002, 0.0, 0.0, -0.029970010000000002], "113": [-0.029970010000000002, -0.029701, 0.0, 0.0], "114": [-0.0299692, -0.0299692, 0.0, 0.0], "115": [-0.029701, -0.029970010000000002, 0.0, 0.0], "116": [0.0, -0.029970010000000002, 0.0, -0.0299692], "117": [0.0, 0.0, -0.029701, -0.029701], "118": [0.0, -0.01999, -0.0299692, -0.01999], "119": [0.0, 0.0, -0.020347848272710002, -0.01999], "120": [0.0, 0.0, -0.01999161919, -0.01999], "121": [0.0, 0.0, -0.01999, -0.01999], "122": [0.0, 0.0, -0.01999, -0.01999], "123": [0.0, 0.0, -0.01999, -0.0199], "124": [-0.01, -0.0299692, -0.01999, 0.0], "125": [-0.029701, -0.029701, 0.0, 0.0], "126": [-0.0299692, 0.0, 0.0, 0.0], "127": [-0.01, -0.0102697228, 0.0, 0.0], "128": [0.0, -0.01, -0.01, 0.0], "129": [0.0, 0.0, -0.01, -0.01], "130": [0.0, 0.0, 0.0, -0.01], "131": [-0.0199, -0.0199, 0.0, 0.0], "132": [-0.01999, 0.0, -0.01999, 0.0], "133": [0.0, 0.0, -0.0199, -0.0199], "134": [0.0, 0.0, 0.0, -0.01999], "135": [-0.0199, -0.0199, 0.0, 0.0], "136": [-0.01999, 0.0, 0.0, -0.01999], "137": [0.0, 0.0, -0.0199, -0.0199], "138": [0.0, 0.0, -0.01999, 0.0], "139": [0.0, 0.0, -0.0202580209, -0.0199], "140": [-0.01999, 0.0, -0.01999161919, 0.0], "141": [-0.0199, -0.0199, 0.0, 0.0], "142": [0.0, -0.01999, -0.01999, 0.0], "143": [0.0, 0.0, -0.01999, -0.0199], "144": [0.0, 0.0, -0.01999, -0.01999], "145": [0.0, 0.0, -0.01999, -0.01999],