{"0": [0.0, 0.0, 0.0, -1.5803552667654235], "1": [0.0, 0.0, -0.9999999999999944, -0.644839185294927], "2": [0.0, -0.9267040610276931, -0.8131334766100582, 0.0], "3": [-0.6412517023181081, -0.6376279821395031, 0.0, 0.0], "4": [-0.8302727413602247, 0.0, -0.7664695427713026, 0.0], "5": [0.0, 0.0, -0.5569520183738272, -0.5433902522560852], "6": [0.0, -1.0203563773052526, 0.0, -0.6688544409139336], "7": [-0.5657686732081881, -1.1109270945013303, 0.0, 0.0], "8": [-0.86750241910596, -1.0298874503700415, 0.0, -0.9712402705468172], "9": [0.0, 0.0, -0.6033221935779748, -1.08184220245531], "10": [0.0, 0.0, -0.9462734141513846, -0.9033217323261741], "11": [0.0, 0.0, -0.9818771375127319, -0.6820109361808564], "12": [0.0, -0.8563986722281913, -1.0782418656929846, 0.0], "13": [-1.0164973119269385, -0.8804636342100924, 0.0, 0.0], "14": [-0.6588339384859575, -0.5479563497335244, 0.0, 0.0], "15": [-0.954270741660024, -0.7718226175633804, 0.0, 0.0], "16": [-0.8037672550540768, -0.7536796726010223, 0.0, 0.0], "17": [-0.648934203497405, -0.9730985815296743, 0.0, -0.722962061000675], "18": [0.0, 0.0, -0.4744035124744377, -0.7658522984398903], "19": [-0.9341403514080319, -0.6820109361808564, 0.0, 0.0], "20": [-1.0373778017964401, 0.0, 0.0, -0.9723344669262354], "21": [-0.48470681062247567, 0.0, -0.6164818644562551, -0.8116937381659436], "22": [-0.46909445704488656, -0.3764746051087998, 0.0, 0.0], "23": [0.0, -0.544590396617557, 0.0, 0.0], "24": [0.0, 0.0, -0.71843094282876, -0.7653326876539356], "25": [0.0, 0.0, -0.7377073838611075, -0.6990982787888678], "26": [0.0, 0.0, -0.6864755514731987, -0.5433902522560852], "27": [0.0, -0.5295465130405507, -0.6682303745831949, 0.0], "28": [0.0, 0.0, -0.6689669116789861, -0.6975955643309784], "29": [-0.7697954796337544, 0.0, 0.0, -0.6711849664254294], "30": [0.0, 0.0, -0.5341192248302064, -0.4473165228376147], "31": [-0.3657781005325895, 0.0, -0.5675321027378958, 0.0], "32": [-0.33771795901601626, -0.310550914130922, 0.0, 0.0], "33": [0.0, -0.3865237690451854, 0.0, -0.39947838071789554], "34": [0.0, 0.0, -0.35089737163159757, -0.30358678195042627], "35": [-0.25142584220131803, 0.0, -0.3611385068985623, 0.0], "36": [-0.21432185919278104, -0.2299568541948447, 0.0, 0.0], "37": [0.0, -1.107959082016825, -0.9656231424544071, 0.0], "38": [-0.7575833539554195, -0.7372874127497715, 0.0, 0.0], "39": [-1.1019469208625416, 0.0, 0.0, -1.140805587184247], "40": [0.0, 0.0, -0.750162943541547, -0.7740518444660124], "41": [-1.503931245981796, -1.321753151642933, -1.1375232657984533, 0.0], "42": [-1.399763130114082, -1.2976660630460792, 0.0, 0.0], "43": [-0.8968298696984233, -1.6646032511580482, 0.0, 0.0], "44": [-1.346417297795046, -1.1323224319157692, 0.0, 0.0], "45": [-1.3420929207307624, -0.7600075204158654, 0.0, 0.0], "46": [-1.3324480005727117, 0.0, -1.2924963459589136, 0.0], "47": [0.0, 0.0, -1.3301039046276133, -0.7346337502522945], "48": [-1.1375648045587725, -1.0425805774410744, -1.2818317002683863, -1.0845208683860532], "49": [-0.7476393369106535, -1.1827334544009918, 0.0, 0.0], "50": [0.0, 0.0, -0.8394518088891034, -1.3192255691872865], "51": [0.0, -1.2465498354564186, -1.3528541609927933, 0.0], "52": [0.0, 0.0, -0.8533364583678962, -0.8361920302919125], "53": [-1.3162362809534294, 0.0, 0.0, -1.3318589934803287], "54": [-0.8328660649851163, -0.8378301099889933, 0.0, 0.0], "55": [0.0, -1.3204216229485206, 0.0, 0.0], "56": [-1.2281766121145148, -0.7372874127497715, 0.0, 0.0], "57": [0.0, -1.426446466315079, 0.0, -1.4787558139248382], "58": [-0.876370965863638, -0.8632999950434018, 0.0, 0.0], "59": [-1.3960371728062961, 0.0, 0.0, 0.0], "60": [0.0, -1.9305625551379024, 0.0, 0.0], "61": [-1.2285368662624863, 0.0, 0.0, -1.1462861673937623], "62": [0.0, 0.0, -0.7372874127497715, -1.0367620927088637], "63": [0.0, 0.0, -1.0195927877367716, -0.9018983241236329], "64": [0.0, 0.0, -1.067995811739372, -0.6112160819257731], "65": [-0.828956541549403, 0.0, -0.9900914121395821, 0.0], "66": [-0.8210455345066443, -0.5786657778452318, 0.0, 0.0], "67": [-0.7634867826191175, -0.7785565374942939, 0.0, 0.0], "68": [-0.5701109864761063, -0.8215692490888707, 0.0, 0.0], "69": [0.0, -0.06918536273054607, 0.0, -0.059834253443500005], "70": [0.0, 0.0, -0.058519850599, -0.058519850599], "71": [0.0, -0.059834253443500005, -0.059834253443500005, 0.0], "72": [-0.058519850599, -0.058519850599, 0.0, 0.0], "73": [-0.059834253443500005, 0.0, 0.0, -0.059834253443500005], "74": [0.0, 0.0, -0.058519850599, -0.058519850599], "75": [0.0, 0.0, -0.059834253443500005, 0.0], "76": [0.0, -0.05119200427795509, 0.0, -0.0299692], "77": [0.0, 0.0, -0.029701, -0.029701], "78": [0.0, 0.0, -0.0299692, 0.0], "79": [-0.0490099501, -0.05985009185140001, 0.0, 0.0], "80": [-0.04989208474, -0.059834253443500005, 0.0, 0.0], "81": [-0.049900063726000005, -0.058519850599, 0.0, 0.0], "82": [-0.0499000998844, 0.0, 0.0, -0.059834253443500005], "83": [0.0, 0.0, -0.0490099501, -0.058519850599], "84": [-0.059834253443500005, 0.0, -0.04989208474, 0.0], "85": [-0.058519850599, -0.0490099501, 0.0, 0.0], "86": [-0.029970010000000002, -0.04989208474, 0.0, -0.059834253443500005], "87": [0.0, 0.0, -0.0490099501, -0.058519850599], "88": [0.0, -0.059834253443500005, -0.04989208474, 0.0], "89": [-0.0490099501, -0.058519850599, 0.0, 0.0], "90": [-0.04989208474, 0.0, 0.0, -0.059834253443500005], "91": [0.0, 0.0, -0.0490099501, -0.058519850599], "92": [-0.09945750520974381, -0.06976258956445601, -0.04989208474, 0.0], "93": [-0.059056598971000004, -0.06793465209301, 0.0, 0.0], "94": [-0.059836680948700004, 0.0, 0.0, -0.06976258956445601], "95": [0.0, 0.0, -0.058519850599, -0.06793465209301], "96": [0.0, -0.06979034965020461, -0.059834253443500005, 0.0], "97": [-0.058519850599, -0.06979034964610661, 0.0, 0.0], "98": [-0.059834253443500005, -0.06979034829116171, 0.0, 0.0], "99": [-0.05985009185140001, -0.06979009921387751, 0.0, 0.0], "100": [-0.05985019945909, -0.06976258956445601, 0.0, 0.0], "101": [-0.0598501998494695, -0.06793465209301, 0.0, 0.0], "102": [-0.059850199850059994, 0.0, 0.0, -0.06979034829116171], "103": [0.0, 0.0, -0.058519850599, -0.06979009921387751], "104": [0.0, 0.0, -0.059834253443500005, -0.06976258956445601], "105": [0.0, 0.0, -0.05985009185140001, -0.06793465209301], "106": [0.0, -0.06979034829116171, -0.05985019945909, 0.0], "107": [-0.058519850599, -0.06979009921387751, 0.0, 0.0], "108": [-0.059834253443500005, -0.06976258956445601, 0.0, 0.0], "109": [-0.05985009185140001, -0.06793465209301, 0.0, 0.0], "110": [-0.05985019945909, 0.0, -0.06976258956445601, 0.0], "111": [0.0, 0.0, -0.06793465209301, -0.058519850599], "112": [0.0, -0.01999, -0.059834253443500005, -0.059834253443500005], "113": [-0.09561792499119551, -0.10027128588635804, 0.0, 0.0], "114": [0.0, -0.09962824590372898, 0.0, 0.0], "115": [-0.029970010000000002, -0.031034660327976464, 0.0, 0.0], "116": [-0.0299692, -0.029981242951414543, 0.0, 0.0], "117": [-0.029701, -0.02997004637132978, 0.0, 0.0], "118": [0.0, -0.029970010000000002, 0.0, -0.0299692], "119": [0.0, 0.0, -0.029701, -0.029701], "120": [0.0, -0.01, -0.0299692, 0.0], "121": [-0.01, -0.01, 0.0, 0.0], "122": [-0.01, 0.0, 0.0, -0.01], "123": [0.0, 0.0, -0.01, -0.01], "124": [0.0, 0.0, -0.01, -0.01], "125": [0.0, 0.0, -0.01, -0.01], "126": [0.0, -0.01, -0.01, 0.0], "127": [-0.01, -0.01, 0.0, 0.0], "128": [-0.01, -0.01, 0.0, 0.0], "129": [-0.01, -0.01, 0.0, 0.0], "130": [-0.01, 0.0, 0.0, -0.01], "131": [0.0, 0.0, -0.01, -0.01], "132": [-0.01, 0.0, -0.01, 0.0], "133": [-0.01, -0.01, 0.0, 0.0], "134": [-0.01, -0.01, 0.0, 0.0], "135": [-0.01, -0.01, 0.0, 0.0], "136": [0.0, -0.01, 0.0, -0.01], "137": [0.0, 0.0, -0.01, -0.01], "138": [-0.01, 0.0, -0.01, 0.0], "139": [-0.01, -0.01, 0.0, 0.0], "140": [-0.01, -0.01, 0.0, 0.0], "141": [-0.01, -0.01, 0.0, 0.0], "142": [-0.01, -0.01, 0.0, 0.0], "143": [-0.01, -0.01, 0.0, 0.0], "144": [0.0, -0.01, 0.0, -0.01], "145": [0.0, 0.0, -0.01, -0.01], "146": [-0.01, 0.0, -0.01, 0.0], "147": [-0.01, -0.01, 0.0, 0.0], "148": [0.0, -0.01, 0.0, -0.01],