{"0": [0.0, -1.2331843275690373, -1.1323629624485876, 0.0], "1": [0.0, 0.0, -0.5198585434285785, -0.4303987975228406], "2": [-0.4951141112129301, -0.7629164483490491, 0.0, 0.0], "3": [-0.6296050256377481, -0.7014117323617405, 0.0, 0.0], "4": [-0.6341612576942076, -0.5524767862361891, 0.0, 0.0], "5": [-0.6572090828652375, 0.0, -0.46151901170178017, 0.0], "6": [0.0, 0.0, -0.33771795901601626, -0.33102824143031945], "7": [0.0, -0.5149620623820983, 0.0, -0.30843842658574155], "8": [-0.3701763687967675, -0.4276308594064802, 0.0, 0.0], "9": [-0.35055807118408316, -0.40572284111781426, 0.0, 0.0], "10": [0.0, -0.49782479172803185, 0.0, -0.6321531100643327], "11": [-0.4303987975228406, -0.33771795901601626, 0.0, 0.0], "12": [-0.3064285208770104, -0.5478792918563176, 0.0, 0.0], "13": [-0.257456281634828, -1.6932002601059535, -3.3847246540022775, 0.0], "14": [-1.1069087376384823, -1.0583455511916648, 0.0, 0.0], "15": [-0.41924450809745656, 0.0, -0.2866598309348121, 0.0], "16": [0.0, 0.0, -0.49800644106288494, -0.23765728565289626], "17": [-1.8802475298012038, 0.0, -1.7969161593307106, -0.2720517854533212], "18": [0.0, 0.0, -0.9811243521665315, -1.1718927883438002], "19": [-0.9973138539765598, -0.9970595563128781, 0.0, 0.0], "20": [0.0, -1.8791632970351437, 0.0, 0.0], "21": [0.0, 0.0, -3.3532912734484053, -0.9825825961077772], "22": [-1.7259104429508934, -0.2019436869079651, 0.0, -1.8048846198062078], "23": [0.0, 0.0, -0.9827567701466995, -0.9829292024452325], "24": [0.0, 0.0, -3.28300737517735, -1.8029199649724377], "25": [0.0, 0.0, -3.141757999011419, -2.426631034712592], "26": [0.0, 0.0, -2.8804577595036545, -2.851051930316672], "27": [0.0, 0.0, -2.44710248645637, -3.107756457735623], "28": [0.0, 0.0, -1.8123406526298025, -3.2445874194198763], "29": [0.0, 0.0, -0.9847158619185106, -3.3074133508052688], "30": [-2.2918973657468475, -0.34871701627268314, 0.0, -3.3313771333082527], "31": [-0.41320249767105655, -0.3889974259855753, 0.0, 0.0], "32": [-2.054952903613364, -1.2017664975715154, 0.0, 0.0], "33": [-1.6238502831241346, -1.8201524665286173, 0.0, 0.0], "34": [-0.9369509547678545, -2.184772669334713, 0.0, 0.0], "35": [0.0, -2.352022068178313, -1.7215977339020847, 0.0], "36": [0.0, 0.0, -1.1079022374448468, -0.937581445220176], "37": [-0.3364699733937666, -0.34703579171083976, -0.34555454611824254, -0.20391994743153785], "38": [0.0, 0.0, -0.31744540498961277, -0.31044836053775005], "39": [-0.5328339227918091, -0.3641400765227232, 0.0, -0.35194146126568077], "40": [-0.371098449628471, -0.27501966404214634, 0.0, 0.0], "41": [-0.31623813635408515, 0.0, -0.21461596330557922, 0.0], "42": [0.0, 0.0, -0.15129493595953852, -0.20638571635634448], "43": [-0.628209943420189, -0.5096345000856453, 0.0, 0.0], "44": [-0.6283183995324423, -0.5891387076382754, 0.0, 0.0], "45": [-0.4637317747928147, -0.6665153353848233, 0.0, 0.0], "46": [0.0, -0.6515748944073845, -0.9260175114455229, 0.0], "47": [0.0, 0.0, -0.9796993999894693, -0.6112160819257731], "48": [0.0, 0.0, -0.9483618495955912, -0.8513277586654785], "49": [0.0, 0.0, -0.706577278474784, -0.9290482599076819], "50": [0.0, -1.043201390080376, 0.0, -1.0355883688012022], "51": [-0.6151039211065155, -1.3072457449974983, 0.0, 0.0], "52": [-1.0084557951663304, -1.3762709113792495, 0.0, 0.0], "53": [-1.4363699051096708, -0.8738607956980289, 0.0, 0.0], "54": [-1.7218521931631172, 0.0, 0.0, -1.4526514768765626], "55": [0.0, 0.0, -0.8548030937842173, -0.9446731373287796], "56": [-1.6331527588151526, 0.0, -1.5561330507351712, 0.0], "57": [-0.9484317484957466, -0.943549777909172, 0.0, 0.0], "58": [0.0, -1.6735666199183954, 0.0, 0.0], "59": [0.0, 0.0, -0.10600969272271246, -0.16826360419801498], "60": [-0.32423639073799726, -0.19836941046095402, 0.0, 0.0], "61": [0.0, 0.0, -0.05102350364488792, -0.11683078258602098], "62": [0.0, 0.0, -0.08849571100809149, -0.052328384675138895], "63": [0.0, 0.0, -0.08833336110444583, -0.0876680386543631], "64": [0.0, 0.0, -0.08854785636407582, -0.09068603621289022], "65": [0.0, 0.0, -0.03940399, -0.090990197312984], "66": [0.0, -0.029701, 0.0, -0.04013365432415498], "67": [-0.029701, -0.01, 0.0, 0.0], "68": [-0.18620988455916226, 0.0, 0.0, -0.17104332254545465], "69": [0.0, 0.0, -0.12247897700103201, -0.11361512828387071], "70": [0.0, 0.0, -0.21967267860452425, -0.2299568541948447], "71": [0.0, 0.0, -0.2495376836120113, 0.0], "72": [0.0, 0.0, -0.0896408306979136, -0.11330151565362047], "73": [0.0, 0.0, -0.08963994829237949, -0.09050273396951403], "74": [0.0, 0.0, -0.08957490953242078, -0.08965913221227706], "75": [0.0, 0.0, -0.0864827525163591, -0.08964108825883887], "76": [-0.0896408306979136, 0.0, 0.0, -0.08964084100985353], "77": [-0.08963994829237949, -0.0864827525163591, 0.0, 0.0], "78": [-0.08957490953242078, -0.08957490953242078, 0.0, 0.0], "79": [-0.0864827525163591, -0.08963994829237949, 0.0, 0.0], "80": [0.0, -0.0896408306979136, 0.0, -0.0896408306979136], "81": [0.0, 0.0, -0.0864827525163591, -0.08963994829237949], "82": [0.0, 0.0, -0.08957490953242078, -0.08957490953242078], "83": [0.0, 0.0, -0.08963994829237949, -0.0864827525163591], "84": [0.0, -0.08957490953242078, -0.0896408306979136, 0.0], "85": [-0.0864827525163591, -0.0864827525163591, 0.0, 0.0], "86": [-0.08957490953242078, 0.0, -0.08957490953242078, 0.0], "87": [0.0, 0.0, -0.0864827525163591, -0.0864827525163591], "88": [0.0, 0.0, 0.0, -0.08957490953242078], "89": [-0.12922277292339662, 0.0, -0.17422912380375452, 0.0], "90": [-0.12921792359989465, -0.12247897700103201, 0.0, 0.0], "91": [-0.12900302631117372, -0.12900302631117372, 0.0, 0.0], "92": [-0.12247897700103201, -0.12921792359989465, 0.0, 0.0], "93": [0.0, -0.12922277292339662, 0.0, 0.0], "94": [0.0, -0.01, 0.0, 0.0], "95": [0.0, -0.01, 0.0, 0.0], "96": [0.0, 0.0, -0.01, 0.0], "97": [0.0, 0.0, -0.01, 0.0], "98": [0.0, -0.01, 0.0, 0.0], "99": [0.0, -0.01, 0.0, 0.0], "100": [0.0, -0.01, 0.0, 0.0], "101": [0.0, -0.01, 0.0, 0.0], "102": [0.0, -0.24536183545999685, -0.29283282509273617, 0.0], "103": [0.0, 0.0, -0.26029962661171957, -0.26029962661171957], "104": [-0.29283282509273617, 0.0, 0.0, -0.29283282509273617], "105": [-0.26029962661171957, -0.26029962661171957, 0.0, 0.0], "106": [0.0, -0.29283282509273617, -0.292917360514441, 0.0], "107": [0.0, 0.0, -0.2621818635298703, -0.26029962661171957], "108": [0.0, -0.4593501351281836, -0.01999, -0.29283282509273617], "109": [-0.3764746051087998, -0.4593456744226629, 0.0, 0.0], "110": [-0.4488863537077523, -0.4592747313998388, 0.0, 0.0], "111": [-0.45835189010157096, -0.45835189010157096, 0.0, 0.0], "112": [-0.4592747313998388, -0.4488863537077523, 0.0, 0.0], "113": [-0.4593456744226629, -0.3764746051087998, 0.0, 0.0], "114": [-0.4593501351281836, 0.0, -0.4488863537077523, 0.0], "115": [0.0, 0.0, -0.3764746051087998, -0.3764746051087998], "116": [0.0, -0.4488863537077523, 0.0, -0.4488863537077523], "117": [-0.3764746051087998, -0.3764746051087998, 0.0, 0.0], "118": [-0.4488863537077523, 0.0, -0.31163399121961155, -0.01999], "119": [0.0, 0.0, -0.27501966404214634, -0.27921247308471125], "120": [-0.23579084719925436, -0.01, 0.0, -0.3121086395942329], "121": [-0.21432185919278104, -0.2152638149044526, 0.0, 0.0], "122": [0.0, -0.23583280291092595, -0.23725768488617852, 0.0], "123": [0.0, 0.0, -0.23719168294534546, -0.21432185919278104], "124": [0.0, 0.0, -0.23579084719925436, -0.23579084719925436], "125": [0.0, 0.0, -0.21432185919278104, -0.23719168294534546], "126": [-0.23725768488617852, 0.0, 0.0, -0.23725768488617852], "127": [-0.23719168294534546, -0.21432185919278104, 0.0, 0.0], "128": [-0.23579084719925436, -0.23579084719925436, 0.0, 0.0], "129": [-0.21432185919278104, -0.23719168294534546, 0.0, 0.0], "130": [0.0, -0.23725768488617852, 0.0, -0.16864677616600934], "131": [0.0, 0.0, -0.15705680661607313, -0.16864676951778054], "132": [0.0, 0.0, -0.16813489359302294, -0.16864640226331734], "133": [0.0, 0.0, -0.16863076903754937, -0.16863076903754937], "134": [0.0, 0.0, -0.16864640226331734, -0.16813489359302294],