{"0": [-0.4764931051082632, 0.0, -0.39284677946809476, 0.0], "1": [-0.3015036014567844, -0.3443407794258561, 0.0, 0.0], "2": [-0.4003250123894099, -0.2798730757502743, 0.0, 0.0], "3": [-0.20638571635634448, -0.3937143649092138, 0.0, 0.0], "4": [0.0, -0.23435585961778432, -0.16721245157236597, 0.0], "5": [0.0, 0.0, -0.07725530557207991, -0.1654862385499124], "6": [-0.08228195307622185, 0.0, 0.0, -0.08668480021346671], "7": [-0.11700608326802717, -0.07725530557207991, 0.0, 0.0], "8": [-0.0490099501, -0.11586418126723334, 0.0, 0.0], "9": [0.0, -0.05031788300906724, 0.0, 0.0], "10": [0.0, 0.0, -0.23765728565289626, -0.28944677272770764], "11": [-0.28904470446060937, 0.0, 0.0, -0.26762042381623546], "12": [-0.19027213177874144, -0.26029962661171957, 0.0, 0.0], "13": [0.0, -0.20804769053681557, 0.0, 0.0]}