{"0": [0.0, 0.0, -3.7191053760032045, 0.0], "1": [0.0, 0.0, -3.0212281955591402, -0.9999999999999944], "2": [0.0, 0.0, -2.2458091061768473, -1.899999999999984], "3": [0.0, 0.0, -1.384232340196521, -2.7099999999999635], "4": [-0.29565080523838877, 0.0, -0.42692482244059116, -3.438999999999945], "5": [0.0, 0.0, -0.4098733370610321, -0.44860843748418977], "6": [-0.10510636374128356, -0.27501966404214634, 0.0, 0.0], "7": [-0.029701, -0.1106942134890329, 0.0, 0.0], "8": [-0.4246638599206429, 0.0, -0.38522759110469657, -0.4167378167278858], "9": [-0.41296321806251535, -0.35089737163159757, 0.0, 0.0], "10": [0.0, 0.0, -0.3443407794258561, -0.4042829542242562], "11": [-0.2596082643338626, 0.0, 0.0, -0.41556798766222697], "12": [-0.212606583832531, -0.2299568541948447, 0.0, 0.0], "13": [-0.3836695513615941, -0.19254211296878362, 0.0, 0.0], "14": [-0.27501966404214634, -0.3616314857146582, 0.0, 0.0], "15": [0.0, -0.3128966107175627, 0.0, -0.7296654880360733], "16": [0.0, 0.0, -0.5294133584143499, -0.644839185294927], "17": [-0.6394160718816991, 0.0, -0.8400204214080924, 0.0], "18": [-0.5101097269957948, -0.5051613403997928, 0.0, 0.0], "19": [0.0, -0.6569175819412362, 0.0, -0.6997011781018659], "20": [0.0, -0.031956810700598984, 0.0, 0.0], "21": [0.0, -0.48718266733534366, 0.0, 0.0], "22": [0.0, 0.0, -0.5569520183738272, -0.5945599318643786], "23": [0.0, 0.0, -0.6531972309261392, -0.6436253462135147], "24": [0.0, 0.0, -0.7276937253758836, -0.4951141112129301], "25": [-0.7251206488965979, 0.0, -0.6809407728314525, 0.0], "26": [-0.7195278787992296, -0.5101097269957948, 0.0, 0.0], "27": [-0.7998313905952458, -0.6395738513532641, 0.0, 0.0], "28": [-0.44173386145213606, -0.8655919476208193, 0.0, 0.0], "29": [0.0, -0.6058554201821535, 0.0, -0.39859543043818013], "30": [0.0, 0.0, -0.33102824143031945, -0.3827098590577118], "31": [-0.46406562184903793, 0.0, -0.4436985820524647, 0.0], "32": [-0.5024125256602524, -0.39499393286246337, 0.0, 0.0], "33": [-0.4574580548159998, -0.5151030599399021, 0.0, 0.0], "34": [-0.3573883979152816, -0.4682427499802439, 0.0, 0.0], "35": [0.0, -0.41330371437471586, -0.38781270330739354, 0.0], "36": [0.0, 0.0, -0.310550914130922, -0.33102824143031945], "37": [0.0, -0.22210743320260448, 0.0, -0.3552955579961522], "38": [-0.19027213177874144, -0.2452807127963673, 0.0, 0.0], "39": [-0.2576083178968318, 0.0, -0.18778898777533784, 0.0], "40": [0.0, 0.0, -0.31744540498961277, -0.14854222890512436], "41": [0.0, -0.314384032377794, 0.0, -0.3243856739393425], "42": [-0.26029962661171957, -0.28749721306563353, 0.0, 0.0], "43": [-0.27355278512152004, -0.26736801621848294, -0.2086335275912553, 0.0], "44": [-0.3003589726831478, -0.11361512828387071, 0.0, 0.0], "45": [0.0, 0.0, -0.20638571635634448, -0.19027213177874144], "46": [-0.13618901136131378, 0.0, -0.07003630856429578, 0.0], "47": [0.0, 0.0, -0.0593137850599, -0.06793465209301], "48": [0.0, 0.0, -0.0866618525163591, -0.059573154715290996], "49": [0.0, 0.0, -0.01, -0.08960189462353224], "50": [-0.36569526737645214, 0.0, 0.0, -0.22388598315322433], "51": [-0.3573883979152816, -0.30358678195042627, 0.0, 0.0], "52": [0.0, -0.4037155026454727, -0.43966506314896203, 0.0], "53": [0.0, 0.0, -0.30091077149389833, -0.3827098590577118], "54": [-0.20582837835591838, 0.0, -0.2265355653038845, -0.3236621717470705], "55": [-0.23765728565289626, -0.18209306240276912, 0.0, 0.0], "56": [0.0, 0.0, -0.2452807127963673, -0.24067996799007657], "57": [-0.01, 0.0, 0.0, -0.010543305267538376], "58": [0.0, -0.01, 0.0, 0.0], "59": [0.0, -0.2547541835628586, 0.0, -0.17430988081170012], "60": [0.0, 0.0, -0.15705680661607313, -0.1319494849811704], "61": [0.0, -0.2202340994753008, 0.0, -0.2754385265191836], "62": [-0.18209306240276912, -0.36656699595651826, 0.0, 0.0], "63": [0.0, 0.0, -0.13181411163631454, -0.09657357876384275], "64": [0.0, 0.0, -0.09607965634559548, -0.1312541872310217], "65": [-0.3371475459448559, -0.2896705117984371, 0.0, 0.0], "66": [-0.30493493673487654, -0.2120145767799902, 0.0, 0.0], "67": [-0.2307104549323292, -0.14136687963671865, -0.16589998073541265, 0.0], "68": [-0.14338771932237665, -0.2619716185678835, 0.0, 0.0], "69": [0.0, 0.0, -0.0864827525163591, -0.15705680661607313], "70": [0.0, 0.0, 0.0, -0.08954974148015349], "71": [-0.26520780816291034, -0.15443902623194206, -0.18843951822416652, -0.2722044918807044], "72": [-0.16770928614370367, -0.058963367582929, 0.0, 0.0], "73": [-0.06029439840376324, -0.049279664880999996, 0.0, 0.0], "74": [0.0, 0.0, -0.27086754457370066, -0.2452807127963673], "75": [0.0, 0.0, -0.23590563122035677, -0.19175133369085748], "76": [0.0, 0.0, -0.07026675209887114, -0.2535634918003407], "77": [-0.05074801892527681, -0.10148179801952409, 0.0, 0.0], "78": [-0.0988788126436602, -0.11207668988941182, 0.0, 0.0], "79": [-0.10756820380157782, -0.14854222890512436, 0.0, 0.0], "80": [-0.1544547246803405, 0.0, -0.08779283259148718, 0.0], "81": [0.0, 0.0, -0.06793465209301, -0.0864827525163591], "82": [-0.0490999501, 0.0, 0.0, -0.0714370529277403], "83": [-0.01, -0.0490099501, 0.0, 0.0], "84": [-0.01, -0.010267309, 0.0, 0.0], "85": [0.0, -0.01, 0.0, 0.0], "86": [0.0, 0.0, -0.2774037519431232, 0.0], "87": [0.0, 0.0, -0.0490099501, -0.07718975860367236], "88": [-0.058787159599, 0.0, 0.0, -0.04930611065334629], "89": [-0.01, -0.058519850599, 0.0, 0.0], "90": [-0.029701, -0.010179100000000002, -0.01, 0.0], "91": [0.0, 0.0, -0.058519850599, -0.01], "92": [0.0, 0.0, 0.0, -0.058519850599], "93": [0.0, -0.029701, 0.0, 0.0], "94": [-0.03023294491, 0.0, -0.13213038052922002, 0.0], "95": [-0.0490099501, -0.0199, 0.0, 0.0], "96": [0.0, -0.03958309, -0.0298801, 0.0], "97": [0.0, 0.0, -0.029701, -0.0199], "98": [-0.01, 0.0, 0.0, -0.0200791], "99": [-0.0199, 0.0, 0.0, 0.0], "100": [0.0, -0.01, 0.0, 0.0]}