{"0": -0.3818336993177018, "1": -0.6401154475661636, "2": -0.627272211102482, "3": -0.4247352516047442, "4": -0.1939724238205826, "5": -0.09158491557876236, "6": -0.08073196794012434, "7": -0.06038688255265784, "8": -0.029970010000000002, "9": -0.029970010000000002, "10": -0.029970010000000002, "11": -0.029880910000000004, "12": -0.0199891, "13": -0.01, "14": -0.01, "15": -0.01, "16": -0.01999081, "17": -0.0199891, "18": -0.01, "19": -0.02007991, "20": -0.029970010000000002, "21": -0.03976442315371, "22": -0.06997270047234892, "23": -0.09981285795073364, "24": -0.10994845028885497, "25": -0.1082653753546254, "26": -0.070642416996742, "27": -0.010451359887686558, "28": -0.09868521246946982, "29": -0.09869929616425868, "30": -0.06141681665971865, "31": -0.0304128393807187, "32": -0.0199891, "33": -0.05025595207731687, "34": -0.08903619322690982, "35": -0.09961394256227242, "36": -0.0703297569156075, "37": -0.03023597869312026, "38": -0.010180702925929}