{"0": -2.004271907811073, "1": -1.6814678204709892, "2": -1.74699102328681}