{"0": [0.0, -1.1115631280060316, -1.0505033705309053, 0.0], "1": [0.0, 0.0, -0.3764746051087998, -0.26029962661171957], "2": [-0.3764746051087998, -0.48736330871993594, 0.0, 0.0], "3": [-0.45012070796075665, -0.43548661162101115, 0.0, 0.0], "4": [-0.43399148456213515, -0.3888827604671347, 0.0, 0.0], "5": [-0.4638329973999649, 0.0, -0.19054744313402533, 0.0], "6": [0.0, 0.0, -0.09561792499119551, -0.17383137616441327], "7": [0.0, -0.24387939585039398, 0.0, -0.09217191282112634], "8": [-0.22217864060085324, -0.13593883069941423, 0.0, 0.0], "9": [-0.1349590176642966, -0.09719164608029038, 0.0, 0.0], "10": [0.0, -0.2823817878877047, 0.0, -0.4283761246180821], "11": [-0.26029962661171957, -0.13994164535871148, 0.0, 0.0], "12": [-0.09209228315248341, -0.04954189501, 0.0, 0.0], "13": [-0.04104075276640432, -0.03940399, -0.0199, 0.0], "14": [-0.04031445230182259, -0.03940399, 0.0, 0.0], "15": [-0.15188693939942854, 0.0, -0.01, 0.0], "16": [0.0, 0.0, -0.0199, -0.01], "17": [-0.01, 0.0, -0.029701, -0.0199], "18": [0.0, 0.0, 0.0, -0.029968309], "19": [-0.09561792499119551, -0.01, 0.0, 0.0], "20": [0.0, -0.09561792499119551, 0.0, 0.0], "21": [0.0, 0.0, -0.01, -0.01], "22": [-0.04047667713695645, 0.0, 0.0, -0.01], "23": [0.0, 0.0, -0.01, 0.0], "24": [0.0, 0.0, -0.11676857088856511, 0.0], "25": [0.0, 0.0, -0.07725530557207991, -0.10466174574128355], "26": [0.0, 0.0, -0.0199, -0.07133734482277704], "27": [0.0, 0.0, -0.0492772591, -0.010642036103404993], "28": [0.0, 0.0, -0.0199, -0.03978139481577839], "29": [0.0, 0.0, -0.06793465209301, -0.010090862004924378], "30": [-0.19733958954126163, -0.16595456913998205, 0.0, -0.059051314762248966], "31": [-0.1736070873941227, -0.21434798242973616, 0.0, 0.0], "32": [-0.078314961217519, -0.20290477246194577, 0.0, 0.0], "33": [-0.0298801, -0.0837094893949025, 0.0, 0.0], "34": [-0.01, -0.030518559847130318, 0.0, 0.0], "35": [0.0, -0.01, -0.0199, 0.0], "36": [0.0, 0.0, 0.0, -0.0199], "37": [-0.21026359024138172, -0.24663965362598733, -0.24007986667431042, -0.12261030099064128], "38": [0.0, 0.0, -0.23765728565289626, -0.21142027446291328], "39": [-0.42854209457371345, -0.3552836432824371, 0.0, -0.24907332903946994], "40": [-0.3607544918197126, -0.26769663034560237, 0.0, 0.0], "41": [-0.30605186457344213, 0.0, -0.20539330129582356, 0.0], "42": [0.0, 0.0, -0.14184389141265616, -0.19836941046095402], "43": [-0.5332427691822913, -0.4232203551363566, 0.0, 0.0], "44": [-0.5477729076854657, -0.501594540111837, 0.0, 0.0], "45": [-0.40703355359850035, -0.5797027455612275, 0.0, 0.0], "46": [0.0, -0.5557833556352515, -0.8295281544660411, 0.0], "47": [0.0, 0.0, -0.8909438444363929, -0.5701109864761063], "48": [0.0, 0.0, -0.8772427128993295, -0.7795352354009738], "49": [0.0, 0.0, -0.6755544701365742, -0.844212136411283], "50": [0.0, -0.92829650875977, 0.0, -0.9553048673497875], "51": [-0.5744098766113452, -1.2109478657792963, 0.0, 0.0], "52": [-0.952885195453868, -1.3335780170956224, 0.0, 0.0], "53": [-1.3893964825725469, -0.8605244312247748, 0.0, 0.0], "54": [-1.663918260114724, 0.0, 0.0, -1.410915993850455], "55": [0.0, 0.0, -0.8394518088891034, -0.9388235744602944], "56": [-1.6101233808528634, 0.0, -1.534372197707788, 0.0], "57": [-0.9429795736456283, -0.937581445220176, 0.0, 0.0], "58": [0.0, -1.6553008315566664, 0.0, 0.0], "59": [0.0, 0.0, -0.0966092734454373, -0.15805886818572362], "60": [-0.25786787136355677, -0.09561792499119551, 0.0, 0.0], "61": [0.0, 0.0, -0.04072355685883784, -0.1064729825983328], "62": [0.0, 0.0, -0.07857581718205042, -0.041788007910862526], "63": [0.0, 0.0, -0.07840577754017415, -0.07807267331632863], "64": [0.0, 0.0, -0.07907125996371295, -0.0807912951040841], "65": [0.0, 0.0, -0.029701, -0.08107381379499722], "66": [0.0, -0.0199, 0.0, -0.029701], "67": [-0.0199, 0.0, 0.0, 0.0], "68": [-0.10808873079763572, 0.0, 0.0, -0.058519850599], "69": [0.0, 0.0, -0.058519850599, 0.0], "70": [0.0, 0.0, -0.13329020403476605, -0.1654862385499124], "71": [0.0, 0.0, -0.17377632130098578, 0.0]}