{"0": [0.0, 0.0, 0.0, -0.719347617827006], "1": [0.0, 0.0, -0.310550914130922, -0.353216346368148], "2": [0.0, 0.0, -0.3332815255211305, -0.3851707164728137], "3": [0.0, 0.0, -0.3994720217356777, -0.29849083920074754], "4": [0.0, 0.0, -0.3273482763283746, -0.28426172867566], "5": [0.0, 0.0, -0.28385133841927435, -0.3001649778929708], "6": [0.0, 0.0, -0.30371292517709325, -0.21320035058824396], "7": [0.0, 0.0, -0.22411861332296318, -0.20622875435668583], "8": [0.0, 0.0, -0.20766938127983878, -0.21697974069471737], "9": [0.0, 0.0, -0.214368098418049, -0.17689760888209966], "10": [0.0, 0.0, -0.18167997095679442, -0.030289094650500004], "11": [0.0, 0.0, -0.02019952638706389, -0.03940399], "12": [-0.01, 0.0, -0.029701, 0.0], "13": [-0.029701, -0.01, 0.0, 0.0], "14": [0.0, -0.029701, 0.0, -0.03940399], "15": [0.0, 0.0, -0.03940399, -0.01], "16": [0.0, 0.0, -0.01029552495, 0.0]}