{"0": -2.6233934051919054, "1": -2.6271475854383044, "2": -0.0794644283901164, "3": -0.1099469768588063, "4": -0.1386773645196146, "5": -0.1695764261593616, "6": -0.23443847169356435, "7": -0.22769751388900944, "8": -0.18055957390486482, "9": -0.1795078526444845, "10": -0.24835415033759867, "11": -0.232684324921562, "12": -0.3310596302540348, "13": -0.14054929489657067, "14": -0.15358276871092558, "15": -0.1286309013664232, "16": -0.10979871670787461, "17": -0.12018558500435268, "18": -0.1479534982798108, "19": -0.14773537536493958, "20": -0.1007284067271447, "21": -0.06997906940219428, "22": -0.06944139509650078, "23": -0.059932854544873536, "24": -0.20342161137479156, "25": -0.1705335372790465, "26": -0.19657532113797294, "27": -0.16892266437982092, "28": -0.09096365610931417, "29": -0.11157892084736894, "30": -0.20683847518410647, "31": -0.24441688331027103, "32": -0.24160485107456392, "33": -0.1461725015582086, "34": -0.04067868077155179, "35": -0.040469534416749275, "36": -0.020260421761357048, "37": -0.040033837172679373, "38": -0.039762820090000005, "39": -0.03005813719, "40": -0.0298809019, "41": -0.03014448549249871, "42": -0.05923432962700262, "43": -0.01999, "44": -0.01999, "45": -0.01999, "46": -0.01009, "47": -0.0500713525626944, "48": -0.04990167102476916, "49": -0.04011869942443729, "50": -0.01009, "51": -0.020079100000000003, "52": -0.01009, "53": -0.04011685631655185, "54": -0.029970010000000002, "55": -0.03976442315371, "56": -0.030055447908099997, "57": -0.0102704990311729}