{"0": [-0.9999999999999944, 0.0, -0.9999999999999944, 0.0], "1": [0.0, 0.0, 0.0, -0.9999995716991679], "2": [0.0, -0.999999812139759, 0.0, 0.0]}