{"0": [0.0, -1.1921926962462155, -1.1078004465878277, 0.0], "1": [-0.32427095093971664, -0.5686954979710911, 0.0, 0.0], "2": [-0.5556568106040429, -0.48058083409843627, 0.0, 0.0], "3": [-0.5410979378087002, -0.37401647686596284, 0.0, 0.0], "4": [0.0, 0.0, -0.22048654402004295, -0.3573883979152816], "5": [0.0, 0.0, -0.05938041192392076, -0.24816205809916472], "6": [-0.4071881441126744, -0.3207829569327145, 0.0, 0.0], "7": [-0.3423208479578423, -0.21445784748230354, 0.0, 0.0], "8": [-0.2170504082638009, -0.2442331009250025, 0.0, 0.0], "9": [-0.23134173161015234, -0.26956364741042466, 0.0, 0.0], "10": [-0.27581221247709986, -0.17878389359535096, 0.0, 0.0], "11": [-0.20014805442144123, -0.07113422741531548, 0.0, 0.0], "12": [0.0, 0.0, -0.1654862385499124, -0.05271556318007189], "13": [-0.07437084573444938, -0.13552040961616496, 0.0, 0.0], "14": [-0.13548136778524086, -0.11577851787179476, 0.0, 0.0], "15": [-0.12260793080719179, -0.06881591346391, 0.0, 0.0], "16": [-0.07262431336501157, -0.0490099501, 0.0, 0.0], "17": [-0.05084025115839805, 0.0, -0.059573154715290996, 0.0], "18": [0.0, 0.0, -0.10466174574128355, -0.058519850599], "19": [-0.0199, 0.0, 0.0, -0.10831605450674948], "20": [-0.03940399, -0.0199, 0.0, 0.0], "21": [0.0, -0.03975862591, 0.0, 0.0], "22": [0.0, -0.20962902917769363, 0.0, -0.1635597645222149], "23": [-0.18209306240276912, -0.29655230500043056, 0.0, 0.0], "24": [-0.3215652340139023, 0.0, 0.0, -0.4336834307736775], "25": [0.0, 0.0, -0.3638145139361288, -0.310550914130922], "26": [0.0, -0.6276035156550626, -0.3523120424469553, 0.0], "27": [-0.49001425375043445, -0.6999485973973962, 0.0, 0.0], "28": [-0.6275620383035657, -0.9108006484119388, 0.0, 0.0], "29": [-0.9052874210812413, -0.6227633530764958, 0.0, 0.0], "30": [-0.9361920643527807, 0.0, -1.032036523039223, 0.0], "31": [0.0, 0.0, -1.2423615660485534, -0.6622455991010979], "32": [0.0, 0.0, -1.2809519092176211, -1.0234005478919337], "33": [0.0, 0.0, -1.1256997233722248, -1.2526964950487915], "34": [0.0, 0.0, -1.1116774452183007, -1.280763352291263], "35": [0.0, 0.0, -0.7551347009650703, -1.4047125918484724], "36": [-1.0894524186838053, 0.0, 0.0, -1.4114184098704603], "37": [-1.0616351379934124, -0.6914555293653488, 0.0, 0.0], "38": [-0.814280755667631, -1.1019382303776737, 0.0, 0.0], "39": [-0.6339676587267709, -0.9879294555004785, 0.0, 0.0], "40": [0.0, -0.9356330945329442, 0.0, -0.971719940415838], "41": [0.0, 0.0, -0.7181393044595363, -0.5657686732081881], "42": [0.0, -1.1149684860356357, -0.7924052316017114, 0.0], "43": [-0.7346337502522945, -0.7851255522939201, 0.0, 0.0], "44": [-1.1503960509581135, 0.0, 0.0, -1.1696135802980703], "45": [0.0, 0.0, -0.8114431548326226, -0.750162943541547], "46": [0.0, 0.0, -1.1871027891250867, 0.0]}