{"0": -0.2264857439329892, "1": -0.4433287152359679, "2": -0.4381341578714604, "3": -0.2657462127164678, "4": -0.1296130904603959, "5": -0.07074572378842686, "6": -0.04029079530038626, "7": -0.029970010000000002, "8": -0.029970010000000002, "9": -0.029970010000000002, "10": -0.029970010000000002, "11": -0.029880910000000004, "12": -0.0199891, "13": -0.01, "14": -0.01, "15": -0.01, "16": -0.01999081, "17": -0.0199891, "18": -0.01, "19": -0.02007991, "20": -0.029970010000000002, "21": -0.03976442315371, "22": -0.06997270047234892, "23": -0.09981285795073364, "24": -0.10994845028885497, "25": -0.1082653753546254, "26": -0.070642416996742, "27": -0.010451359887686558, "28": -0.07918801024594282, "29": -0.050088103213967214, "30": -0.02016901729, "31": -0.0304128393807187, "32": -0.0199891, "33": -0.05025595207731687, "34": -0.08903619322690982, "35": -0.09961394256227242, "36": -0.0703297569156075, "37": -0.03023597869312026, "38": -0.010180702925929}