{"0": [-1.1950347543357442, 0.0, -1.2000289093330858, 0.0], "1": [-0.6572932390017588, -0.6227633530764958, 0.0, 0.0], "2": [0.0, 0.0, -0.5524767862361891, -0.5870503288661116], "3": [-0.7988472803590022, 0.0, 0.0, -0.7455866252788603], "4": [-0.9700723398690947, -0.5479563497335244, 0.0, 0.0], "5": [-0.7268573304959023, -0.9414904130644062, 0.0, 0.0], "6": [-0.6613591012861773, -0.8488844116981791, 0.0, 0.0], "7": [-0.4882940254204087, -0.7780179210207463, -0.5210012011363337, 0.0], "8": [0.0, 0.0, -0.31744540498961277, -0.4473165228376147], "9": [-0.29655230500043056, -0.5569701373691966, 0.0, 0.0], "10": [0.0, -0.3407602595394012, -0.1671397285952488, 0.0], "11": [0.0, 0.0, 0.0, -0.3894622053004817], "12": [-0.7146050381273257, -0.637002263538322, 0.0, 0.0], "13": [-0.7675789372025934, -0.6377262582727294, 0.0, 0.0], "14": [-0.8125042328914489, -0.699461597287221, 0.0, 0.0], "15": [-0.6831243953216015, -0.8517306400778033, 0.0, 0.0], "16": [-0.47821138748750874, -0.8733783839112119, 0.0, 0.0], "17": [-0.31600443741583106, -0.6429509966461882, 0.0, 0.0], "18": [-0.40221746800524477, -0.3513418501425492, 0.0, 0.0], "19": [-0.6039003726287777, -0.37600969089436626, 0.0, 0.0], "20": [-0.6142590991134649, -0.5415497770334547, 0.0, 0.0], "21": [-0.5479563497335244, -0.5925071450395899, 0.0, 0.0], "22": [0.0, -0.7171833316291204, -0.9035727190810764, 0.0], "23": [0.0, 0.0, -0.9041050885434173, -0.6265357195457308], "24": [0.0, 0.0, -0.8830484693299996, -0.8548516573284645], "25": [0.0, 0.0, -0.8035346234073844, -0.9326202625625912], "26": [0.0, 0.0, -0.500240735658512, -0.9717505676899477], "27": [0.0, 0.0, -0.39499393286246337, -0.6021568337248316], "28": [-0.5190103334308533, 0.0, 0.0, -0.5120497339894708], "29": [-0.5441570146081972, -0.4303987975228406, 0.0, 0.0], "30": [0.0, 0.0, -0.1774355537838889, -0.15705680661607313], "31": [-0.18557803790417293, 0.0, -0.2536089914410864, -0.16977262168917467], "32": [0.0, 0.0, -0.15705680661607313, -0.2447264090746846], "33": [0.0, -0.2879419578152813, 0.0, -0.1667874932180994], "34": [-0.25282790566840363, -0.32427095093971664, 0.0, 0.0], "35": [-0.36848340979494815, 0.0, -0.4065911438774617, 0.0], "36": [0.0, 0.0, -0.22217864060085324, -0.3827098590577118], "37": [-0.32730733831082026, 0.0, 0.0, -0.28055902638846614], "38": [-0.27501966404214634, -0.28944677272770764, 0.0, 0.0], "39": [0.0, -0.3144542152502552, -0.24546406199799606, 0.0], "40": [-0.09561792499119551, -0.17383137616441327, 0.0, 0.0], "41": [0.0, -0.09851138636679786, 0.0, -0.11431042603401945], "42": [0.0, 0.0, -0.11361512828387071, -0.01], "43": [0.0, 0.0, -0.010267309, 0.0], "44": [0.0, 0.0, -0.30358678195042627, -0.21432185919278104], "45": [-0.28727927901817923, 0.0, 0.0, -0.33364309976204953], "46": [-0.30358678195042627, -0.25282790566840363, 0.0, 0.0], "47": [0.0, -0.34318126202037486, 0.0, -0.0972721079351607], "48": [0.0, 0.0, -0.09561792499119551, -0.03940399], "49": [0.0, 0.0, -0.040887850626028094, -0.0199], "50": [0.0, 0.0, -0.02045080958672277, 0.0], "51": [-0.3650101195074924, -0.5765151805133463, 0.0, 0.0], "52": [-0.296690788264111, -0.3879987847134163, 0.0, 0.0], "53": [-0.2678700703032074, -0.3021167182972439, 0.0, 0.0], "54": [-0.35089737163159757, -0.2561133869638334, 0.0, 0.0], "55": [0.0, -0.38255419708244026, 0.0, -0.44985216759012536], "56": [0.0, 0.0, -0.3573883979152816, -0.3764746051087998], "57": [0.0, -0.43232603053591817, -0.41748586076788063, 0.0], "58": [-0.3888827604671347, -0.310550914130922, 0.0, 0.0], "59": [-0.3875168186848788, 0.0, 0.0, -0.0705891051196457], "60": [0.0, 0.0, -0.06793465209301, -0.08084444118075922], "61": [0.0, 0.0, -0.07881959384645672, -0.16523314988389703], "62": [0.0, 0.0, -0.15470543861261096, -0.18209306240276912], "63": [0.0, -0.21706583826333994, -0.1896833150563292, 0.0], "64": [-0.21432185919278104, -0.029701, 0.0, 0.0], "65": [-0.03268585906121114, 0.0, -0.09561792499119551, 0.0], "66": [0.0, 0.0, 0.0, -0.09561792499119551]}