{"0": [0.0, 0.0, 0.0, -4.383598732313987], "1": [0.0, 0.0, -0.9999999999999944, -3.7595541470155904], "2": [0.0, 0.0, -1.899999999999984, -3.0661712744617917], "3": [0.0, 0.0, -2.7099999999999635, -2.2957458605131262], "4": [-1.899999999999984, 0.0, -3.438999999999945, -1.439717622792387], "5": [-0.9999999999999944, -0.9999999999999944, 0.0, 0.0], "6": [0.0, -1.899999999999984, 0.0, 0.0], "7": [0.0, 0.0, -1.7422976354637236, -1.182988392785405], "8": [0.0, 0.0, -1.4122352957147453, -1.0177597016322475], "9": [0.0, 0.0, -1.2585044566249728, -0.7124163906331358], "10": [-0.7204272743491122, 0.0, -1.1206356892490497, 0.0], "11": [-0.5789382349532813, -0.5341192248302064, 0.0, 0.0], "12": [-0.36489184973067085, -0.6153078947657288, -0.7714984972752666, 0.0], "13": [0.0, 0.0, -0.5294133584143499, -0.5786657778452318], "14": [-0.7000283090144124, 0.0, 0.0, -0.6795349981609503], "15": [-0.6883389185508574, -0.5051613403997928, 0.0, 0.0], "16": [0.0, -0.8982567709393611, -1.037635029328319, 0.0], "17": [0.0, 0.0, -0.9252045692515743, -0.7036134126007919], "18": [0.0, 0.0, -0.5969524922261327, -0.9889141340919219], "19": [0.0, 0.0, -0.4360948095476122, -0.7264729068894913], "20": [0.0, -0.4179013578852459, 0.0, -0.6173340165744009], "21": [-0.3260525644684208, -0.41064308837416824, 0.0, 0.0], "22": [-0.27101743670394435, -0.3271994385515651, 0.0, 0.0], "23": [-0.20638571635634448, -0.2820271363590105, 0.0, 0.0], "24": [0.0, -0.24016385013874977, 0.0, 0.0], "25": [-0.3701763687967675, -0.2452807127963673, 0.0, 0.0], "26": [-0.28745178763344836, 0.0, -0.2549791623656001, 0.0], "27": [0.0, 0.0, -0.14854222890512436, -0.2452807127963673], "28": [-0.03958309, 0.0, 0.0, -0.1721819766996821], "29": [-0.01, -0.03940399, 0.0, 0.0], "30": [0.0, -0.01009, 0.0, 0.0]}