{"0": [0.0, 0.0, -0.9866723622951494, 0.0], "1": [0.0, 0.0, -0.0490099501, -0.0490099501], "2": [0.0, -0.030232944910000004, 0.0, -0.0402852513709], "3": [-0.0199, -0.0490099501, 0.0, 0.0], "4": [-0.03958309, 0.0, 0.0, -0.04019879773], "5": [0.0, 0.0, -0.029701, -0.0490099501], "6": [0.0, -0.039848608, -0.03967219, 0.0], "7": [-0.029701, -0.03940399, 0.0, 0.0], "8": [-0.030057409, 0.0, -0.06112195448324877, 0.0], "9": [0.0, 0.0, -0.10729032181069138, -0.0490099501], "10": [0.0, 0.0, -0.07925270947041808, -0.09735941746710561], "11": [0.0, 0.0, -0.07725530557207991, -0.07138090041985658], "12": [-0.10092263697483192, 0.0, 0.0, -0.07028475182305091], "13": [-0.12247897700103201, -0.0864827525163591, 0.0, 0.0], "14": [0.0, -0.11744727571085836, -0.1265997381583982, 0.0], "15": [0.0, 0.0, -0.0789231875893039, -0.11361512828387071], "16": [0.0, 0.0, -0.06907614765571, -0.07102010654242165], "17": [0.0, 0.0, -0.058519850599, -0.06057756552298285], "18": [0.0, -0.05905004014990001, 0.0, -0.050535566545235645], "19": [-0.0490099501, -0.029701, 0.0, 0.0], "20": [-0.02025463591, 0.0, -0.030316778655391, -0.04971743092], "21": [0.0, 0.0, -0.07725530557207991, -0.03023455681], "22": [0.0, 0.0, 0.0, -0.07804882845220698], "23": [0.0, 0.0, -0.03994147691789852, -0.0490099501], "24": [0.0, -0.01999, -0.04011783814738, 0.0], "25": [-0.01, -0.0199, 0.0, 0.0], "26": [-0.01, 0.0, 0.0, -0.0299692], "27": [0.0, 0.0, -0.0199, -0.02997073009], "28": [0.0, -0.03993843619, -0.01999, -0.040116186955090005], "29": [-0.029701, -0.0397620109, 0.0, 0.0], "30": [-0.0299692, -0.03994005448318339, -0.03949399, 0.0], "31": [0.0, 0.0, -0.0199, -0.03940399], "32": [-0.0301480318, -0.039947310969376607, 0.0, 0.0], "33": [-0.0299716138, -0.04101989511207402, 0.0, 0.0], "34": [-0.02997001729, -0.0909994124986436, 0.0, 0.0], "35": [-0.0777863051229799, -0.16579863866025701, -0.21979384393130205, 0.0], "36": [-0.16405493578417935, -0.1312541872310217, 0.0, 0.0], "37": [-0.14123939255244175, 0.0, -0.15720586592846983, -0.04963010401], "38": [0.0, 0.0, -0.2560237825622351, -0.19027213177874144], "39": [0.0, 0.0, -0.23397766767656603, -0.2431259125508426], "40": [0.0, 0.0, -0.18209306240276912, -0.22759449270982984], "41": [0.0, -0.26712377178701846, 0.0, -0.1895313781426681], "42": [-0.22217864060085324, -0.33566843823699766, 0.0, 0.0], "43": [-0.318739097622024, -0.2902738024603238, 0.0, 0.0], "44": [-0.2825262771183648, -0.27501966404214634, 0.0, 0.0], "45": [-0.2975413559929353, 0.0, -0.31324801682188097, 0.0], "46": [0.0, 0.0, -0.29826292731643594, -0.26769663034560237], "47": [0.0, 0.0, -0.2560851913492331, -0.29370023748585566], "48": [0.0, 0.0, -0.20638571635634448, -0.2531643675679417], "49": [0.0, -0.28926567147059207, 0.0, -0.2162189709532557], "50": [-0.2452807127963673, -0.28226946740172487, 0.0, 0.0], "51": [-0.30526960181473545, 0.0, -0.25699491368819255, -0.2312422423495115], "52": [0.0, 0.0, -0.22877143808473158, -0.21631246643734803], "53": [0.0, 0.0, -0.21371678423738996, -0.18810122922751168], "54": [0.0, 0.0, -0.2383248692250029, -0.25640387630568834], "55": [0.0, 0.0, -0.2648544966425961, -0.23720257413654416], "56": [0.0, 0.0, -0.31348647391783346, -0.2561010099429743], "57": [0.0, 0.0, -0.27377675210384705, -0.30569498243857096], "58": [0.0, 0.0, -0.23765728565289626, -0.27650261748396376], "59": [-0.21542330049226555, 0.0, 0.0, -0.2664006162321097], "60": [0.0, 0.0, -0.17971193989237902, -0.19027213177874144], "61": [0.0, -0.22583292164071816, -0.19747295113186114, 0.0], "62": [-0.19836941046095402, -0.2042743536329769, 0.0, 0.0], "63": [-0.18875700379997343, -0.31058583026294273, -0.3841172279811142, 0.0], "64": [0.0, 0.0, -0.3573883979152816, -0.33102824143031945], "65": [-0.2938363330214621, -0.2617038457032072, 0.0, 0.0], "66": [0.0, 0.0, 0.0, -0.4228212540738961], "67": [-0.26808246042798217, -0.13027464202560152, 0.0, -0.23981873282676813], "68": [0.0, 0.0, -0.20638571635634448, -0.22217864060085324], "69": [0.0, -0.29749978254110565, -0.23163380685884327, 0.0], "70": [-0.26029962661171957, -0.23765728565289626, 0.0, 0.0], "71": [-0.13570781087998524, -0.1312541872310217, 0.0, 0.0], "72": [-0.13792024470455874, 0.0, 0.0, 0.0], "73": [-0.2590738771562706, 0.0, 0.0, -0.34244255598140916], "74": [0.0, 0.0, -0.29655230500043056, -0.25282790566840363], "75": [0.0, -0.3037031321426657, -0.27870350824010814, 0.0], "76": [-0.26029962661171957, -0.27501966404214634, 0.0, 0.0], "77": [-0.30075897596660295, 0.0, -0.2953823449432486, -0.18544126044361336], "78": [0.0, 0.0, -0.31884001309695986, -0.2866854032050069], "79": [0.0, 0.0, -0.3084871956929414, -0.3153638845918558], "80": [0.0, 0.0, -0.3336380474998376, -0.302293410880919], "81": [0.0, 0.0, -0.2864098043279494, -0.33866646132060013], "82": [0.0, 0.0, -0.21432185919278104, -0.3040702753810511], "83": [0.0, 0.0, 0.0, -0.2443028727838071], "84": [0.0, 0.0, -0.1829441363371267, -0.17383137616441327], "85": [0.0, -0.1305842154078132, -0.18088179168542223, 0.0], "86": [-0.11361512828387071, -0.13994164535871148, 0.0, 0.0], "87": [-0.1371254778955215, 0.0, -0.10026834005598803, 0.0], "88": [0.0, 0.0, -0.10992919610262664, -0.0864827525163591], "89": [0.0, 0.0, -0.10893950800635543, -0.09879229017094258], "90": [0.0, 0.0, -0.09649214364134423, -0.099020326824279], "91": [0.0, -0.10042692016485726, -0.0298801, -0.08995638070569695], "92": [-0.09561792499119551, -0.1312541872310217, 0.0, 0.0], "93": [-0.1370351622745444, 0.0, -0.14685734785344307, 0.0], "94": [0.0, 0.0, -0.030148840990000002, -0.020621793790062938], "95": [0.0, 0.0, -0.049722248889100006, -0.020085596144110568], "96": [0.0, 0.0, -0.04011628157200001, -0.03967386036529699], "97": [0.0, 0.0, -0.04980947396509, -0.030058219000000004], "98": [0.0, 0.0, -0.0792588915473419, -0.039761209], "99": [-0.09015623868991035, 0.0, -0.08753854909175011, -0.06960069536406222], "100": [0.0, 0.0, -0.04945779109000001, -0.08015005937389007], "101": [0.0, 0.0, -0.12247897700103201, -0.13994164535871148], "102": [0.0, -0.13967929808538834, 0.0, -0.13066477191749915], "103": [-0.1312541872310217, -0.15705680661607313, 0.0, 0.0], "104": [-0.16681119333784228, 0.0, 0.0, -0.1301964549024523], "105": [0.0, 0.0, -0.12247897700103201, -0.13994164535871148], "106": [0.0, -0.12021653481918036, -0.14718286866855868, 0.0], "107": [-0.11361512828387071, -0.12247897700103201, 0.0, 0.0], "108": [-0.1278716443353377, 0.0, -0.08994729755724454, 0.0], "109": [0.0, 0.0, -0.10757301334159551, -0.0864827525163591], "110": [0.0, 0.0, -0.09088631303637008, -0.10874548420597746], "111": [0.0, 0.0, -0.12247897700103201, -0.0914381463697246], "112": [0.0, -0.16665635929889303, 0.0, -0.12705948754976967], "113": [-0.15705680661607313, -0.1312541872310217, 0.0, 0.0], "114": [-0.14007184498928188, 0.0, 0.0, -0.11670060789989409], "115": [0.0, 0.0, -0.11361512828387071, -0.07725530557207991], "116": [0.0, 0.0, -0.08166296055944113, 0.0], "117": [0.0, 0.0, -0.05147534088656602, -0.03940399], "118": [-0.07001678920479426, 0.0, -0.04022107726811752, 0.0], "119": [-0.06793465209301, -0.06793465209301, 0.0, 0.0], "120": [0.0, -0.06950582225098301, 0.0, -0.05957402798439101], "121": [0.0, -0.01, 0.0, -0.020344618000000002], "122": [-0.01, -0.029701, 0.0, 0.0], "123": [-0.029701, 0.0, -0.030145618000000002, 0.0], "124": [0.0, 0.0, -0.029701, -0.029701], "125": [-0.0199, 0.0, 0.0, -0.029791], "126": [-0.02007991, -0.0199, 0.0, 0.0], "127": [-0.0298801, -0.0200791, 0.0, 0.0], "128": [-0.029701, -0.029791810000000002, 0.0, 0.0], "129": [0.0, -0.030057409, -0.0199, 0.0], "130": [0.0, 0.0, -0.01, -0.0199], "131": [0.0, -0.01, 0.0, -0.01009], "132": [-0.01, -0.01, 0.0, 0.0], "133": [-0.01, -0.01, 0.0, 0.0], "134": [-0.01, -0.01, 0.0, 0.0], "135": [-0.01, -0.01999, 0.0, 0.0], "136": [-0.0199, -0.01, 0.0, 0.0], "137": [-0.01, 0.0, 0.0, 0.0], "138": [0.0, 0.0, -0.13994164535871148, -0.15294889023056843], "139": [0.0, -0.08991222888360625, 0.0, -0.1499917043587396],