{"0": [-0.04936359691, 0.0, 0.0, 0.0], "1": [-0.029970010000000002, -0.029701, 0.0, 0.0], "2": [-0.0299692, -0.020079100000000003, 0.0, 0.0], "3": [-0.029701, -0.01999, 0.0, 0.0], "4": [0.0, -0.01999, 0.0, -0.01], "5": [0.0, 0.0, 0.0, -0.01], "6": [0.0, -0.01, 0.0, 0.0], "7": [0.0, -0.01, 0.0, 0.0], "8": [0.0, -0.01, 0.0, 0.0], "9": [0.0, -0.01, 0.0, 0.0], "10": [0.0, 0.0, 0.0, -0.01], "11": [0.0, 0.0, 0.0, -0.01], "12": [-0.01, 0.0, 0.0, 0.0], "13": [-0.01, 0.0, 0.0, 0.0], "14": [-0.01, 0.0, 0.0, 0.0], "15": [-0.01, 0.0, 0.0, 0.0], "16": [0.0, 0.0, 0.0, -0.01], "17": [0.0, 0.0, 0.0, -0.01], "18": [0.0, 0.0, 0.0, -0.01], "19": [0.0, 0.0, 0.0, -0.01], "20": [-0.01, 0.0, 0.0, 0.0], "21": [-0.01, 0.0, 0.0, 0.0], "22": [-0.01, 0.0, 0.0, 0.0], "23": [-0.01, 0.0, 0.0, 0.0], "24": [0.0, 0.0, -0.01, 0.0], "25": [0.0, 0.0, -0.01, 0.0], "26": [0.0, -0.01, 0.0, 0.0], "27": [0.0, -0.01, 0.0, 0.0], "28": [0.0, 0.0, -0.01999, 0.0], "29": [0.0, 0.0, -0.0199, -0.01], "30": [-0.0299692, 0.0, 0.0, -0.01], "31": [-0.029701, -0.0199, 0.0, 0.0], "32": [0.0, -0.01999, -0.04011147082, 0.0], "33": [0.0, 0.0, -0.03940399, -0.029701], "34": [-0.039936817, -0.039936817, 0.0, -0.029791], "35": [-0.0399400327, -0.03940399, 0.0, 0.0], "36": [-0.03994003999, 0.0, -0.039760399, 0.0], "37": [0.0, 0.0, -0.029701, -0.03940399], "38": [-0.0299692, 0.0, 0.0, -0.030145618000000002], "39": [-0.029701, -0.029701, 0.0, 0.0], "40": [0.0, -0.0299692, 0.0, 0.0], "41": [-0.03940399, -0.0302370427, 0.0, 0.0], "42": [0.0, -0.02997242299, -0.04989208474, 0.0], "43": [0.0, 0.0, -0.058519850599, -0.0490099501], "44": [-0.050526282209916624, 0.0, 0.0, -0.059747799802600005], "45": [-0.06995253139373434, -0.0490099501, 0.0, 0.0], "46": [-0.049633327, -0.06890324037390999, 0.0, 0.0], "47": [-0.03994003999, -0.04963091401, 0.0, 0.0], "48": [-0.03994004727271, -0.040204395073, 0.0, 0.0], "49": [-0.02997081919, -0.0399424432843, 0.0, 0.0], "50": [-0.030148840990000002, -0.029970010000000002, 0.0, 0.0], "51": [-0.029970010000000002, -0.029970010000000002, 0.0, 0.0], "52": [-0.029970010000000002, -0.029791, 0.0, 0.0], "53": [-0.01999, -0.0299692, 0.0, 0.0], "54": [-0.01999, -0.01999, 0.0, 0.0], "55": [-0.0199, -0.01999, 0.0, 0.0], "56": [0.0, -0.01999, 0.0, -0.01999], "57": [0.0, 0.0, -0.0199, -0.01999], "58": [0.0, 0.0, -0.01999, -0.01999], "59": [0.0, 0.0, -0.01999, -0.01999], "60": [0.0, 0.0, -0.01999, -0.01999], "61": [0.0, 0.0, -0.01999, -0.0199], "62": [0.0, -0.01, -0.01999, 0.0], "63": [-0.01, -0.01, 0.0, 0.0], "64": [-0.01, 0.0, -0.01, 0.0], "65": [0.0, 0.0, -0.01, -0.01], "66": [0.0, -0.01999, -0.01, -0.01], "67": [-0.0199, -0.01999, 0.0, 0.0], "68": [-0.01999, -0.01999, 0.0, 0.0], "69": [-0.01999, -0.029970010000000002, 0.0, 0.0], "70": [-0.0298801, -0.0299692, 0.0, 0.0], "71": [-0.029970010000000002, -0.03940399, 0.0, 0.0], "72": [-0.039850219900000004, 0.0, 0.0, 0.0], "73": [0.0, 0.0, -0.01, -0.01], "74": [0.0, -0.01, 0.0, -0.01], "75": [-0.01, -0.01, 0.0, 0.0], "76": [-0.01, -0.01, 0.0, 0.0], "77": [-0.01, -0.01, 0.0, 0.0], "78": [-0.01, -0.01, 0.0, 0.0], "79": [-0.01, -0.0301534453451062, 0.0, 0.0], "80": [-0.029701, -0.05057939983051909, 0.0, 0.0], "81": [-0.04945368601, -0.0864827525163591, 0.0, 0.0], "82": [-0.0880609116819844, 0.0, 0.0, -0.09005826694820092], "83": [0.0, 0.0, -0.0864827525163591, -0.1084107647985456], "84": [0.0, 0.0, -0.10866492859415393, -0.08957490953242078], "85": [0.0, 0.0, -0.0905826150447601, -0.0864827525163591], "86": [-0.06943282061156651, -0.07916797625697199, -0.08966478125330046, 0.0], "87": [-0.07928111327281537, -0.06793465209301, 0.0, 0.0], "88": [-0.07030733403255787, 0.0, -0.04989208474, -0.059834253443500005], "89": [0.0, 0.0, -0.0597580501615291, -0.058519850599], "90": [0.0, 0.0, -0.05985253270710424, 0.0], "91": [0.0, 0.0, -0.0490099501, -0.0504311327232049], "92": [0.0, 0.0, 0.0, -0.04990645787091994], "93": [-0.049900099950010005, -0.07082265044991215, 0.0, 0.0], "94": [-0.0499000998844, -0.05018447621334881, 0.0, 0.0], "95": [-0.049899269845000004, -0.049900226244926855, 0.0, 0.0], "96": [-0.04971743092, -0.049900085833044186, 0.0, 0.0], "97": [-0.029701, -0.0499000998844, 0.0, 0.0], "98": [0.0, -0.030059830090000003, 0.0, -0.03967219], "99": [0.0, 0.0, -0.03940399, -0.029701], "100": [-0.0299692, 0.0, -0.030233826999999998, 0.0], "101": [-0.0199, -0.029701, 0.0, 0.0], "102": [0.0, -0.01999, 0.0, -0.01999], "103": [0.0, 0.0, -0.0199, -0.0199], "104": [0.0, -0.01, -0.01999, 0.0], "105": [-0.01, -0.01, 0.0, 0.0], "106": [-0.01, -0.01, 0.0, 0.0], "107": [-0.01, 0.0, 0.0, 0.0]}