{"0": [0.0, -1.2822486345696964, 0.0, 0.0], "1": [-0.33771795901601626, -0.4743969816708097, 0.0, 0.0], "2": [-0.4912832096988039, -0.4989113301311198, 0.0, 0.0], "3": [-0.5286520026564283, -0.44811974949691963, 0.0, 0.0], "4": [-0.453081059037665, -0.4692149124743483, 0.0, -0.4102198325202297], "5": [-0.4908856226516583, -0.266650386265741, 0.0, 0.0], "6": [0.0, 0.0, -0.33102824143031945, -0.4303987975228406], "7": [-0.6864759730903246, 0.0, -0.4983918145439953, 0.0], "8": [-0.26412698254628225, -0.2594220300089862, 0.0, -0.23762382290403936], "9": [-0.23893205780122354, -0.35089737163159757, 0.0, 0.0], "10": [0.0, 0.0, -0.20638571635634448, -0.28549425486448593], "11": [-0.37963107368088395, 0.0, 0.0, -0.4425275214263255], "12": [0.0, 0.0, -0.3573883979152816, -0.4303987975228406], "13": [0.0, -0.25215896988099723, -0.5031431743312116, 0.0], "14": [-0.23765728565289626, -0.11414180693926172, 0.0, 0.0], "15": [-0.12357451586231535, -0.0401979244609, 0.0, 0.0], "16": [-0.042848075987622886, -0.029701, 0.0, 0.0], "17": [-0.029701, 0.0, -0.030142089550900003, 0.0], "18": [0.0, 0.0, -0.0490099501, -0.029701], "19": [-0.0199, -0.03052220062611756, 0.0, -0.049451039650899996], "20": [-0.029701, -0.09124451401306186, 0.0, 0.0], "21": [-0.08726109728900634, -0.06967272091828682, 0.0, 0.0], "22": [-0.06802546209301, -0.0490099501, 0.0, 0.0], "23": [-0.049887718306291004, 0.0, 0.0, 0.0], "24": [-0.0490099501, -0.020446652613213767, 0.0, 0.0], "25": [0.0, -0.04946315637228999, 0.0, 0.0], "26": [0.0, 0.0, -0.2894087131695386, -0.17936593525472433], "27": [0.0, 0.0, -0.20156400598034463, -0.13994164535871148], "28": [0.0, -0.029701, -0.15838227243525962, 0.0], "29": [-0.7434548256358398, -0.5051613403997928, 0.0, 0.0], "30": [-0.590641566108418, -0.7298684422659037, 0.0, 0.0], "31": [-0.41296321806251535, -0.6632382868201371, 0.0, 0.0], "32": [0.0, -0.5466972681203125, 0.0, -0.6477988944176281], "33": [0.0, 0.0, -0.4951141112129301, -0.6135996584846419], "34": [0.0, 0.0, -0.6158962932683181, -0.5339834926827765], "35": [0.0, 0.0, -0.5506113238171589, -0.5531244367818253], "36": [0.0, -0.5414126390219623, -0.5349324487870071, -0.5882222337793044], "37": [0.0, 0.0, -0.6028868296847472, -0.4473165228376147], "38": [-0.45284335760923855, -0.33102824143031945, 0.0, 0.0], "39": [0.0, 0.0, -0.5900644833616471, 0.0], "40": [-0.3970075925166673, 0.0, 0.0, -0.45321352865009035], "41": [0.0, 0.0, -0.3764746051087998, -0.4473165228376147], "42": [0.0, -0.5349624321382882, -0.5451022371939933, 0.0], "43": [-0.44173386145213606, -0.4241819592039223, 0.0, 0.0], "44": [-0.46448068227208406, -0.2841233433465721, 0.0, 0.0], "45": [-0.31316496842799524, -0.2770225345212675, 0.0, 0.0], "46": [-0.289515853862999, -0.3367470335415635, 0.0, 0.0], "47": [-0.3591309792772028, -0.22051203731573432, 0.0, 0.0], "48": [-0.23925644320612355, -0.19458792516788834, 0.0, 0.0], "49": [-0.20561611230629284, -0.1654862385499124, 0.0, 0.0], "50": [-0.1818621653232428, 0.0, -0.36121944413344603, 0.0], "51": [-0.029701, 0.0, 0.0, 0.0], "52": [0.0, 0.0, -0.4848628825761964, -0.28944677272770764], "53": [-0.8624181716563862, 0.0, 0.0, -0.5564301707103005], "54": [-0.8556230267402655, -0.6227633530764958, 0.0, 0.0], "55": [-1.1046622221620892, -0.7349014207385468, 0.0, 0.0], "56": [-1.0206667943284284, -0.9497969500218811, 0.0, 0.0], "57": [-0.9637107654050265, -0.990863227230641, 0.0, 0.0], "58": [-0.5828791200667794, -1.085589230410867, 0.0, 0.0], "59": [0.0, -0.8495656961781792, -0.9979141557816121, 0.0], "60": [0.0, 0.0, -0.750162943541547, -0.6975955643309784], "61": [-0.9312908627010986, 0.0, 0.0, -1.1056900871466993], "62": [-0.6689669116789861, -0.6914555293653488, 0.0, 0.0], "63": [0.0, -0.9868810091915908, 0.0, 0.0]}