{"0": [0.0, -0.0298801, -0.039581299, 0.0], "1": [0.0, 0.0, -0.0298801, -0.0199], "2": [0.0, 0.0, -0.0199, -0.020079100000000003], "3": [0.0, 0.0, -0.01, -0.01], "4": [-0.029701, -0.03940399, 0.0, 0.0], "5": [-0.03993593491, 0.0, -0.05116661794634318, 0.0], "6": [0.0, 0.0, -0.09561792499119551, -0.0490099501], "7": [0.0, 0.0, 0.0, -0.09692717511224422], "8": [0.0, -0.01, 0.0, 0.0], "9": [0.0, -0.01, 0.0, 0.0]}