{"0": [0.0, 0.0, 0.0, -3.7001340895676558], "1": [0.0, 0.0, -0.9999999999999944, -3.1153736160957712], "2": [0.0, 0.0, -1.899999999999984, -2.546547180451307], "3": [0.0, 0.0, -2.7099999999999635, -2.0148626537549057], "4": [0.0, -1.8617625412802756, -3.438999999999945, -1.5397541628695977], "5": [0.0, 0.0, -3.357947355475511, -1.3585017044962244], "6": [-0.9940577729122914, -0.9941171951831684, 0.0, 0.0], "7": [-1.860688123719202, 0.0, 0.0, -3.187815313130777], "8": [0.0, 0.0, -2.514175648385642, -1.1304115846931377], "9": [0.0, 0.0, -1.7145803763476728, -0.771769539864659], "10": [0.0, 0.0, -1.5200382025156423, 0.0], "11": [0.0, 0.0, -0.9944614560421524, -2.6109776481103504], "12": [0.0, 0.0, -1.8641274978488664, -1.8702772898426216], "13": [0.0, 0.0, -2.578003689902323, -0.9956045324044643], "14": [0.0, -3.1925292488525376, -3.1215136409415014, 0.0], "15": [-0.9944055111536894, -2.6113281152685754, 0.0, 0.0], "16": [-1.8650002614692403, -1.8725761974912658, 0.0, 0.0], "17": [-2.598694787674877, -0.9951884131277832, 0.0, 0.0], "18": [-3.1526573526953308, 0.0, -1.5612589450843186, -3.41376497897853], "19": [0.0, 0.0, -2.133084930883241, -2.702462776132038], "20": [0.0, 0.0, -2.683674703349666, -1.8984374190536337], "21": [0.0, 0.0, -0.9337016772796147, -3.3840177089380252], "22": [0.0, 0.0, -3.258233159516142, -0.9998747251272684], "23": [-1.8991438375330691, 0.0, -3.8390536680258003, 0.0], "24": [-0.9999286432818519, -0.9998965018307943, 0.0, 0.0], "25": [0.0, -1.8990621014478306, -1.8992642814706615, 0.0], "26": [0.0, 0.0, -0.9999234423655935, -0.9999422204767308], "27": [0.0, 0.0, 0.0, -1.8993201862985705], "28": [0.0, -1.595341016290212, 0.0, -2.9197144714382177], "29": [-0.9147640754278081, -0.9309820965002912, 0.0, 0.0], "30": [-1.5538640802944392, 0.0, 0.0, -1.5928503891636336], "31": [0.0, 0.0, -0.9139031064927355, -0.9406405754752493], "32": [0.0, -2.3828853967206514, -1.5901655336848592, 0.0], "33": [-0.9213490028263516, -2.393659636199219, 0.0, 0.0], "34": [-1.5973746535254518, -2.232691323675583, 0.0, 0.0], "35": [-1.973970102601677, -2.0094940648604944, 0.0, 0.0], "36": [-2.199554286334056, -1.5815752128120948, 0.0, 0.0], "37": [-2.3007854673634602, -0.920554548309446, 0.0, 0.0], "38": [-2.34378476431902, 0.0, -1.4866754521361234, 0.0], "39": [0.0, 0.0, -0.8836057184709967, -0.8881921175764228], "40": [-1.4456377874250752, 0.0, 0.0, -1.428467282076282], "41": [-0.8915129234922854, -0.8660203251420382, 0.0, 0.0], "42": [0.0, -1.4335998069490818, -2.0011257668857683, 0.0], "43": [0.0, 0.0, -1.8606788062555784, -0.8915129234922854], "44": [0.0, 0.0, -1.8648617195650992, -1.410332271533597], "45": [0.0, 0.0, -1.7912001248789042, -1.6980538666233649], "46": [0.0, 0.0, -1.530558171768531, -1.8056279273952631], "47": [0.0, 0.0, -0.9164602703267948, -1.8613848104279849], "48": [-1.1353178578987513, -1.2794830644028232, 0.0, -1.8647912243841767], "49": [-0.7894015538032711, -1.3248889718790189, 0.0, 0.0], "50": [0.0, -1.3679031530617314, 0.0, -1.2584198268034832], "51": [0.0, 0.0, -0.824252698508824, -0.8114431548326226], "52": [-1.28919748087972, -0.8646669950929678, 0.0, 0.0], "53": [-1.498089131980181, 0.0, 0.0, -1.6740978813887735], "54": [-1.3225369261209747, 0.0, -1.2864653363743863, 0.0], "55": [-0.8442202507132881, -0.8328660649851163, 0.0, 0.0], "56": [0.0, 0.0, -0.8394518088891034, -1.569075838043759], "57": [0.0, 0.0, -1.3131902524534342, -1.328706326013897], "58": [0.0, 0.0, -1.5233991468970631, -0.8206843164052892], "59": [0.0, -1.224124099232436, -1.536593049404364, 0.0], "60": [-0.7851255522939201, -0.7956565382537603, 0.0, 0.0], "61": [-1.1859232339579724, 0.0, 0.0, -1.3846123562014216], "62": [0.0, 0.0, -0.7956565382537603, -1.1597675757230306], "63": [0.0, -1.081760876811217, -1.2012361409112484, -0.8057874667176657], "64": [0.0, -1.3310763901866103, 0.0, -1.275334676779867], "65": [0.0, 0.0, -0.8151954360514534, -0.824252698508824], "66": [-1.3483789802139925, -0.7986550520944953, -1.2790341547509154, 0.0], "67": [-1.2489274646829125, -1.193880669573469, 0.0, 0.0], "68": [-1.082621210637457, -1.3334142157814133, 0.0, 0.0], "69": [-0.9534837293588675, -0.5911798255774505, 0.0, 0.0], "70": [-0.8257142823343734, 0.0, 0.0, -0.6045361410001044], "71": [-0.706577278474784, -1.3131011188580541, 0.0, 0.0], "72": [0.0, -1.175940512591263, -0.7428747045126542, -0.5698898468462842], "73": [0.0, 0.0, -0.5524767862361891, -0.729405258344713], "74": [0.0, 0.0, -0.6432052426181603, -0.49001425375043445], "75": [-0.6846598169470833, 0.0, 0.0, -0.7651780848182856], "76": [-0.5150086297258368, -0.5387780325819043, 0.0, 0.0], "77": [0.0, 0.0, -0.6627705232579236, 0.0], "78": [0.0, 0.0, -0.4951141112129301, -0.45831492403314616], "79": [0.0, 0.0, -0.5931261623635717, 0.0], "80": [0.0, 0.0, -0.9188661293294138, -0.7644949094348702], "81": [0.0, 0.0, -0.7685971145459752, -0.7632068078575353], "82": [-0.742515393236051, -0.7346337502522945, 0.0, 0.0], "83": [-1.0899824258467545, 0.0, 0.0, -1.0756175493340658], "84": [0.0, 0.0, -0.7209579114149409, -0.785657838582802], "85": [0.0, 0.0, -0.744123760219386, -0.68051150952929], "86": [0.0, 0.0, -0.6600005029308635, -0.5880785284620209], "87": [0.0, 0.0, -0.5329630262146415, -0.6899316855687341], "88": [-1.3338152040223958, 0.0, -0.5376859871920496, -0.9111483858815063], "89": [0.0, 0.0, -0.7675976539047825, -0.7181393044595363], "90": [-0.9831951372088793, -0.7894015538032711, 0.0, 0.0], "91": [-1.1939430195450238, 0.0, -0.977547021239531, 0.0], "92": [-1.1662849352304763, -0.7095115056900362, 0.0, 0.0], "93": [-1.0874599359644812, -0.9962311020123538, 0.0, 0.0], "94": [-0.7694641816814738, -1.1129889648229108, 0.0, 0.0], "95": [0.0, -1.252400540386496, 0.0, -1.2985534666686898], "96": [0.0, 0.0, -0.7600075204158654, -1.251521897676644], "97": [0.0, 0.0, -1.1436353016566092, -1.122547700971728], "98": [0.0, 0.0, -1.292096975311531, -0.742515393236051], "99": [0.0, -0.9273143995250255, -1.2728106727128312, 0.0], "100": [-0.6622455991010979, -0.6553878166524824, 0.0, 0.0], "101": [-0.9115038219207938, 0.0, -0.7221698595874912, 0.0], "102": [0.0, 0.0, -0.23765728565289626, -0.26769663034560237], "103": [0.0, -0.26390701047998, 0.0, -0.2668970453034047], "104": [-0.23765728565289626, -0.2558378650540049, 0.0, 0.0], "105": [-0.25698904091645347, -0.2595732844056929, 0.0, 0.0], "106": [-0.26680653131093746, -0.22868598331292372, 0.0, 0.0], "107": [-0.24342458495845207, -0.19400644470199768, 0.0, 0.0], "108": [-0.2066192964493236, -0.1654862385499124, 0.0, 0.0], "109": [-0.1826500389479528, 0.0, -0.08910784156086808, -0.14966495730328666], "110": [-0.13559706123588572, -0.08538983780846923, -0.21714922574428064, 0.0], "111": [0.0, 0.0, -0.21432185919278104, -0.19836941046095402], "112": [-0.30489658230700806, 0.0, 0.0, -0.2349870957130658], "113": [-0.29655230500043056, -0.26769663034560237, 0.0, 0.0], "114": [0.0, -0.33624476855197977, 0.0, 0.0], "115": [-0.08944058790841908, -0.13448385759414327, 0.0, 0.0], "116": [-0.069161736760201, -0.09217721215008289, 0.0, 0.0], "117": [-0.03940399, -0.06992805129641451, 0.0, 0.0], "118": [0.0, -0.04029427496246678, -0.04962922192, 0.0], "119": [0.0, 0.0, -0.03940399, -0.0490099501], "120": [-0.039671299, 0.0, 0.0, -0.0401979244609], "121": [-0.01, -0.03940399, 0.0, 0.0], "122": [0.0, -0.01, 0.0, -0.01], "123": [0.0, 0.0, -0.01, -0.01999], "124": [0.0, 0.0, -0.0199, -0.02008071919], "125": [0.0, 0.0, -0.01999, -0.041394523931384], "126": [-0.049808759392, 0.0, -0.03958309, -0.12218452358866234], "127": [0.0, 0.0, -0.1148301464187915, -0.17736133106557295], "128": [0.0, 0.0, -0.17369935311912402, -0.16152158176383516], "129": [0.0, 0.0, -0.1598332237923227, -0.18209306240276912], "130": [0.0, -0.21285404422592635, -0.1939104667316054, 0.0], "131": [-0.19836941046095402, -0.17383137616441327, 0.0, 0.0], "132": [-0.19106743686184444, 0.0, -0.17857469968345122, 0.0], "133": [0.0, 0.0, -0.15809716980261215, -0.1654862385499124],