{"0": -2.1603775549054576, "1": -1.7467731541904135, "2": -0.1882882297827857, "3": -0.18829883563337937, "4": -0.1784512423523245, "5": -0.17723586028655475, "6": -0.1305118687097642, "7": -0.08166321853236075, "8": -0.1402441194606225, "9": -0.19499988306785807, "10": -0.1981807455759368, "11": -0.2039103919128348, "12": -0.27767888734600055, "13": -0.3412349116293245, "14": -0.29678248278696917, "15": -0.23941218091733327, "16": -0.21806947672614155, "17": -0.19960410201074832, "18": -0.19816357152577568, "19": -0.19811191320246743, "20": -0.19808999932500151, "21": -0.19720534897973058, "22": -0.1787494745445145, "23": -0.1612110105108144, "24": -0.1836224180855728, "25": -0.09969702794777965, "26": -0.05121887714522025, "27": -0.12114516383423155, "28": -0.11935897231982881, "29": -0.11866637676416306, "30": -0.09979374715566679, "31": -0.07981303177419852, "32": -0.040829244019902663, "33": -1.97675617051646, "34": -0.09350986335254029}