{"0": [0.0, -1.5068010772028, -1.3980626346297504, 0.0], "1": [-0.4360948095476122, -0.7790620723346737, 0.0, 0.0], "2": [0.0, 0.0, -0.45831492403314616, -0.5001629701008008], "3": [0.0, -0.3985879081762582, 0.0, -0.5896200685521102], "4": [-0.3443407794258561, -0.2452807127963673, 0.0, 0.0], "5": [-0.2719091595863627, 0.0, 0.0, 0.0], "6": [-0.7252672814805374, -0.6898271685966189, 0.0, 0.0], "7": [-0.707522854260545, -0.8651922657260883, 0.0, 0.0], "8": [-0.8547621403088275, -0.8041071040474368, -0.9130290382575796, 0.0], "9": [-0.8743950591221611, -0.6789543491532538, 0.0, 0.0], "10": [-0.8064538822604397, -0.5628124231614726, 0.0, 0.0], "11": [0.0, 0.0, -0.7209579114149409, -0.6112160819257731], "12": [0.0, -1.2594432799905524, 0.0, -0.9517706772503725], "13": [-0.7624074452117068, -1.1201166418370307, 0.0, 0.0], "14": [-1.0739081309832328, -0.8344623261026566, 0.0, 0.0], "15": [-0.9684541261904228, -0.5150086297258368, 0.0, 0.0], "16": [-0.7770480640471984, 0.0, -0.6904190270763705, 0.0], "17": [0.0, 0.0, -0.5433902522560852, -0.5294133584143499], "18": [0.0, -0.49166753152725495, 0.0, -0.7022743950895857], "19": [-0.4188335858818902, -0.28226946740172487, 0.0, 0.0], "20": [-0.3284303031385882, 0.0, 0.0, -0.25299654533589944], "21": [-0.7134113504222185, -0.33771795901601626, 0.0, 0.0], "22": [-0.47393088105144937, 0.0, 0.0, 0.0], "23": [0.0, 0.0, -0.2299568541948447, -0.18825317525541402], "24": [0.0, 0.0, -0.18921624677354457, -0.2283454831913603], "25": [0.0, 0.0, -0.21809560379377832, -0.28226946740172487], "26": [0.0, -0.23465993190418907, -0.30676830660077936, 0.0], "27": [-0.19836941046095402, -0.309245691769782, 0.0, 0.0], "28": [-0.2764220430370323, -0.4400554507499404, 0.0, 0.0], "29": [-0.400057403053603, -0.7057877917211164, 0.0, 0.0], "30": [-0.5883388624127236, -0.8408683580830199, 0.0, 0.0], "31": [-0.7664800394610038, -0.7318979453673933, 0.0, 0.0], "32": [-0.8039442440542786, -0.5954589440800446, 0.0, 0.0], "33": [-0.6975120313156695, -0.4497581652895243, 0.0, 0.0], "34": [-0.5489887224672678, -0.27464318731036885, 0.0, 0.0], "35": [-0.3316038714394394, -0.18513004364483512, 0.0, 0.0], "36": [-0.19915215056060162, -0.16507461366397316, 0.0, 0.0], "37": [-0.16268921527948774, -0.2670750205265155, 0.0, 0.0], "38": [-0.2556810476533142, -0.223100453397039, -0.23209918419527029, 0.0], "39": [0.0, 0.0, -0.0864827525163591, -0.22217864060085324], "40": [-0.21652578369913156, -0.19836941046095402, 0.0, 0.0], "41": [-0.21006340409269694, 0.0, -0.15465999715776413, 0.0], "42": [0.0, 0.0, -0.20638571635634448, -0.13994164535871148], "43": [0.0, -0.24965283637493887, 0.0, -0.2174802273735461], "44": [-0.2299568541948447, -0.18209306240276912, 0.0, 0.0], "45": [-0.20149886821316904, 0.0, 0.0, -0.2831444701210581], "46": [0.0, 0.0, -0.25282790566840363, -0.2299568541948447], "47": [0.0, -0.3439833243049264, -0.2545829365679017, 0.0], "48": [-0.29655230500043056, -0.30358678195042627, 0.0, 0.0], "49": [-0.34423652625437084, 0.0, -0.6865133702363311, 0.0], "50": [0.0, 0.0, -0.5657686732081881, -0.5198585434285785], "51": [0.0, 0.0, 0.0, -0.7279176462213933], "52": [-0.07144287217043326, 0.0, 0.0, -0.09409290519591657], "53": [-0.08976218891970628, -0.06793465209301, 0.0, 0.0], "54": [-0.08789630642150419, -0.0877080993780411, -0.12247897700103201, 0.0], "55": [0.0, 0.0, 0.0, -0.12247897700103201], "56": [-0.039859299785661245, -0.08940929492014682, 0.0, 0.0], "57": [-0.03088897618458321, -0.040826424544231736, -0.030142089550900003, 0.0], "58": [0.0, 0.0, -0.0864827525163591, -0.029701], "59": [-0.09142793443218106, -0.030070274917219933, 0.0, 0.0], "60": [-0.13553643324349238, -0.0869238420672591, 0.0, 0.0], "61": [-0.12074085480432398, -0.13583759469266113, 0.0, 0.0], "62": [-0.15129399091404305, -0.12262344039848451, -0.1776149289038876, 0.0], "63": [-0.19836941046095402, -0.14736359199399596, 0.0, 0.0], "64": [0.0, -0.2123610073032644, 0.0, 0.0], "65": [0.0, 0.0, -0.17383137616441327, -0.1654862385499124], "66": [-0.08710202433635911, 0.0, 0.0, -0.1875542178627906], "67": [-0.0199, -0.0864827525163591, 0.0, 0.0], "68": [0.0, -0.020692179101800004, -0.0872749491717501, 0.0], "69": [0.0, 0.0, -0.058519850599, -0.0864827525163591], "70": [-0.03940399, -0.03940399, 0.0, -0.06185445450449532], "71": [0.0, -0.0402852513709, 0.0, 0.0], "72": [-0.03993593491, 0.0, 0.0, 0.0], "73": [-0.11004300906426472, 0.0, 0.0, -0.08761218683990632], "74": [-0.07725530557207991, -0.10466174574128355, 0.0, 0.0], "75": [0.0, -0.07864927152851962, 0.0, 0.0]}