{"0": [0.0, -1.2641000916279321, 0.0, -1.1858305549091965], "1": [-0.30358678195042627, -0.19697643976018384, 0.0, 0.0], "2": [0.0, 0.0, -0.4303987975228406, -0.9277357486300325], "3": [0.0, 0.0, -0.7572440076187072, -1.0821336643858743], "4": [0.0, 0.0, -0.9976932215935564, -1.177140967079219], "5": [0.0, 0.0, -1.1417898412853047, -1.004175300133431], "6": [0.0, 0.0, -0.9239811701743008, -1.0663916195162906], "7": [0.0, 0.0, -0.9442268956511876, -1.1418672548749762], "8": [0.0, 0.0, -1.1945767655855435, -0.6945409740716953], "9": [0.0, -0.7490925423037416, -1.0910047532662157, 0.0], "10": [-0.6151039211065155, -0.5341192248302064, 0.0, 0.0], "11": [-0.7640329127373834, 0.0, -1.0133447463792349, 0.0], "12": [0.0, 0.0, -1.0646440701850297, -0.6622455991010979], "13": [0.0, -0.8822073230818077, -1.1318515649906622, -0.9003612902371904], "14": [0.0, 0.0, -0.9222930595448573, -1.060957616549004], "15": [0.0, 0.0, -0.8095037092937706, -0.9827171807206367], "16": [0.0, 0.0, -0.5701109864761063, -0.9336411411619157], "17": [0.0, -0.7749428391957435, 0.0, -0.8234236194978967], "18": [-0.6412517023181081, -0.6189528818954503, 0.0, 0.0], "19": [-0.8448429003806485, 0.0, -1.052791600846823, -1.0592580822666517], "20": [0.0, 0.0, -0.7319532830831258, -1.101803337318995], "21": [0.0, 0.0, 0.0, -1.099982010070441], "22": [0.0, 0.0, -1.189343233947623, -0.7265108489777836], "23": [0.0, -0.8496995994556602, -1.2163948080873401, 0.0], "24": [-0.6151039211065155, -0.5993153470484593, 0.0, 0.0], "25": [-0.7909420162210893, 0.0, 0.0, 0.0], "26": [-0.6189528818954503, -0.505575576395868, 0.0, 0.0], "27": [-0.5889316223764308, -0.29045544029692827, 0.0, 0.0], "28": [-0.331235489999477, -0.14854222890512436, 0.0, 0.0], "29": [-0.17351662839384122, 0.0, 0.0, -0.039769831814718055], "30": [0.0, 0.0, -0.03940399, -0.081179738026356], "31": [0.0, 0.0, -0.07898821294121443, -0.06828928800301], "32": [0.0, 0.0, -0.06820596265501, -0.03940399], "33": [0.0, -0.14019719163740005, -0.04114205882527681, 0.0], "34": [-0.1312541872310217, -0.10958841671914579, 0.0, 0.0], "35": [-0.10799552748125615, -0.0968423614254236, 0.0, -0.06260600726657946], "36": [-0.09928303259711929, -0.058787159599, 0.0, 0.0], "37": [-0.06202018539172608, -0.01, 0.0, 0.0], "38": [0.0, 0.0, -0.058519850599, -0.14262292988438052], "39": [0.0, -0.059051795509, -0.1422370435949781, -0.060423131900633045], "40": [0.0, 0.0, -0.063036434208294, -0.06793465209301], "41": [-0.058519850599, -0.0199, 0.0, 0.0], "42": [-0.07725530557207991, 0.0, -0.06910446749209576, 0.0], "43": [-0.01999, -0.07725530557207991, 0.0, 0.0], "44": [-0.01, -0.02111670961898581, 0.0, -0.03940399], "45": [0.0, 0.0, -0.03940399, 0.0], "46": [0.0, -0.01, 0.0, 0.0], "47": [-0.020256409000000003, 0.0, 0.0, 0.0], "48": [-0.01018388750419, 0.0, 0.0, 0.0], "49": [-0.21739074847153944, -0.2332856267874895, 0.0, 0.0], "50": [-0.2212538508618704, -0.30205122961559455, 0.0, 0.0], "51": [-0.2945584095723999, -0.21065041876551505, 0.0, 0.0], "52": [-0.23487420255516397, -0.0777872504820799, 0.0, 0.0], "53": [-0.08840258779086746, -0.0199, 0.0, 0.0], "54": [-0.02067863084125645, 0.0, 0.0, 0.0]}