{"algorithm": "MAL", "environment_number": 4, "iteration_done": 9, "mse": [-37.81645569620253, NaN, NaN, NaN, NaN, NaN, NaN, NaN, NaN, NaN], "cost_function": [0, -55883.04096245958, -59525.01397098001, -53773.61248404202, -12075.020733800573, -48486.38871858825, -48861.26008835772, -19885.8647142553, -18821.171916544172, -51229.05639862316]}