{"algorithm": "MAL", "environment_number": 9, "iteration_number": 10, "mse": [-0.05539788354259819, -0.1255171059330808, -0.26841075863948494, -0.3140080156997853, -0.43500305097565917, -0.44479259437994345, -0.44948206705099947, -0.46619231780434645, -0.4720697902677857, -0.474714040607289], "cost_function": -2.886579864025407e-15, "best_model": 0, "nash_equilibrium_found": true}