{"algorithm": "MAL", "environment_number": 8, "iteration_number": 1, "mse": [-0.0011087351602329335, -0.0011547853641704392, -0.00104798547424911], "cost_function": 0, "best_model": 2, "nash_equilibrium_found": null}