{"algorithm": "MAL", "environment_number": 26, "iteration_number": 1, "mse": [-0.0065487425722964105, -0.007165285130772769, -0.006956008276305624], "cost_function": 0, "best_model": 0, "nash_equilibrium_found": null}