{"algorithm": "MAL", "environment_number": 1, "iteration_done": 9, "mse": [-11.003225806451614, NaN, NaN, NaN, NaN, NaN, NaN, NaN, NaN, NaN], "cost_function": [0, -2139.4534718182836, -2255.077385543967, -2380.9695894789857, -3825.7627661372253, -4345.195074045236, -5688.421083579283, -5285.948460172829, -5654.07697973601, -7626.376408003975]}