{"algorithm": "MAL", "environment_number": 2, "iteration_number": 2, "mse": [-0.004119283820026287, -0.0055649926355209305], "cost_function": -1.713039432527097e-17, "best_model": 0, "nash_equilibrium_found": true}