{"algorithm": "PAL", "environment_number": 12, "iteration_number": 1, "mse": [-0.0005069644727416362, -0.0009463359476050785, -0.0006422955600763694], "cost_function": -58.384863532156565, "best_model": 0, "nash_equilibrium_found": null}