{"algorithm": "PAL", "environment_number": 3, "iteration_number": 1, "mse": [-0.00025342533005445143, -0.00267663019095806, -0.0025764490899829635], "cost_function": -18.384166867238562, "best_model": 0, "nash_equilibrium_found": null}