{"algorithm": "PAL", "environment_number": 24, "iteration_number": 1, "mse": [-0.00026100534117741154, -0.0003350743479953904, -0.00018301187652941178], "cost_function": -113.18020388924214, "best_model": 2, "nash_equilibrium_found": null}