{"algorithm": "MAL", "environment_number": 8, "iteration_number": 10, "mse": [-0.09564587025418082, -0.2465910144634221, -0.3156603897013946, -0.4092049010377236, -0.4305162336232715, -0.43169978644657775, -0.4738206181851347, -0.48159609845786083, -0.4885998044690492, -0.49522254206801664], "cost_function": 8.881784197001252e-16, "best_model": 0, "nash_equilibrium_found": true}