{"algorithm": "MAL", "environment_number": 1, "iteration_number": 10, "mse": [-0.05249255265270902, -0.11985192159545474, -0.12364835173849095, -0.13874649592185487, -0.1524223599687709, -0.16695139622113447, -0.2142919151907803, -0.2156384904567176, -0.24500527759019788, -0.2634391396761533], "cost_function": 0.0, "best_model": 0, "nash_equilibrium_found": true}