{"algorithm": "PAL", "environment_number": 2, "iteration_number": 1, "mse": [-0.00024131397830124836, -0.0006030201225089005, -0.00011822530004347825], "cost_function": -6.489196127233101, "best_model": 2, "nash_equilibrium_found": null}