{"algorithm": "MAL", "environment_number": 13, "iteration_number": 2, "mse": [-0.0037561164247733375, -0.002450496921227456, -0.0018249739464276887], "cost_function": -15.815796868044336, "best_model": 2, "nash_equilibrium_found": true}