{"algorithm": "PAL", "environment_number": 7, "iteration_number": 2, "mse": [-0.0008261814228918205, -0.00035722160899744136, -0.0004078833598026805], "cost_function": -38.47062482337479, "best_model": 1, "nash_equilibrium_found": true}