{"algorithm": "MAL", "environment_number": 3, "iteration_number": 2, "mse": [-3.691446591593854e-05, -3.777250761138352e-05, -9.921923553764948e-05], "cost_function": -15.195215715038989, "best_model": 0, "nash_equilibrium_found": true}