{"algorithm": "MAL", "environment_number": 20, "iteration_number": 1, "mse": [-0.002898436530435841, -0.007710748843048472, -0.0021295508013525533], "cost_function": 0, "best_model": 2, "nash_equilibrium_found": null}