{"algorithm": "MAL", "environment_number": 5, "iteration_done": 9, "mse": [-41.09756097560975, NaN, NaN, NaN, NaN, NaN, NaN, NaN, NaN, NaN], "cost_function": [0, -46108.620650484205, -53202.670011037306, -51905.917657024205, -53098.00722049269, -51098.81944549812, -54060.610491369065, -27770.044533573742, -52055.718538289155, -26742.65849547454]}