{"algorithm": "PAL", "environment_number": 8, "iteration_number": 1, "mse": [-0.0012671226673360418, -0.000834071142513068, -0.0003219371892647981], "cost_function": -41.490012834753976, "best_model": 2, "nash_equilibrium_found": null}