{"algorithm": "PAL", "environment_number": 9, "iteration_number": 1, "mse": [-0.00024312282478852735, -0.0016031877162739072, -0.0009631582804672508], "cost_function": -44.97682723682973, "best_model": 0, "nash_equilibrium_found": null}