{"algorithm": "PAL", "environment_number": 21, "iteration_number": 1, "mse": [-0.0012847346346479237, -0.0015262328686076925, -0.0006245353676261551], "cost_function": -99.98963101796761, "best_model": 2, "nash_equilibrium_found": null}