{"algorithm": "PAL", "environment_number": 6, "iteration_number": 2, "mse": [-0.0001711994718114735, -0.00021201408979024312, -0.00018192356210741456], "cost_function": -35.7178122197522, "best_model": 0, "nash_equilibrium_found": true}