{"algorithm": "MAL", "environment_number": 6, "iteration_number": 10, "mse": [-0.00021977424523183392, -0.03258116936629703, -0.06359317069358528, -0.11898189874612031, -0.1244252450284497, -0.13613646463959606, -0.16000725024430357, -0.18282320064158294, -0.1908062647569883, -0.21602094708259684], "cost_function": 1.2198575483068907e-14, "best_model": 0, "nash_equilibrium_found": true}