{"algorithm": "MAL", "environment_number": 30, "iteration_number": 1, "mse": [-0.0008515686220728545, -0.004363343977044257, -0.010981487124905986], "cost_function": 0, "best_model": 0, "nash_equilibrium_found": null}