{"algorithm": "PAL", "environment_number": 15, "iteration_number": 1, "mse": [-0.0011768844092954855, -0.00038826760326949943, -0.004940284451781777], "cost_function": -70.06648730703031, "best_model": 1, "nash_equilibrium_found": null}