{"algorithm": "MAL", "environment_number": 13, "iteration_number": 1, "mse": [-0.0035772874808382075, -0.0062157410814886235, -0.001907925608259111], "cost_function": 0, "best_model": 2, "nash_equilibrium_found": null}