{"algorithm": "PAL", "environment_number": 19, "iteration_number": 2, "mse": [-0.0005906105541191887, -0.0005667153316491233, -0.00024849792132677017], "cost_function": -96.09452202407562, "best_model": 2, "nash_equilibrium_found": true}