{"algorithm": "MAL", "environment_number": 9, "iteration_done": 9, "mse": [-29.098837209302324, NaN, NaN, NaN, NaN, NaN, NaN, NaN, NaN, NaN], "cost_function": [0, -50272.80152881903, -39366.0617895719, -46337.38214665404, -48383.11970678082, -50464.50356961764, -41229.95865832831, -46916.758876098516, -44764.18158321716, -46746.6613366909]}