{"algorithm": "PAL", "environment_number": 22, "iteration_number": 2, "mse": [-0.0003008809673721464, -0.00024045219924633798, -0.0003972021036217321], "cost_function": -109.16445761052854, "best_model": 1, "nash_equilibrium_found": true}