{"algorithm": "MAL", "environment_number": 4, "iteration_number": 10, "mse": [-0.08306957045375055, -0.11369867346971818, -0.12115085563501363, -0.2009527122781164, -0.20445896714310624, -0.21733850327019472, -0.2266328233660321, -0.2320389339961354, -0.2338146635103736, -0.2346977539079913], "cost_function": 7.494005416219807e-16, "best_model": 0, "nash_equilibrium_found": true}