{"algorithm": "MAL", "environment_number": 18, "iteration_number": 1, "mse": [-0.007553134207610315, -0.00842697964916893, -0.001972552743083297], "cost_function": 0, "best_model": 2, "nash_equilibrium_found": null}