{"algorithm": "PAL", "environment_number": 27, "iteration_number": 1, "mse": [-0.0011650261409658987, -0.0021396464890592972, -0.0004207774246550261], "cost_function": -127.18694260232331, "best_model": 2, "nash_equilibrium_found": null}