{"algorithm": "MAL", "environment_number": 24, "iteration_number": 1, "mse": [-0.005046055418804955, -0.004802114617936226, -0.0008371558002720636], "cost_function": 0, "best_model": 2, "nash_equilibrium_found": null}