{"algorithm": "MAL", "environment_number": 29, "iteration_number": 1, "mse": [-0.007280458435738762, -0.0017241326438198127, -0.010670324980778531], "cost_function": 0, "best_model": 1, "nash_equilibrium_found": null}