{"algorithm": "PAL", "environment_number": 26, "iteration_number": 2, "mse": [-0.00014150267932058283, -0.0005809417122153191, -0.00017446809206018938], "cost_function": -24.959536358862444, "best_model": 0, "nash_equilibrium_found": true}