{"algorithm": "PAL", "environment_number": 8, "iteration_number": 2, "mse": [-0.00047771195063839333, -0.0001959366835094826, -0.0004853656929602983], "cost_function": -45.82042010062747, "best_model": 1, "nash_equilibrium_found": true}