{"algorithm": "MAL", "environment_number": 10, "iteration_number": 10, "mse": [-0.02181132678597926, -0.03052356705739431, -0.07697867528316507, -0.13135471022323855, -0.18972972705484067, -0.19323557232641855, -0.20332821446006633, -0.2279389110717883, -0.24009973131291173, -0.24151603837924776], "cost_function": -8.193445921733655e-14, "best_model": 0, "nash_equilibrium_found": true}