{"algorithm": "MAL", "environment_number": 1, "iteration_number": 1, "mse": [-2.4957627118644075e-05, -9.869881134969325e-05, -0.0003871251429827668], "cost_function": 0.0, "best_model": 0, "nash_equilibrium_found": null}