{"algorithm": "PAL", "environment_number": 13, "iteration_number": 2, "mse": [-0.0004324525791443113, -0.0003819464244016444, -0.0003551432391741346], "cost_function": -66.86381162398274, "best_model": 2, "nash_equilibrium_found": true}