{"algorithm": "MAL", "environment_number": 24, "iteration_number": 2, "mse": [-0.001370149901075295, -0.0016121310362268008, -0.00215688848116865], "cost_function": -103.34414673643339, "best_model": 0, "nash_equilibrium_found": true}