{"algorithm": "PAL", "environment_number": 16, "iteration_number": 2, "mse": [-0.00011437427060170203, -0.0001883971437909712, -0.00011009540037915363], "cost_function": -74.16505151588193, "best_model": 2, "nash_equilibrium_found": true}