{"algorithm": "MAL", "environment_number": 2, "iteration_number": 2, "mse": [-0.00010793289793975762, -7.647062602198781e-05, -0.0001541617629621746], "cost_function": -10.799026634233442, "best_model": 1, "nash_equilibrium_found": true}