{"algorithm": "PAL", "environment_number": 5, "iteration_number": 1, "mse": [-0.00045256071672082545, -0.0006237106321016018, -0.0006004003443799937], "cost_function": -27.63491422980863, "best_model": 0, "nash_equilibrium_found": null}