{"algorithm": "MAL", "environment_number": 21, "iteration_number": 1, "mse": [-0.0034470168855050987, -0.007280458435738762, -0.003866646652083936], "cost_function": 0, "best_model": 0, "nash_equilibrium_found": null}