{"algorithm": "PAL", "environment_number": 27, "iteration_number": 2, "mse": [-0.0002984334247324325, -0.0008082984336795952, -0.00041580102229314637], "cost_function": -26.23164942630067, "best_model": 0, "nash_equilibrium_found": true}