{"algorithm": "MAL", "environment_number": 11, "iteration_number": 2, "mse": [-0.0030189056309826955, -0.002048143029675259, -0.0028804982674241753], "cost_function": -14.386888425224322, "best_model": 1, "nash_equilibrium_found": true}