{"algorithm": "PAL", "environment_number": 1, "iteration_number": 2, "mse": [-0.00037032127260421053, -0.0001494418973488965, -0.0004011466221645574], "cost_function": -6.682192894513825, "best_model": 1, "nash_equilibrium_found": true}