{"algorithm": "PAL", "environment_number": 25, "iteration_number": 2, "mse": [-0.00011713196972209978, -0.0003612821173431242, -0.0002805211791544686], "cost_function": -122.64095765355584, "best_model": 0, "nash_equilibrium_found": true}