{"algorithm": "MAL", "environment_number": 7, "iteration_done": 9, "mse": [-51.25438596491228, NaN, NaN, NaN, NaN, NaN, NaN, NaN, NaN, NaN], "cost_function": [0, -50313.037127232215, -46609.50946360731, -46478.99769063531, -51275.864730172725, -49449.05698302161, -51573.351495483, -42434.100968977655, -43830.62721230394, -43838.072382447244]}