{"algorithm": "MAL", "environment_number": 28, "iteration_number": 1, "mse": [-0.002403267584143563, -0.009560522470817056, -0.005501724796322307], "cost_function": 0, "best_model": 0, "nash_equilibrium_found": null}