{"algorithm": "PAL", "environment_number": 10, "iteration_number": 1, "mse": [-0.0002272453837730116, -0.0003810207738464325, -0.00020157299881500554], "cost_function": -49.62880425130141, "best_model": 2, "nash_equilibrium_found": null}