{"algorithm": "MAL", "environment_number": 10, "iteration_done": 9, "mse": [-65.85964912280701, -33.048780487804876, NaN, NaN, NaN, NaN, NaN, NaN, NaN, NaN], "cost_function": [0, -50922.89251051568, -37340.96157222584, -50006.19926723509, -50899.071126583694, -57702.08286048495, -55307.46670593662, -58747.25113248369, -63603.50880143937, -62235.555881183594]}