{"algorithm": "MAL", "environment_number": 3, "iteration_number": 1, "mse": [-0.00014799090788650127, -0.00012262450954761905, -0.00011043533410227275], "cost_function": 0, "best_model": 2, "nash_equilibrium_found": null}