{"algorithm": "MAL", "environment_number": 7, "iteration_number": 1, "mse": [-0.0004426278303474859, -0.006527888035234458, -0.0011355057532892985], "cost_function": 0, "best_model": 0, "nash_equilibrium_found": null}