{"algorithm": "PAL", "environment_number": 13, "iteration_number": 1, "mse": [-0.0007888843338656876, -0.0013713334339641094, -0.00036770558233567075], "cost_function": -61.73048748723944, "best_model": 2, "nash_equilibrium_found": null}