{"algorithm": "PAL", "environment_number": 18, "iteration_number": 2, "mse": [-0.0006994918871422385, -0.0007121247652379537, -0.0008083797936953858], "cost_function": -21.319485254304638, "best_model": 0, "nash_equilibrium_found": true}