{"algorithm": "PAL", "environment_number": 30, "iteration_number": 1, "mse": [-0.00010582972994370462, -0.00020237443690506235, -0.0002422211155802333], "cost_function": -31.13726465554941, "best_model": 0, "nash_equilibrium_found": null}