{"algorithm": "PAL", "environment_number": 1, "iteration_number": 1, "mse": [-0.0002601006073214286, -0.00010791562041666666, -5.246006756756758e-05], "cost_function": -6.025298344772357, "best_model": 2, "nash_equilibrium_found": null}