{"algorithm": "MAL", "environment_number": 11, "iteration_number": 1, "mse": [-0.0029145786576423097, -0.004209480350369039, -0.0024585892856724247], "cost_function": 0, "best_model": 2, "nash_equilibrium_found": null}