{"algorithm": "MAL", "environment_number": 10, "iteration_number": 1, "mse": [-0.0035024458992022165, -0.004171776360207972, -0.00395272546943221], "cost_function": 0, "best_model": 0, "nash_equilibrium_found": null}