{"algorithm": "MAL", "environment_number": 19, "iteration_number": 1, "mse": [-0.00369842349389931, -0.00452681463651748, -0.007165285130772769], "cost_function": 0, "best_model": 0, "nash_equilibrium_found": null}