{"algorithm": "PAL", "environment_number": 29, "iteration_number": 1, "mse": [-0.00029724476240643394, -0.0007631119503155629, -0.00043564645890214695], "cost_function": -136.5182948612304, "best_model": 0, "nash_equilibrium_found": null}