{"algorithm": "PAL", "environment_number": 4, "iteration_number": 2, "mse": [-0.0007589386617200916, -0.00033379728960328427, -0.0006797237866533652], "cost_function": -28.213619633443493, "best_model": 1, "nash_equilibrium_found": true}