{"algorithm": "MAL", "environment_number": 4, "iteration_number": 1, "mse": [-5.965800000000001e-05, -7.827861454032259e-05, -0.00012461693047826088], "cost_function": 0, "best_model": 0, "nash_equilibrium_found": null}