{"algorithm": "PAL", "environment_number": 17, "iteration_number": 2, "mse": [-0.000507451425438758, -0.001058723077962673, -0.0005195110463605644], "cost_function": -19.5707033500505, "best_model": 0, "nash_equilibrium_found": true}