{"algorithm": "MAL", "environment_number": 5, "iteration_number": 10, "mse": [-0.1091717405350592, -0.17407287922870618, -0.21698226197823636, -0.2312472898782619, -0.2324760697888124, -0.2404541055278808, -0.2448870355106822, -0.24540831812915093, -0.24621477237382175, -0.24885205083639372], "cost_function": 2.4147350785597155e-15, "best_model": 0, "nash_equilibrium_found": true}