{"algorithm": "MAL", "environment_number": 27, "iteration_number": 1, "mse": [-0.006861904726804472, -0.0016929528273763137, -0.004850931214767111], "cost_function": 0, "best_model": 1, "nash_equilibrium_found": null}