{"algorithm": "MAL", "environment_number": 2, "iteration_number": 1, "mse": [-0.0007064292867078326, -0.0005046187128205032, -0.00031916895737963037], "cost_function": 0, "best_model": 2, "nash_equilibrium_found": null}