{"algorithm": "PAL", "environment_number": 28, "iteration_number": 2, "mse": [-0.00021684239227282338, -0.00037035912250819815, -0.0006434987105107744], "cost_function": -26.67809079432319, "best_model": 0, "nash_equilibrium_found": true}