{"algorithm": "MAL", "environment_number": 8, "iteration_done": 9, "mse": [-38.10897435897436, NaN, NaN, NaN, NaN, NaN, NaN, NaN, NaN, NaN], "cost_function": [0, -49955.111837702396, -50943.67571667895, -48875.45412388292, -50456.64741154501, -48429.080660793654, -50195.400352123805, -50555.823288122745, -42193.22567792354, -48618.77329349274]}