{"algorithm": "PAL", "environment_number": 23, "iteration_number": 2, "mse": [-0.0007868130339061249, -0.000438361918065145, -0.0003427421178819393], "cost_function": -112.5619890595679, "best_model": 2, "nash_equilibrium_found": true}