{"algorithm": "PAL", "environment_number": 26, "iteration_number": 1, "mse": [-0.0009190667000747886, -0.0015931918395039365, -0.0013154958257669928], "cost_function": -12.57725875304471, "best_model": 0, "nash_equilibrium_found": null}