{"algorithm": "PAL", "environment_number": 4, "iteration_number": 1, "mse": [-0.0011093860381422268, -0.000728913741214462, -0.00043731816755751893], "cost_function": -23.284350072308165, "best_model": 2, "nash_equilibrium_found": null}