{"algorithm": "PAL", "environment_number": 22, "iteration_number": 1, "mse": [-0.0003796883505849704, -0.00019131345894117646, -0.0005539090135284156], "cost_function": -24.345152782172036, "best_model": 1, "nash_equilibrium_found": null}