{"algorithm": "MAL", "environment_number": 17, "iteration_number": 2, "mse": [-0.003655622758539324, -0.002126966368098741, -0.0011957247219775923], "cost_function": -71.33484833738594, "best_model": 2, "nash_equilibrium_found": true}