{"algorithm": "MAL", "environment_number": 9, "iteration_number": 1, "mse": [-0.0023234829623496735, -0.0003825260490238722, -0.0001958899226010579], "cost_function": 0, "best_model": 2, "nash_equilibrium_found": null}