{"algorithm": "MAL", "environment_number": 3, "iteration_done": 9, "mse": [-227.93103448275863, NaN, NaN, -172.5, -54.95283018867924, -59.035714285714285, NaN, NaN, NaN, NaN], "cost_function": [0, -60689.00013335908, -59198.67328446995, -17395.56741317178, -51258.01975973543, -47495.22994953049, -48942.912690988494, -41369.11388585368, -17983.130767569954, -52671.69315905841]}