{"algorithm": "MAL", "environment_number": 23, "iteration_number": 1, "mse": [-0.003911878459762373, -0.003312825638824441, -0.006715682087393152], "cost_function": 0, "best_model": 1, "nash_equilibrium_found": null}