{"algorithm": "MAL", "environment_number": 14, "iteration_number": 1, "mse": [-0.004095031971955544, -0.004204702192023702, -0.004873083150234869], "cost_function": 0, "best_model": 0, "nash_equilibrium_found": null}