{"algorithm": "MAL", "environment_number": 6, "iteration_done": 9, "mse": [-42.6764705882353, NaN, NaN, NaN, NaN, NaN, NaN, NaN, NaN, NaN], "cost_function": [0, -44410.91476125187, -29996.542913263544, -50740.70762311694, -50533.73606740582, -45080.95720978255, -43548.031405966896, -45165.220834464686, -48633.24162090001, -49905.68709518786]}