{"algorithm": "PAL", "environment_number": 15, "iteration_number": 2, "mse": [-0.00021141349671659426, -0.00026097143412624063, -0.0005355126108463261], "cost_function": -73.33317415634852, "best_model": 0, "nash_equilibrium_found": true}