{"algorithm": "MAL", "environment_number": 16, "iteration_number": 1, "mse": [-0.016938973903550158, -0.006580032978786365, -0.009560522470817056], "cost_function": 0, "best_model": 1, "nash_equilibrium_found": null}