{"algorithm": "MAL", "environment_number": 17, "iteration_number": 1, "mse": [-0.00246943861728955, -0.0022878033221514224, -0.001218616927537818], "cost_function": 0, "best_model": 2, "nash_equilibrium_found": null}