{"algorithm": "MAL", "environment_number": 2, "iteration_done": 9, "mse": [-177.41379310344828, -187.36206896551724, -189.81034482758622, -175.36206896551724, -223.86206896551724, -171.27586206896552, -187.51724137931035, -197.8793103448276, -199.18965517241378, -174.6206896551724], "cost_function": [0, -12080.50057833282, -16795.71072373868, -23858.275300867404, -28354.991337059168, -40497.577423079, -41764.08459767583, -47709.34085063996, -69825.07438604117, -77104.07840978724]}