{"algorithm": "MAL", "environment_number": 1, "iteration_number": 1, "mse": [-9.350236111111112e-05, -0.00021457688132432435, -0.0003705245793900238], "cost_function": 0.0, "best_model": 0, "nash_equilibrium_found": null}