{"algorithm": "MAL", "environment_number": 7, "iteration_number": 10, "mse": [-0.02069844845990812, -0.030705858621601318, -0.04360621479541118, -0.09879023381525859, -0.13351234514081217, -0.19576360544815052, -0.2181018945294129, -0.239073315200699, -0.24663013577616508, -0.24793951316149013], "cost_function": -1.7041923427996153e-14, "best_model": 0, "nash_equilibrium_found": true}