{"algorithm": "PAL", "environment_number": 9, "iteration_number": 2, "mse": [-0.00032534965041841716, -0.00042219733336631136, -0.00034798637831155173], "cost_function": -47.93761188833132, "best_model": 0, "nash_equilibrium_found": true}