{"algorithm": "PAL", "environment_number": 30, "iteration_number": 2, "mse": [-0.00014125620972589686, -0.0001495578744409887, -0.000440859280197528], "cost_function": -12.498194677968968, "best_model": 0, "nash_equilibrium_found": true}