{"algorithm": "PAL", "environment_number": 23, "iteration_number": 1, "mse": [-0.0006551459589716039, -0.00047629513794396073, -0.0006108398691341202], "cost_function": -108.74654598055989, "best_model": 1, "nash_equilibrium_found": null}