{"algorithm": "PAL", "environment_number": 20, "iteration_number": 1, "mse": [-0.0010433241375144293, -0.0002969371853552329, -0.0005943265121949204], "cost_function": -9.413569520909231, "best_model": 1, "nash_equilibrium_found": null}