{"algorithm": "PAL", "environment_number": 16, "iteration_number": 1, "mse": [-0.00034194255718308843, -0.00013310724231083542, -0.0004438190619345638], "cost_function": -74.7965437830209, "best_model": 1, "nash_equilibrium_found": null}