{"algorithm": "PAL", "environment_number": 14, "iteration_number": 2, "mse": [-0.0002925417553382233, -0.0005347514900175313, -0.00048666449911731675], "cost_function": -71.03695823781545, "best_model": 0, "nash_equilibrium_found": true}