{"algorithm": "PAL", "environment_number": 11, "iteration_number": 2, "mse": [-0.0004768458566252348, -0.0005326697279556631, -0.00026810716126323764], "cost_function": -13.750377442680255, "best_model": 2, "nash_equilibrium_found": true}