{"algorithm": "PAL", "environment_number": 28, "iteration_number": 1, "mse": [-0.0011370592247831731, -0.0003975750944851954, -0.0006422955600763694], "cost_function": -11.335934304414806, "best_model": 1, "nash_equilibrium_found": null}