{"algorithm": "MAL", "environment_number": 6, "iteration_number": 1, "mse": [-0.0010926729685453742, -0.0003274250446284692, -0.0003786020031166771], "cost_function": 0, "best_model": 1, "nash_equilibrium_found": null}