{"algorithm": "MAL", "environment_number": 12, "iteration_number": 1, "mse": [-0.004558839015942005, -0.002525336253623587, -0.003964380570842108], "cost_function": 0, "best_model": 1, "nash_equilibrium_found": null}