{"algorithm": "MAL", "environment_number": 15, "iteration_number": 1, "mse": [-0.002283827239199056, -0.003083111627924852, -0.005829724555031021], "cost_function": 0, "best_model": 0, "nash_equilibrium_found": null}