{"algorithm": "PAL", "environment_number": 11, "iteration_number": 1, "mse": [-0.00025054216677569826, -0.0012338439843031413, -0.0003663372656287321], "cost_function": -14.056135219296689, "best_model": 0, "nash_equilibrium_found": null}