{"algorithm": "MAL", "environment_number": 29, "iteration_number": 2, "mse": [-0.0036573524910850385, -0.0032565218089757463, -0.0021794780914828], "cost_function": -128.70029320837102, "best_model": 2, "nash_equilibrium_found": true}