{"algorithm": "MAL", "environment_number": 22, "iteration_number": 1, "mse": [-0.0017281753648791306, -0.0019104983726951463, -0.004657516839962519], "cost_function": 0, "best_model": 0, "nash_equilibrium_found": null}