{"algorithm": "PAL", "environment_number": 3, "iteration_number": 2, "mse": [-0.0008722166541211003, -0.0007340840717345882, -0.000723767377864772], "cost_function": -8.516397512523643, "best_model": 2, "nash_equilibrium_found": true}