{"algorithm": "MAL", "environment_number": 2, "iteration_number": 10, "mse": [-0.0022787914662199572, -0.08448522450802781, -0.09289948600595438, -0.15447779542872817, -0.1681564047558601, -0.21436813375351554, -0.2170400038367541, -0.23571917412982848, -0.24099472901373098, -0.2439674424432661], "cost_function": 1.609823385706477e-15, "best_model": 0, "nash_equilibrium_found": true}