{"algorithm": "MAL", "environment_number": 3, "iteration_number": 10, "mse": [-0.007505599177804706, -0.12432147339131756, -0.12739288514725142, -0.15763171994252756, -0.16086572940551228, -0.1953249005425532, -0.20053115591944157, -0.214856017717459, -0.21834378945927757, -0.23310652585541375], "cost_function": 1.7208456881689926e-15, "best_model": 0, "nash_equilibrium_found": true}