{"algorithm": "MAL", "environment_number": 5, "iteration_number": 1, "mse": [-0.00021097610679176766, -0.0004388227824627455, -0.0004596512406620358], "cost_function": 0, "best_model": 0, "nash_equilibrium_found": null}