{"environment_number": 1, "iteration_number": 1, "kl_divergence": [0.00011144694201649201, 0.00011014241725793017], "cost_function": [88.78979337670275, 71.5225875243816], "best_model": 1, "nash_equilibrium_found": false}