{"environment_number": 1, "iteration_number": 2, "kl_divergence": [6.01978274866367, 8.977299786986062], "cost_function": [87.76861172469812, 138.60899776173875], "best_model": 0, "nash_equilibrium_found": false}