{"environment_number": 2, "iteration_number": 2, "kl_divergence": [10.8411644563928, 12.712388652592391], "cost_function": [289.9315760493126, 600.4223804844935], "best_model": 0, "nash_equilibrium_found": false}