{"algorithm": "PAL", "environment_number": 24, "iteration_done": 1, "mse": [-0.00034815839473436314], "cost_function": [-162.1783865761635]}