{"algorithm": "PAL", "environment_number": 5, "iteration_number": 1, "kl_divergence": [0.0, 0.0, 0.0, 0.0, 0.0, 0.0, 0.0, 0.0, 0.0, 0.0], "cost_function": [39628.189715366105, 52847.29754150557, 80064.14302031208, 30712.216624007688, 28004.892883422108, 49146.8129934451, 15609.100116777203, 33845.72700839928, 30564.477229367218, 28673.268186560967], "best_model": 0, "nash_equilibrium_found": false}