{"algorithm": "PAL", "environment_number": 34, "iteration_done": 2, "mse": [-0.000628160512789946, -0.0006767149798860961], "cost_function": [-13.000231954045269, -189.2665122825256]}