{"algorithm": "PAL", "environment_number": 50, "iteration_done": 4, "mse": [-0.0010020792591227436, -0.005951801388507678, -0.005737066624788263, -4.187842359618091e-05], "cost_function": [-5261.847723621464, -1526.90009786427, -1549.1637498030746, -1557.6780408327008]}