{"algorithm": "PAL", "environment_number": 19, "iteration_number": 2, "kl_divergence": [4.168787678715139e-05, 3.690409134656388e-05, 5.196737232634672e-05, 5.196737232714144e-05, 5.1967372327149064e-05, 5.196737232715007e-05, 8.553388363159787e-05, 8.55338836315964e-05, 8.553388363159686e-05, 8.974093155692729e-05], "cost_function": [11238.669164388963, 11368.259356190683, 12129.023152152513, 11612.080626902802, 12372.131481440283, 11829.993749315972, 12584.768463688762, 12678.483482969363, 12762.09335801016, 12165.142683865288], "best_model": 1, "nash_equilibrium_found": false}