{"algorithm": "PAL", "environment_number": 12, "iteration_done": 1, "mse": [-0.016818963164903233], "cost_function": [-1140.7523506988243]}