{"algorithm": "PAL", "environment_number": 10, "iteration_done": 1, "mse": [-0.281484483572684], "cost_function": [-208.9386654124785]}