{"algorithm": "PAL", "environment_number": 1, "iteration_number": 4, "kl_divergence": [0.001008417485849829, 0.00020857750826103986, 0.0008584424096317248, 0.0013654944432624934, 0.0013698966727316623, 0.00038881732316922366, 0.00016405828680306848, 0.001353877991581642, 0.00040821142167188503, 0.002597661622393521], "cost_function": [196.80392678832703, 434.65374924051895, 420.4485201492522, 376.40324831450675, 354.9117793539624, 509.7862975171945, 722.2137450224656, 350.9642446557188, 295.14055464956385, 258.2326294681061], "best_model": 6, "nash_equilibrium_found": true}