{"algorithm": "PAL", "environment_number": 24, "iteration_done": 1, "mse": [-0.0011660367982037623], "cost_function": [-2591.417937195494]}