{"algorithm": "PAL", "environment_number": 5, "iteration_done": 1, "mse": [-0.01697980553960064], "cost_function": [-1012.2412744529358]}