{"algorithm": "PAL", "environment_number": 39, "iteration_done": 4, "mse": [-0.24672555129064552, -0.002964014745827529, -0.009135856604681344, -0.00032990740022538094], "cost_function": [-1204.8941814594396, -4242.907810196955, -1204.674799095874, -1238.7583936369217]}