{"algorithm": "PAL", "environment_number": 23, "iteration_done": 1, "mse": [-0.0006059418974536115], "cost_function": [-308.27057979007327]}