{"algorithm": "PAL", "environment_number": 35, "iteration_done": 1, "mse": [-0.00043681814139488804], "cost_function": [-350.47547508788597]}