{"algorithm": "PAL", "environment_number": 2, "iteration_done": 3, "mse": [-0.02850903178566673, -0.0010006600157304933, -0.0027258245738873517], "cost_function": [-504.49104799758436, -196.84018009633297, -252.50292646758237]}