{"algorithm": "PAL", "environment_number": 44, "iteration_done": 1, "mse": [-0.039005051749539055], "cost_function": [-2333.0584971126223]}