{"algorithm": "PAL", "environment_number": 35, "iteration_done": 1, "mse": [-0.281484483572684], "cost_function": [-417.1059913071015]}