{"algorithm": "PAL", "environment_number": 33, "iteration_done": 2, "mse": [-0.0016864140943625469, -0.00023125455027967897], "cost_function": [-455.54329462376546, -165.94903260151]}