{"algorithm": "PAL", "environment_number": 29, "iteration_done": 2, "mse": [-0.001369573530624998, -0.00013130834749032144], "cost_function": [-498.0545419181975, -191.40303066559824]}