{"algorithm": "PAL", "environment_number": 15, "iteration_number": 1, "kl_divergence": [0.0, 0.0, 0.0, 0.0, 0.0, 0.0, 0.0, 0.0, 0.0, 0.0], "cost_function": [55008.631493788795, 48958.0139093152, 57506.24291667947, 93726.91174080642, 85160.70038575296, 94596.1893017204, 91388.08582625428, 55552.61658756785, 32421.20484733666, 41370.68187215913], "best_model": 0, "nash_equilibrium_found": false}