{"algorithm": "PAL", "environment_number": 44, "iteration_done": 1, "mse": [-0.1195715340818404], "cost_function": [-1355.864550018596]}