{"algorithm": "PAL", "environment_number": 42, "iteration_done": 1, "mse": [-0.0003657346307578994], "cost_function": [-429.06541108724423]}