{"algorithm": "PAL", "environment_number": 29, "iteration_done": 2, "mse": [-0.0144208182044791, -0.002970849707310657], "cost_function": [-328.116023876889, -295.8797924581123]}