{"algorithm": "PAL", "environment_number": 1, "iteration_done": 3, "mse": [-4.9750625000000006e-05, -0.00018971151030924323, -0.00010765925218577388], "cost_function": [-34.09739604635059, -36.32538298648802, -28.21357100406739]}