{"algorithm": "PAL", "environment_number": 17, "iteration_number": 1, "kl_divergence": [8.674847822601629e-05, 0.004149401407347625, 0.004149401407347625, 0.004149401407347424, 0.004149401407347243, 0.004149401407347625, 0.004149401407347625, 0.004149401407347625, 0.004149401407347625, 0.004149401407347625], "cost_function": [79086.27239777685, 88999.59624453532, 125579.85709914085, 64549.366600143236, 39748.7772229333, 163478.72620591542, 67761.78787137636, 69824.59913254868, 112677.1698568181, 73660.16350187913], "best_model": 0, "nash_equilibrium_found": false}