{"algorithm": "PAL", "environment_number": 2, "iteration_number": 1, "kl_divergence": [8.496416772497354e-06, 3.5237633806421004e-05, 3.2200116804858205e-16, 0.004149401407347222, 0.004149401407347625, 0.004149401407347625, 0.004149401407347625, 0.004149399327384479, 0.004149401407347625, 0.004148762448560321], "cost_function": [36094.162704796705, 45195.70602116739, 113489.00227133781, 98131.03524615947, 122543.57684324055, 43401.972073305005, 72104.9783905848, 59039.42607675114, 115354.58167971071, 60455.25940571611], "best_model": 2, "nash_equilibrium_found": false}