{"algorithm": "PAL", "environment_number": 32, "iteration_done": 3, "mse": [-0.012368051690794052, -0.014909821249152726, -0.005076786506278352], "cost_function": [-3731.2139123339457, -1094.5895753148213, -1080.4492754260525]}