{"algorithm": "PAL", "environment_number": 8, "iteration_done": 1, "mse": [-0.0002941440013878304], "cost_function": [-70.46371159623565]}