{"algorithm": "PAL", "environment_number": 9, "iteration_number": 1, "kl_divergence": [0.0, 0.0, 0.0, 0.0, 0.0, 0.0, 0.0, 0.0, 0.0, 0.0], "cost_function": [53527.943822108326, 83728.75528046399, 78600.32956981516, 66991.54229269292, 89916.74273421135, 55731.1228581619, 85412.03775112558, 82673.56210076311, 106469.25862900208, 43915.115164705036], "best_model": 0, "nash_equilibrium_found": false}