{"algorithm": "PAL", "environment_number": 28, "iteration_done": 3, "mse": [-0.029754508603039822, -0.04504795919804322, -0.015672345105848817], "cost_function": [-854.2302650236079, -3068.356860827471, -321.9508693058283]}