{"algorithm": "PAL", "environment_number": 37, "iteration_done": 2, "mse": [-0.016512674889970633, -0.0002699894940428174], "cost_function": [-1309.097026149458, -242.81807029013262]}