{"algorithm": "PAL", "environment_number": 13, "iteration_done": 9, "mse": [-0.0029348435196095896, -0.002435214016354131, -0.006875627502026975, -8.965817790340998e-05, -3.8124864536582094e-07, -0.0032931749076943427, -0.000672009444029192, -0.0017694948018380419, -0.0040847973945292325, -0.0003983135568147307], "cost_function": [-357.1583178579183, -382.7228869142575, -224.00739277659275, -225.63181964475086, -464.9409385621277, -237.90849618414083, -1566.6853339453012, -518.825914348781, -1835.7232897453355, -605.2512661984034]}