{"algorithm": "PAL", "environment_number": 5, "iteration_done": 1, "mse": [-0.016818963164903233], "cost_function": [-1086.1326040631236]}