{"algorithm": "PAL", "environment_number": 14, "iteration_done": 1, "mse": [-0.016777504542203912], "cost_function": [-262.3799801307494]}