{"algorithm": "PAL", "environment_number": 8, "iteration_number": 1, "kl_divergence": [0.0, 0.0, 0.0, 0.0, 0.0, 0.0, 0.0, 0.0, 0.0, 0.0], "cost_function": [18676.60072287685, 17945.63648462867, 23995.954512007236, 27016.41045669412, 25493.68351347152, 19510.195817629523, 31480.18574651922, 14989.33476472576, 11071.040816815525, 15128.490248123468], "best_model": 0, "nash_equilibrium_found": false}