{"algorithm": "PAL", "environment_number": 36, "iteration_done": 1, "mse": [-0.00026295613616396054], "cost_function": [-280.0415797688012]}