{"algorithm": "PAL", "environment_number": 45, "iteration_done": 1, "mse": [-6.153234042553193e-05], "cost_function": [-54.530649159712276]}