{"algorithm": "PAL", "environment_number": 7, "iteration_done": 1, "mse": [-0.1195215676489912], "cost_function": [-289.54952976176963]}