{"algorithm": "PAL", "environment_number": 3, "iteration_done": 1, "mse": [-0.0003752393938914497], "cost_function": [-154.7490469896944]}