{"algorithm": "PAL", "environment_number": 38, "iteration_done": 1, "mse": [-0.004832690654345385], "cost_function": [-363.23658777643556]}