{"algorithm": "PAL", "environment_number": 3, "iteration_number": 2, "kl_divergence": [0.0012923774613785171, 0.0013820592627041834, 0.0, 0.0, 0.0, 0.0013819553481741605, 0.0013696214223098413, 0.0, 0.0, 0.0], "cost_function": [26994.26326436047, 14375.911322855163, 25018.46233967517, 21697.57697299559, 21178.25014459909, 46631.30464600805, 9226.507592584769, 16531.40734600143, 14637.294594296562, 24094.550232390364], "best_model": 2, "nash_equilibrium_found": false}