{"algorithm": "PAL", "environment_number": 27, "iteration_done": 1, "mse": [-0.0009322337627090507], "cost_function": [-250.55098525775375]}