{"algorithm": "PAL", "environment_number": 26, "iteration_done": 1, "mse": [-0.0002306056645881537], "cost_function": [-196.1396618015788]}