{"algorithm": "PAL", "environment_number": 32, "iteration_done": 3, "mse": [-0.01645444944641437, -0.007410581064454348, -0.0003125698068971247], "cost_function": [-1313.7831246887317, -943.4940784414057, -120.6004336821006]}