{"algorithm": "PAL", "environment_number": 11, "iteration_number": 2, "kl_divergence": [0.0008268955960404916, 0.001309137753075886, 0.00045788591561197935, 0.0006046023804009938, 0.00015276707369028675, 0.00019770775018484402, 0.001869956350949889, 0.0016902964695304217, 0.0009944145959150555, 0.00015986828086851713], "cost_function": [9551.534933599063, 5763.778691643814, 5373.283060145915, 12406.050890553537, 5170.563739347521, 7435.555992857057, 8551.98555931503, 14601.31307538213, 23552.295742128532, 7803.458202928308], "best_model": 4, "nash_equilibrium_found": false}