{"algorithm": "PAL", "environment_number": 13, "iteration_done": 1, "mse": [-0.0006237351514831025], "cost_function": [-171.7675998112451]}