{"algorithm": "PAL", "environment_number": 2, "iteration_number": 2, "kl_divergence": [0.0017146231897833572, 0.0011957033610773297, 0.001206564503489894, 0.0029084471022514102, 0.0024128727631696186, 0.003947003881834157, 0.0023411631638296185, 0.0016494183955153695, 0.0034815887804533737, 0.0010759596959290028], "cost_function": [5347.690644473004, 5952.068105539295, 3586.2283153001163, 7086.943210017346, 7085.660378775285, 5595.44354509259, 438.2937303561446, 8717.977602869089, 6487.098913511868, 6458.303966308644], "best_model": 9, "nash_equilibrium_found": false}