{"algorithm": "PAL", "environment_number": 42, "iteration_done": 1, "mse": [-0.002044360355939334], "cost_function": [-1266.76676709795]}