{"algorithm": "PAL", "environment_number": 16, "iteration_number": 2, "kl_divergence": [0.0020135617573762412, 0.0013232830720218602, 0.0034207615975553555, 0.002732101412566369, 0.0031960480596542897, 0.0030696872288009645, 0.0019433606565205568, 0.0027985502394873222, 0.0018309745385181263, 0.0011439853458310857], "cost_function": [14673.90118676268, 34235.86577585746, 12083.376409867717, 21633.124442971828, 33511.785185143584, 13505.370281239764, 37233.502519474845, 29332.6135849562, 26992.266878929622, 19229.458481819656], "best_model": 9, "nash_equilibrium_found": false}