{"algorithm": "PAL", "environment_number": 41, "iteration_done": 3, "mse": [-0.24672555129064552, -0.0048328288816095666, -2.4820198503298644e-07], "cost_function": [-439.71352629831915, -1251.7904836227049, -1248.8019652409455]}