{"algorithm": "PAL", "environment_number": 34, "iteration_done": 3, "mse": [-0.002758482037559981, -0.009675395438171907, -3.9070688080183085e-05], "cost_function": [-409.3406128299288, -419.4618793347993, -199.22818308464562]}