{"algorithm": "PAL", "environment_number": 48, "iteration_done": 1, "mse": [-0.0012319179751120214], "cost_function": [-80.19135612325633]}