{"algorithm": "PAL", "environment_number": 23, "iteration_done": 2, "mse": [-0.09668817079616238, -0.012358949049259872], "cost_function": [-2457.661476127827, -259.1909193787935]}