{"algorithm": "PAL", "environment_number": 1, "iteration_number": 3, "kl_divergence": [0.0006235833334620241, 0.002009466163354717, 0.0015822953968203709, 0.000520943605531102, 0.0005734441478717106, 0.0005753896204567061, 0.0006515226409140587, 0.0005459122952996175, 0.0006189273919970208, 0.0005711753488581672], "cost_function": [248.9241765358945, 434.61175953566203, 552.9751140213411, 372.71941521429113, 506.73247224833193, 178.02358080124856, 234.21040128761055, 260.0939188342621, 260.84254642516163, 411.5619009488636], "best_model": 3, "nash_equilibrium_found": false}