{"algorithm": "PAL", "environment_number": 6, "iteration_done": 2, "mse": [-0.02262171109950628, -0.007450888339555507], "cost_function": [-266.5424830080367, -268.98624293741227]}