{"algorithm": "PAL", "environment_number": 43, "iteration_done": 3, "mse": [-0.020409831201542324, -0.000827825322164076, -0.002043305628773835], "cost_function": [-4706.90948588279, -1287.7838097137617, -451.3404073224093]}