{"algorithm": "PAL", "environment_number": 6, "iteration_number": 1, "kl_divergence": [8.298682202272816e-12, 0.004050864212088348, 0.0041485248115463655, 6.498405573034539e-05, 0.004149392144213504, 0.004128554015201853, 0.0, 0.004149401399016109, 0.004149401399945428, 1.1102230246251348e-16], "cost_function": [45734.445422388344, 112301.0015286321, 62539.00529681091, 46034.006017003994, 45755.89609648825, 52027.701178451774, 106173.12579192081, 50019.66432882337, 68445.4252363023, 93150.37795733934], "best_model": 6, "nash_equilibrium_found": false}