{"algorithm": "PAL", "environment_number": 11, "iteration_done": 5, "mse": [-0.039005051749539055, -0.014277110413367296, -0.000442948600311839, -0.00017524523975700457, -0.00035231652437310985], "cost_function": [-2233.4859505103755, -4451.779845760843, -171.52418807068034, -230.6329201307866, -118.2315818296082]}