{"algorithm": "PAL", "environment_number": 40, "iteration_done": 1, "mse": [-0.003583948796178163], "cost_function": [-487.78963014084115]}