{"algorithm": "PAL", "environment_number": 15, "iteration_number": 2, "kl_divergence": [7.240222521540151e-09, 2.6685136135591382e-09, 2.6685136135591382e-09, 2.6685136135591382e-09, 2.1121018801429248e-05, 0.0011538923647838872, 2.6685136135591382e-09, 0.0007281859180541368, 2.6685136135591382e-09, 2.6685136135591382e-09], "cost_function": [0.0, 0.0, 0.0, 0.0, 0.0, 0.0, 0.0, 0.0, 0.0, 0.0], "best_model": 1, "nash_equilibrium_found": false}