{"algorithm": "PAL", "environment_number": 13, "iteration_number": 1, "kl_divergence": [0.0004532434630261199, 0.004148662809821957, 0.0041494014071891475, 0.004149401398599616, 0.003599602043668562, 0.004149401407347625, 0.004149398288868039, 0.0, 0.004149401407347528, 0.004149401407347625], "cost_function": [70744.57502495736, 37182.01337823254, 56681.11328844292, 60668.82280103203, 57410.40317779954, 94164.48088272754, 75022.38097917008, 111496.03906147108, 64761.75818150509, 64849.39468503741], "best_model": 7, "nash_equilibrium_found": true}