{"algorithm": "PAL", "environment_number": 6, "iteration_done": 1, "mse": [-0.0006770181701789325], "cost_function": [-35.144664017092744]}