{"algorithm": "PAL", "environment_number": 20, "iteration_number": 1, "kl_divergence": [0.00022543112098117636, 0.004149401407347625, 0.004149401407347625, 1.3349244430451828e-11, 0.004149401407347625, 0.004042513622187417, 0.004149401407347625, 0.004149401407347625, 0.004149401407347625, 0.004149401407347625], "cost_function": [65569.67691069441, 63242.59023104492, 107914.4203839991, 48773.68581306693, 90931.25861236268, 36615.19118384769, 109005.98801368882, 85465.65689868371, 64311.16765278772, 113056.66510924904], "best_model": 3, "nash_equilibrium_found": false}