{"algorithm": "PAL", "environment_number": 7, "iteration_number": 1, "kl_divergence": [0.0, 0.0, 0.0, 0.0, 0.0, 0.0, 0.0, 0.0, 0.0, 0.0], "cost_function": [165221.51239904005, 75507.00448584757, 49958.40208591221, 45941.66370652931, 124877.50839488512, 115282.54806125136, 96200.40746754732, 171596.8924333002, 59532.64524601823, 51908.42500161996], "best_model": 0, "nash_equilibrium_found": false}