{"algorithm": "PAL", "environment_number": 4, "iteration_number": 1, "kl_divergence": [8.548917255563706e-17, 1.206211651466442e-05, 0.004149401407347625, 0.0, 0.004149401407347625, 0.0, 0.004149401407340825, 0.004149401407347625, 0.004149401407347625, 0.004149401407347625], "cost_function": [58489.77840011724, 73479.85873548966, 84892.47416280495, 93815.37889833104, 61421.56947947543, 70551.02715836903, 37801.46623350168, 66719.99664587516, 56741.34284252849, 68491.90740217581], "best_model": 3, "nash_equilibrium_found": true}