{"algorithm": "PAL", "environment_number": 2, "iteration_number": 5, "kl_divergence": [0.0009117036137546546, 0.0016021725594932965, 0.0009798182926040613, 0.001102668886238847, 0.0006330253982618996, 0.001181413126209849, 0.001776695440590263, 0.0013300093027067265, 0.0016857708165861547, 0.0009616075717929482], "cost_function": [0.0, 2.533653407791712, 0.0, 0.0, 0.0, 0.0, 37.60297077515506, 0.0, 9.027021755569555, 2127.2379108429514], "best_model": 4, "nash_equilibrium_found": false}