{"algorithm": "PAL", "environment_number": 17, "iteration_number": 3, "kl_divergence": [0.0, 0.0, 0.0, 0.0, 1.2049419212866028e-05, 0.0, 1.2049419212866028e-05, 0.0, 1.1466728602753302e-05, 1.2049419212866028e-05], "cost_function": [0.0, 0.0, 0.0, 0.0, 0.0, 0.0, 0.0, 0.0, 0.0, 0.0], "best_model": 0, "nash_equilibrium_found": true}