{"algorithm": "PAL", "environment_number": 4, "iteration_done": 1, "mse": [-0.029081172556306985], "cost_function": [-259.9777445165481]}