{"algorithm": "PAL", "environment_number": 2, "iteration_number": 2, "kl_divergence": [0.0018540335879188865, 0.001241276052122682], "cost_function": [30.42066429176711, 35.0537568404293], "best_model": 1, "nash_equilibrium_found": false}