{"algorithm": "PAL", "environment_number": 12, "iteration_number": 2, "kl_divergence": [0.0032441545154025587, 0.0019470949705621254, 0.0018000193936449395, 0.000679480729077422, 0.0020393507989736447, 0.0026732942697181264, 0.003640762317671957, 0.00054206694517938, 0.0009388469387778522, 0.0005999937790704416], "cost_function": [6931.023871572327, 5013.198361226357, 10053.601325477212, 6059.424552531762, 10579.754290213024, 10584.26928888494, 14007.120509439423, 6559.207612663819, 10898.322947888453, 4557.092023089109], "best_model": 7, "nash_equilibrium_found": false}