{"algorithm": "PAL", "environment_number": 33, "iteration_done": 1, "mse": [-0.20465718784631606], "cost_function": [-1104.32637548776]}