{"algorithm": "PAL", "environment_number": 14, "iteration_done": 1, "mse": [-0.005832300387086529], "cost_function": [-443.0705038111772]}