{"algorithm": "PAL", "environment_number": 15, "iteration_done": 1, "mse": [-0.16447839078043575], "cost_function": [-610.769961063276]}