{"algorithm": "PAL", "environment_number": 25, "iteration_done": 2, "mse": [-0.1557137255654313, -0.004597415112544232], "cost_function": [-274.8591294864458, -282.7361486398049]}