{"algorithm": "PAL", "environment_number": 22, "iteration_done": 2, "mse": [-0.05433105435266054, -0.050800785266750845], "cost_function": [-726.447785126067, -739.0085099240782]}