{"algorithm": "PAL", "environment_number": 48, "iteration_done": 4, "mse": [-0.022341584326019143, -0.015251270042109294, -0.0036033154076699513, -0.005795065901703872], "cost_function": [-4973.893915795023, -1421.1744230568122, -1399.9046004313698, -1420.0693141392182]}