{"algorithm": "PAL", "environment_number": 19, "iteration_number": 1, "kl_divergence": [0.004149401407347625, 0.004149401407347625, 0.004149401407347625, 0.004149401407347625, 0.004149401407347625, 0.004149401407347625, 0.004149401407347403, 0.004149401407347625, 0.004149401407347625, 0.004149401407347625], "cost_function": [98769.09759029011, 44053.210816895255, 82967.67515055256, 60283.08436664029, 100535.94293750552, 94297.78931117682, 44676.22406779343, 43076.02955402503, 103742.62741588487, 91899.29251327679], "best_model": 6, "nash_equilibrium_found": false}