{"algorithm": "PAL", "environment_number": 10, "iteration_number": 1, "kl_divergence": [0.0, 0.004149401407347625, 0.004149401407347625, 0.0, 0.004149401407347625, 0.0, 0.0, 0.0, 0.004149401407347625, 0.004149401407347625], "cost_function": [66171.46115085103, 47069.63254127374, 59067.97695484381, 75331.26804227523, 60901.28726145138, 47644.170590310736, 67613.92941203204, 58420.305721062556, 64175.35458572069, 74711.23712849664], "best_model": 0, "nash_equilibrium_found": false}