{"algorithm": "PAL", "environment_number": 17, "iteration_done": 1, "mse": [-0.0004497226703550454], "cost_function": [-227.95060325074812]}