{"algorithm": "PAL", "environment_number": 20, "iteration_number": 2, "kl_divergence": [5.431176813086217e-05, 7.972193912836502e-05, 5.217691560465888e-05, 7.847223845609133e-05, 7.772508373455952e-05, 7.698734683213743e-05, 7.62589188520046e-05, 4.983410889768914e-05, 7.509153375927596e-05, 4.894734315145979e-05], "cost_function": [94636.53821435376, 96725.08758140376, 97748.59729372291, 96978.80226735614, 96980.38897727865, 96980.52020506364, 96980.53105816978, 97769.81452733082, 96980.53203007099, 97769.8146080582], "best_model": 9, "nash_equilibrium_found": true}