{"algorithm": "PAL", "environment_number": 20, "iteration_done": 2, "mse": [-0.04322143948029232, -0.026308365191350203], "cost_function": [-671.9684620564323, -2126.6871606689583]}