{"algorithm": "PAL", "environment_number": 16, "iteration_number": 1, "kl_divergence": [0.0, 0.0, 0.0, 0.0, 0.0, 0.0, 0.0, 0.0, 0.0, 0.0], "cost_function": [62000.30686774821, 75004.84105859525, 36944.90740769442, 67263.2647393614, 65669.36882471466, 50940.342266659136, 43863.83142424253, 58341.01835878605, 101761.90566633997, 44702.106334245866], "best_model": 0, "nash_equilibrium_found": false}