{"algorithm": "PAL", "environment_number": 30, "iteration_done": 5, "mse": [-0.011978758845886176, -0.007401933486368223, -0.003368544938122117, -0.0007242594622442752, -0.001562850605222131], "cost_function": [-340.383213511857, -341.2653249256911, -3339.7261961921295, -1012.1667618501567, -1029.8349504572152]}