{"algorithm": "PAL", "environment_number": 8, "iteration_done": 3, "mse": [-0.16447839078043575, -0.00202218369128682, -0.0038509746733381258], "cost_function": [-302.53111048055916, -970.1270510247648, -310.9620955962626]}