{"algorithm": "PAL", "environment_number": 13, "iteration_done": 2, "mse": [-0.00714246258981052, -0.004488717659672041], "cost_function": [-546.3111569925735, -1165.015311121825]}