{"algorithm": "PAL", "environment_number": 12, "iteration_number": 1, "kl_divergence": [0.0, 0.0, 0.0, 0.0, 0.0, 0.0, 0.0, 0.0, 0.0, 0.0], "cost_function": [76931.23247836396, 98050.06903416556, 38386.24117834134, 93167.71735516998, 48375.92054302085, 125708.36544680625, 80030.45659850241, 51101.705345054565, 53434.76969996169, 55645.938990478004], "best_model": 0, "nash_equilibrium_found": false}