{"algorithm": "PAL", "environment_number": 2, "iteration_number": 1, "kl_divergence": [2.569978611902026e-06, 3.8215882483931714e-05], "cost_function": [622.3031386348669, 190.99377144163955], "best_model": 0, "nash_equilibrium_found": false}