{"algorithm": "PAL", "environment_number": 10, "iteration_done": 1, "mse": [-0.019787080700678625], "cost_function": [-939.1308981087657]}