{"algorithm": "PAL", "environment_number": 1, "iteration_number": 1, "kl_divergence": [0.0, 0.0, 0.0, 0.0, 0.0, 0.0, 0.0, 0.0, 0.0, 0.0], "cost_function": [7354.046792842333, 9438.98478406906, 16325.978550475196, 22139.974312896058, 8429.588368884468, 36521.92743851547, 19367.858120791563, 20143.36406809102, 10180.802488413132, 12372.796667262388], "best_model": 0, "nash_equilibrium_found": false}