{"algorithm": "PAL", "environment_number": 3, "iteration_number": 1, "kl_divergence": [0.0, 0.004149401407347625, 0.0, 0.0, 0.0, 0.0, 0.0, 0.0, 0.0, 0.004149401407347625], "cost_function": [69077.53173536499, 69077.53294699754, 69077.53236505632, 69077.53207286779, 69077.53265671869, 69077.53151080737, 69077.53200901706, 69077.5323102147, 69077.5322535785, 69077.53173536497], "best_model": 0, "nash_equilibrium_found": false}