{"algorithm": "PAL", "environment_number": 17, "iteration_number": 2, "kl_divergence": [0.00047887936807772117, 0.0003567863494649248, 0.0004236328725506125, 0.0002630938738381108, 0.0002593915450955638, 0.0013584389222729251, 0.00043925714153563084, 0.0006487777806448818, 0.0005350195234491764, 0.0021502376536389066], "cost_function": [4281.523777323551, 4515.466139227115, 4339.930857963169, 6821.599875803805, 6645.68796982669, 6510.623474084745, 9700.374026472278, 6992.957105078588, 3907.069373983585, 7834.8994396197395], "best_model": 4, "nash_equilibrium_found": false}