{"algorithm": "PAL", "environment_number": 2, "iteration_number": 4, "kl_divergence": [0.0009454350243823198, 0.000517231923071486, 0.0012132989675391764, 0.0012190466719734071, 0.001666832511751568, 0.0007013241488099487, 0.0007255713887200481, 0.0016710036127766306, 0.0008725370555740323, 0.0010040257527708007], "cost_function": [0.0, 0.0, 0.0, 0.0, 0.0, 0.0, 0.0, 0.0, 0.0, 0.0], "best_model": 1, "nash_equilibrium_found": false}