{"algorithm": "PAL", "environment_number": 2, "iteration_number": 6, "kl_divergence": [0.0006286238567477086, 0.0002539060063693497, 0.0004030615621677606, 0.000653082779166359, 0.0007536180281138388, 0.0005185530264756706, 0.0006300956326156296, 0.0003664040940170942, 0.0007905076185180368, 0.0005083742039005053], "cost_function": [14.429176631549781, 10969.581585398864, 8329.832200343852, 521.5212672007542, 13.256122197786912, 38.82594199970754, 5554.153012620327, 78.16420710823643, 5943.512039259668, 8.08056985008473], "best_model": 1, "nash_equilibrium_found": true}