{"algorithm": "PAL", "environment_number": 8, "iteration_done": 1, "mse": [-0.039005051749539055], "cost_function": [-2226.721184483479]}