{"algorithm": "PAL", "environment_number": 12, "iteration_done": 1, "mse": [-0.0018026823961990082], "cost_function": [-298.7965277422833]}