{"algorithm": "PAL", "environment_number": 27, "iteration_done": 2, "mse": [-0.0003321598699119874, -0.0012020222104728205], "cost_function": [-305.1597462090607, -136.9188328946924]}