{"algorithm": "PAL", "environment_number": 21, "iteration_done": 3, "mse": [-0.2813380974419877, -0.01616703435623597, -0.01138604826171751], "cost_function": [-662.8072861804743, -673.9328857567623, -2250.733776257806]}