{"algorithm": "PAL", "environment_number": 46, "iteration_done": 1, "mse": [-0.20397337728708118], "cost_function": [-1354.006180093951]}