{"algorithm": "PAL", "environment_number": 20, "iteration_done": 2, "mse": [-0.0006603938323521869, -0.0013471389269290057], "cost_function": [-126.03061896506954, -187.99333438624302]}