{"algorithm": "PAL", "environment_number": 18, "iteration_number": 1, "kl_divergence": [0.0041494012998139485, 0.004149401407347528, 0.0039823124491097164, 0.004149401407347625, 0.0, 0.004149331347099806, 0.004149401407347625, 0.004149401407347625, 0.004149401407347625, 0.004149401407347625], "cost_function": [59786.85620098228, 62026.809749959604, 37522.09905235191, 110409.87341248985, 72625.0572905395, 69517.6836172215, 44758.26091042761, 46587.7133524528, 98159.518028196, 75086.87243751794], "best_model": 4, "nash_equilibrium_found": false}