{"algorithm": "PAL", "environment_number": 14, "iteration_number": 1, "kl_divergence": [4.08505632052287e-09, 3.909622904838678e-06, 1.5791413634184005e-05, 4.8010306005123824e-08, 7.856129524859683e-10, 2.030431021835769e-08, 5.19567766795034e-05, 2.8150174127498234e-06, 0.00013183152584415013, 2.3815322882744685e-08], "cost_function": [10243.40024065069, 12141.241733419805, 8735.267067912873, 7061.350820451045, 10583.58634752424, 15452.286574936581, 5420.706547214606, 13375.606137573615, 5957.4258586385195, 9046.457771142701], "best_model": 4, "nash_equilibrium_found": false}