{"algorithm": "PAL", "environment_number": 1, "iteration_done": 4, "mse": [-0.0001613788371165486, -0.0013712710150590786, -0.0008019538778992306, -0.0010288989670734162], "cost_function": [-208.59296349261635, -195.12668948841366, -202.9728574659234, -192.9722396277914]}