{"algorithm": "PAL", "environment_number": 19, "iteration_number": 3, "kl_divergence": [0.0, 3.938740663398962e-05, 2.792733740528993e-05, 2.792733740528993e-05, 2.792733740528993e-05, 0.0, 3.938740663398962e-05, 0.0, 3.938740663398962e-05, 0.0], "cost_function": [0.0, 0.0, 0.0, 0.0, 0.0, 0.0, 0.0, 0.0, 0.0, 0.0], "best_model": 0, "nash_equilibrium_found": true}