{"algorithm": "PAL", "environment_number": 18, "iteration_number": 2, "kl_divergence": [0.003242838869746515, 0.0010374501240194719, 0.0016555663803472637, 0.00366043123707954, 0.0024803708987405646, 0.0007637760761174072, 0.0009101499401743268, 0.001949206699088554, 0.001211169785365875, 0.0008199636972713747], "cost_function": [5952.173777328416, 5815.979123637389, 7757.546024317162, 5787.960877090535, 12839.209768908864, 7502.7597108595955, 5481.556538173667, 10712.125519361012, 5792.203195948871, 7513.440255585565], "best_model": 5, "nash_equilibrium_found": false}