{"algorithm": "PAL", "environment_number": 15, "iteration_number": 3, "kl_divergence": [0.002330870215234589, 0.0013036479026826045, 0.0008120151479883014, 0.003020071417015973, 0.0029919978239505685, 0.0021268835935783605, 0.0029397054793331655, 0.0022855835530666627, 0.002938944596732809, 0.00270164743661947], "cost_function": [24149.936244473807, 4389.661382092093, 6903.6058743919175, 36887.10815710604, 2626.319829210588, 13201.363678003927, 33.45509922903827, 28.68167632333703, 25333.351079176708, 15024.977037648236], "best_model": 2, "nash_equilibrium_found": false}