{"algorithm": "PAL", "environment_number": 6, "iteration_number": 2, "kl_divergence": [0.002777440460907815, 0.0005170113475073145, 0.0021077177338729614, 0.0010942366468972425, 0.0017246000951946683, 0.0026515961471430182, 0.002687756610031509, 0.001162043767082577, 0.0027448291044108266, 0.00219649490552388], "cost_function": [25704.019127450607, 28593.962081001486, 30648.00507418398, 16778.875287717296, 19826.24551812892, 32294.821862911158, 20489.554123054004, 26854.236551782564, 23968.437475333754, 30877.30878220745], "best_model": 1, "nash_equilibrium_found": false}