{"algorithm": "PAL", "environment_number": 11, "iteration_number": 1, "kl_divergence": [0.0, 0.004149401407347625, 0.004149401407347625, 0.004149401407347625, 0.00414439300074932, 0.0041494014073323315, 0.004149401407347625, 0.004149401407346841, 0.004149401407347625, 0.0031461360703617103], "cost_function": [72963.73495110866, 89447.9692366384, 55840.91801733394, 83852.07327653504, 62811.48910259873, 87185.99456103808, 67216.0308525708, 83764.32022260134, 88595.48191870499, 128140.84751007697], "best_model": 0, "nash_equilibrium_found": false}