{"algorithm": "PAL", "environment_number": 19, "iteration_done": 3, "mse": [-0.01645444944641437, -0.010034333276777076, -4.813613329740099e-05], "cost_function": [-1153.1925328813463, -2300.7718770257816, -149.56129735597403]}