{"0": -0.01999081, "1": -0.0199891, "2": -0.01, "3": -0.01, "4": -0.0398473597899829, "5": -0.03994245063255439, "6": -0.01009, "7": -0.01, "8": -0.02007991, "9": -0.029970010000000002, "10": -0.03976442315371, "11": -0.030055447908099997, "12": -0.02007991, "13": -0.029970010000000002, "14": -0.05905809716149171, "15": -0.06001620549288175, "16": -0.030497952665453427, "17": -0.01009, "18": -0.050258445001478434, "19": -0.039762820090000005, "20": -0.02025802819}