{"0": -0.04946016477961, "1": -0.0399374810542, "2": -0.030232805444200005, "3": -0.030059012880999998, "4": -0.029880910000000004, "5": -0.0199891, "6": -0.029881695781, "7": -0.01009, "8": -0.020079100000000003, "9": -0.01999, "10": -0.01999, "11": -0.01999, "12": -0.01009, "13": -0.01, "14": -0.01, "15": -0.01, "16": -0.0199, "17": -0.01999, "18": -0.0299691109, "19": -0.039762820090000005, "20": -0.03005813719, "21": -0.0200799019, "22": -0.01009, "23": -0.01, "24": -0.01, "25": -0.01, "26": -0.01, "27": -0.01, "28": -0.01, "29": -0.01}