{"0": -0.10188162884348505, "1": -0.15694716843269782, "2": -0.1385727213060697, "3": -0.10995448389310268, "4": -0.10755450389417374, "5": -0.05042172015257369, "6": -0.01009, "7": -0.061044792665305235, "8": -0.04040153158915025, "9": -0.029970010000000002, "10": -0.03976442315371, "11": -0.030055447908099997, "12": -0.02007991, "13": -0.029970010000000002, "14": -0.05905809716149171, "15": -0.06001620549288175, "16": -0.030497952665453427, "17": -0.01009, "18": -0.050258445001478434, "19": -0.039762820090000005, "20": -0.02025802819}