{"0": -0.08843417490910536, "1": -0.049808637359587, "2": -0.0900331142041276, "3": -0.040027350942189996, "4": -0.0397620028, "5": -0.029879209, "6": -0.07947321351587426, "7": -0.03032388848642216, "8": -0.050164278924642286, "9": -0.06952715345547275, "10": -0.06002605109873398, "11": -0.0399415531761019, "12": -0.03005813719, "13": -0.01999, "14": -0.01999, "15": -0.020079100000000003, "16": -0.039763613971, "17": -0.01999, "18": -0.0299691109, "19": -0.039762820090000005, "20": -0.03005813719, "21": -0.0200799019, "22": -0.01009, "23": -0.04002736690000001, "24": -0.03994003999, "25": -0.049900099950010005, "26": -0.04002977025991, "27": -0.02007991, "28": -0.01, "29": -0.01, "30": -0.0101799019, "31": -0.0200799019, "32": -0.01009}