{"(1, 49)": [0.0, 0.0, 0.0, -0.029701], "(2, 49)": [0.0, 0.0, -0.0199, -0.029701], "(3, 49)": [-0.03940399, 0.0, -0.0199, -0.029701], "(3, 48)": [-0.0490099501, -0.029701, 0.0, 0.0], "(3, 47)": [0.0, -0.03940399, -0.0490099501, 0.0], "(4, 49)": [0.0, 0.0, -0.029701, -0.0199], "(5, 49)": [0.0, 0.0, -0.0199, -0.0199], "(6, 49)": [0.0, 0.0, -0.0199, -0.0199], "(7, 49)": [0.0, 0.0, -0.0199, 0.0], "(2, 47)": [0.0, 0.0, -0.03940399, -0.03940399], "(1, 47)": [0.0, 0.0, 0.0, -0.029701]}