{"(99, 1)": [0.0, -0.01, -0.0199, 0.0], "(98, 1)": [0.0, 0.0, -0.01, -0.01], "(99, 2)": [-0.01, -0.0199, 0.0, 0.0], "(99, 3)": [-0.0199, -0.0199, 0.0, 0.0], "(99, 4)": [-0.0199, -0.0199, 0.0, 0.0], "(99, 5)": [-0.0199, 0.0, 0.0, 0.0], "(97, 1)": [0.0, 0.0, -0.01, 0.0], "(96, 1)": [0.0, 0.0, -0.01, 0.0], "(95, 1)": [0.0, -0.029701, 0.0, 0.0], "(95, 2)": [-0.0199, -0.029701, 0.0, 0.0], "(95, 3)": [-0.0199, -0.029701, 0.0, 0.0], "(95, 4)": [-0.0199, -0.029701, 0.0, 0.0], "(95, 5)": [-0.0199, -0.03940399, 0.0, 0.0], "(95, 6)": [-0.03940399, -0.029701, 0.0, 0.0], "(95, 7)": [-0.029701, 0.0, -0.0199, 0.0], "(94, 7)": [0.0, 0.0, -0.01, -0.0199], "(93, 7)": [0.0, 0.0, 0.0, -0.01]}