{"(1, 49)": [0.0, 0.0, 0.0, -0.9997778440864658], "(2, 49)": [0.0, 0.0, -0.6588339384859575, -0.6588339384859575], "(3, 49)": [0.0, 0.0, -0.6553878166524824, -0.6072889716421951], "(4, 49)": [0.0, 0.0, -0.6033221935779748, -0.5870503288661116], "(5, 49)": [-0.6227633530764958, 0.0, -0.5828791200667794, 0.0], "(5, 48)": [-0.5701109864761063, -0.6189528818954503, 0.0, 0.0], "(5, 47)": [0.0, -0.5657686732081881, -0.5701109864761063, 0.0], "(4, 47)": [0.0, 0.0, -0.5786657778452318, -0.5657686732081881], "(3, 47)": [0.0, 0.0, -0.561382498190089, -0.5744098766113452], "(2, 47)": [0.0, 0.0, -0.561382498190089, -0.5569520183738272], "(1, 47)": [-0.5051613403997928, 0.0, 0.0, -0.5569520183738272], "(1, 46)": [-0.5294133584143499, -0.5001629701008008, 0.0, 0.0], "(1, 45)": [0.0, -0.5246599579942928, 0.0, -0.5294133584143499], "(2, 45)": [0.0, 0.0, -0.5246599579942928, -0.5387780325819043], "(3, 45)": [0.0, 0.0, -0.5341192248302064, -0.5051613403997928], "(4, 45)": [0.0, 0.0, -0.5001629701008008, -0.4360948095476122], "(5, 45)": [-0.3888827604671347, 0.0, -0.4303987975228406, 0.0], "(5, 44)": [-0.3701763687967675, -0.3827098590577118, 0.0, 0.0], "(5, 43)": [0.0, -0.3638145139361288, -0.18209306240276912, 0.0], "(4, 43)": [0.0, 0.0, -0.19836941046095402, -0.17383137616441327], "(3, 43)": [0.0, 0.0, -0.22217864060085324, -0.19027213177874144], "(2, 43)": [0.0, 0.0, -0.18209306240276912, -0.21432185919278104], "(1, 43)": [-0.06793465209301, 0.0, 0.0, -0.17383137616441327], "(1, 42)": [-0.0864827525163591, -0.058519850599, 0.0, 0.0], "(1, 41)": [-0.0864827525163591, -0.07725530557207991, 0.0, 0.0], "(1, 40)": [-0.17383137616441327, -0.07725530557207991, 0.0, 0.0], "(1, 39)": [-0.1654862385499124, -0.1654862385499124, 0.0, 0.0], "(1, 38)": [-0.19836941046095402, -0.15705680661607313, 0.0, 0.0], "(1, 37)": [-0.2452807127963673, -0.19027213177874144, 0.0, -0.18209306240276912], "(2, 37)": [0.0, 0.0, -0.17383137616441327, -0.1312541872310217], "(1, 36)": [-0.22217864060085324, -0.2452807127963673, 0.0, 0.0], "(1, 35)": [-0.13994164535871148, -0.22217864060085324, 0.0, 0.0], "(1, 34)": [-0.14854222890512436, -0.13994164535871148, 0.0, 0.0], "(1, 33)": [0.0, -0.14854222890512436, 0.0, 0.0], "(3, 37)": [0.0, -0.15705680661607313, -0.12247897700103201, 0.0], "(3, 38)": [-0.14854222890512436, -0.15705680661607313, 0.0, 0.0], "(3, 39)": [-0.14854222890512436, -0.11361512828387071, 0.0, 0.0], "(3, 40)": [-0.10466174574128355, -0.09561792499119551, 0.0, 0.0], "(3, 41)": [-0.0864827525163591, 0.0, 0.0, -0.03940399], "(4, 41)": [0.0, 0.0, -0.029701, -0.06793465209301], "(5, 41)": [-0.14854222890512436, 0.0, -0.058519850599, 0.0], "(5, 40)": [-0.13994164535871148, -0.13994164535871148, 0.0, 0.0], "(5, 39)": [-0.12247897700103201, -0.1312541872310217, 0.0, 0.0], "(5, 38)": [-0.1312541872310217, -0.11361512828387071, 0.0, 0.0], "(5, 37)": [0.0, -0.12247897700103201, 0.0, -0.07725530557207991], "(6, 37)": [0.0, 0.0, -0.06793465209301, -0.058519850599], "(7, 37)": [0.0, -0.13994164535871148, -0.0490099501, 0.0], "(7, 38)": [-0.1312541872310217, -0.0490099501, 0.0, 0.0], "(7, 39)": [-0.03940399, 0.0, 0.0, -0.0864827525163591], "(8, 39)": [0.0, 0.0, -0.07725530557207991, -0.11361512828387071], "(9, 39)": [0.0, -0.0864827525163591, -0.10466174574128355, 0.0], "(9, 40)": [-0.07725530557207991, -0.07725530557207991, 0.0, 0.0], "(9, 41)": [-0.06793465209301, 0.0, 0.0, -0.10466174574128355], "(10, 41)": [0.0, 0.0, -0.09561792499119551, -0.11361512828387071], "(11, 41)": [0.0, -0.06793465209301, -0.10466174574128355, -0.0864827525163591], "(12, 41)": [0.0, 0.0, -0.0864827525163591, -0.11361512828387071], "(13, 41)": [0.0, 0.0, -0.11361512828387071, 0.0], "(11, 42)": [-0.058519850599, -0.07725530557207991, 0.0, 0.0], "(11, 43)": [-0.06793465209301, -0.11361512828387071, 0.0, -0.029701], "(12, 43)": [0.0, 0.0, -0.0199, -0.0199], "(13, 43)": [0.0, 0.0, -0.01, -0.03940399], "(14, 43)": [0.0, 0.0, -0.029701, -0.0490099501], "(11, 44)": [-0.11361512828387071, -0.0490099501, 0.0, 0.0], "(11, 45)": [-0.0490099501, -0.029701, 0.0, 0.0], "(11, 46)": [-0.029701, -0.01, 0.0, 0.0], "(11, 47)": [-0.01, 0.0, -0.01, 0.0], "(10, 47)": [0.0, 0.0, -0.0199, -0.01], "(9, 47)": [0.0, -0.01, 0.0, -0.0199], "(9, 48)": [-0.01, 0.0, 0.0, 0.0], "(15, 43)": [-0.0490099501, 0.0, -0.03940399, 0.0], "(15, 42)": [-0.03940399, -0.03940399, 0.0, 0.0], "(15, 41)": [-0.0490099501, -0.029701, 0.0, 0.0], "(15, 40)": [-0.0490099501, -0.03940399, 0.0, 0.0], "(15, 39)": [0.0, -0.03940399, -0.03940399, 0.0], "(14, 39)": [0.0, 0.0, -0.029701, -0.029701], "(13, 39)": [0.0, 0.0, -0.029701, -0.0199], "(12, 39)": [0.0, 0.0, -0.0490099501, -0.0199], "(11, 39)": [-0.0864827525163591, 0.0, 0.0, -0.03940399], "(11, 38)": [-0.11361512828387071, -0.07725530557207991, 0.0, 0.0], "(11, 37)": [0.0, -0.10466174574128355, -0.09561792499119551, -0.11361512828387071], "(12, 37)": [0.0, 0.0, -0.11361512828387071, -0.07725530557207991], "(13, 37)": [0.0, 0.0, -0.07725530557207991, -0.09561792499119551], "(14, 37)": [0.0, 0.0, -0.09561792499119551, -0.12247897700103201], "(15, 37)": [-0.20638571635634448, 0.0, -0.12247897700103201, 0.0], "(15, 36)": [-0.17383137616441327, -0.20638571635634448, 0.0, 0.0], "(15, 35)": [-0.17383137616441327, -0.17383137616441327, 0.0, 0.0], "(15, 34)": [-0.19027213177874144, -0.17383137616441327, 0.0, 0.0], "(15, 33)": [-0.23765728565289626, -0.19027213177874144, 0.0, 0.0], "(15, 32)": [-0.2452807127963673, -0.23765728565289626, 0.0, 0.0], "(15, 31)": [0.0, -0.2452807127963673, 0.0, -0.30358678195042627], "(16, 31)": [0.0, 0.0, -0.30358678195042627, -0.3443407794258561], "(17, 31)": [0.0, 0.0, -0.3443407794258561, 0.0], "(10, 37)": [0.0, 0.0, -0.11361512828387071, -0.0864827525163591], "(9, 37)": [-0.12247897700103201, 0.0, 0.0, -0.10466174574128355], "(9, 36)": [-0.11361512828387071, -0.11361512828387071, 0.0, 0.0], "(9, 35)": [-0.0864827525163591, -0.10466174574128355, -0.10466174574128355, 0.0], "(9, 34)": [-0.058519850599, -0.07725530557207991, 0.0, 0.0], "(8, 35)": [0.0, 0.0, -0.0490099501, -0.10466174574128355], "(7, 35)": [0.0, 0.0, -0.07725530557207991, -0.0490099501], "(9, 33)": [-0.029701, -0.0490099501, 0.0, 0.0], "(6, 35)": [0.0, 0.0, -0.058519850599, -0.07725530557207991], "(5, 35)": [0.0, 0.0, -0.058519850599, -0.058519850599], "(4, 35)": [0.0, 0.0, -0.03940399, -0.058519850599], "(3, 35)": [-0.07725530557207991, 0.0, 0.0, -0.03940399], "(3, 34)": [-0.058519850599, -0.07725530557207991, 0.0, 0.0], "(3, 33)": [0.0, -0.058519850599, 0.0, -0.07725530557207991], "(4, 33)": [0.0, 0.0, -0.07725530557207991, -0.0490099501], "(5, 33)": [-0.029701, 0.0, -0.0490099501, 0.0], "(5, 32)": [-0.01, -0.029701, 0.0, 0.0], "(5, 31)": [0.0, -0.01, 0.0, 0.0], "(9, 32)": [-0.03940399, -0.0199, 0.0, 0.0], "(9, 31)": [-0.029701, -0.029701, 0.0, -0.0199], "(9, 30)": [0.0, -0.029701, 0.0, 0.0], "(10, 31)": [0.0, 0.0, -0.01, -0.01], "(11, 31)": [0.0, 0.0, 0.0, -0.01], "(12, 31)": [0.0, 0.0, 0.0, -0.01], "(13, 31)": [-0.058519850599, -0.058519850599, 0.0, 0.0], "(13, 30)": [-0.029701, -0.0490099501, 0.0, 0.0], "(13, 32)": [-0.058519850599, -0.058519850599, 0.0, 0.0], "(13, 29)": [0.0, -0.0199, 0.0, -0.03940399], "(14, 29)": [0.0, 0.0, -0.029701, -0.07725530557207991], "(15, 29)": [-0.09561792499119551, 0.0, -0.06793465209301, -0.058519850599], "(15, 28)": [-0.0864827525163591, -0.09561792499119551, 0.0, 0.0], "(16, 29)": [0.0, 0.0, -0.058519850599, -0.03940399], "(17, 29)": [-0.0490099501, 0.0, -0.03940399, 0.0], "(17, 28)": [-0.06793465209301, -0.0490099501, 0.0, 0.0], "(15, 27)": [0.0, -0.0864827525163591, -0.06793465209301, 0.0], "(17, 27)": [0.0, -0.06793465209301, 0.0, -0.06793465209301], "(18, 27)": [0.0, 0.0, -0.06793465209301, -0.11361512828387071], "(19, 27)": [-0.1312541872310217, 0.0, -0.11361512828387071, -0.17383137616441327], "(19, 26)": [-0.0864827525163591, -0.1312541872310217, 0.0, 0.0], "(20, 27)": [0.0, 0.0, -0.17383137616441327, -0.19027213177874144],