{"(99, 49)": [-0.03940399, 0.0, -0.058519850599, 0.0], "(98, 49)": [0.0, 0.0, -0.058519850599, -0.058519850599], "(97, 49)": [0.0, 0.0, 0.0, -0.058519850599], "(99, 48)": [-0.0199, -0.029701, 0.0, 0.0], "(99, 47)": [-0.0199, -0.01, 0.0, 0.0], "(99, 46)": [-0.0490099501, -0.01, 0.0, 0.0], "(99, 45)": [0.0, -0.03940399, -0.029701, 0.0], "(98, 45)": [0.0, 0.0, -0.029701, -0.029701], "(97, 45)": [0.0, -0.01, 0.0, -0.029701], "(97, 46)": [-0.01, 0.0, 0.0, 0.0]}