{"(99, 49)": [-0.7785482127611387, 0.0, -0.8328660649851163, 0.0], "(98, 49)": [0.0, 0.0, -0.1654862385499124, -0.23765728565289626], "(99, 48)": [-0.19836941046095402, -0.19836941046095402, 0.0, 0.0], "(99, 47)": [0.0, -0.19836941046095402, 0.0, 0.0], "(97, 49)": [0.0, 0.0, -0.19836941046095402, -0.15705680661607313], "(96, 49)": [0.0, 0.0, -0.22217864060085324, -0.19027213177874144], "(95, 49)": [-0.30358678195042627, 0.0, 0.0, -0.21432185919278104], "(95, 48)": [-0.32427095093971664, -0.29655230500043056, 0.0, 0.0], "(95, 47)": [0.0, -0.31744540498961277, 0.0, -0.27501966404214634], "(96, 47)": [0.0, 0.0, -0.26769663034560237, -0.26029962661171957], "(97, 47)": [-0.23765728565289626, 0.0, -0.25282790566840363, 0.0], "(97, 46)": [-0.29655230500043056, -0.2299568541948447, 0.0, 0.0], "(97, 45)": [0.0, -0.28944677272770764, 0.0, -0.31744540498961277], "(98, 45)": [0.0, 0.0, -0.310550914130922, -0.30358678195042627], "(99, 45)": [-0.22217864060085324, 0.0, -0.29655230500043056, 0.0], "(99, 44)": [-0.1654862385499124, -0.21432185919278104, 0.0, 0.0], "(99, 43)": [-0.19027213177874144, -0.15705680661607313, -0.14854222890512436, 0.0], "(99, 42)": [-0.20638571635634448, -0.19027213177874144, 0.0, 0.0], "(98, 43)": [0.0, 0.0, -0.09561792499119551, -0.13994164535871148], "(99, 41)": [-0.09561792499119551, -0.20638571635634448, 0.0, 0.0], "(99, 40)": [-0.03940399, -0.09561792499119551, 0.0, 0.0], "(99, 39)": [-0.0199, -0.03940399, 0.0, 0.0], "(97, 43)": [-0.18209306240276912, 0.0, 0.0, -0.0864827525163591], "(97, 42)": [-0.15705680661607313, -0.17383137616441327, 0.0, 0.0], "(97, 41)": [-0.13994164535871148, -0.14854222890512436, -0.18209306240276912, 0.0], "(96, 41)": [0.0, 0.0, -0.17383137616441327, -0.17383137616441327], "(95, 41)": [-0.20638571635634448, 0.0, 0.0, -0.1654862385499124], "(95, 40)": [-0.19836941046095402, -0.19836941046095402, 0.0, 0.0], "(95, 39)": [0.0, -0.19027213177874144, -0.22217864060085324, 0.0], "(94, 39)": [0.0, 0.0, -0.27501966404214634, -0.21432185919278104], "(93, 39)": [0.0, -0.21432185919278104, 0.0, -0.26769663034560237], "(93, 40)": [-0.20638571635634448, -0.11361512828387071, 0.0, 0.0], "(93, 41)": [-0.10466174574128355, 0.0, -0.10466174574128355, 0.0], "(92, 41)": [0.0, 0.0, -0.06793465209301, -0.09561792499119551], "(91, 41)": [0.0, 0.0, -0.06793465209301, -0.058519850599], "(90, 41)": [0.0, 0.0, -0.1312541872310217, -0.058519850599], "(89, 41)": [-0.21432185919278104, 0.0, 0.0, -0.12247897700103201], "(89, 40)": [-0.25282790566840363, -0.20638571635634448, 0.0, 0.0], "(89, 39)": [0.0, -0.2452807127963673, -0.28944677272770764, 0.0], "(88, 39)": [0.0, 0.0, -0.32427095093971664, -0.28226946740172487], "(87, 39)": [0.0, -0.31744540498961277, 0.0, -0.31744540498961277], "(87, 40)": [-0.31744540498961277, -0.28944677272770764, 0.0, 0.0], "(87, 41)": [-0.28944677272770764, -0.31744540498961277, -0.3888827604671347, 0.0], "(87, 42)": [-0.31744540498961277, -0.33102824143031945, 0.0, 0.0], "(87, 43)": [-0.33102824143031945, 0.0, 0.0, -0.2452807127963673], "(88, 43)": [0.0, 0.0, -0.2452807127963673, -0.28944677272770764], "(89, 43)": [0.0, 0.0, -0.28944677272770764, -0.27501966404214634], "(90, 43)": [0.0, 0.0, -0.27501966404214634, -0.25282790566840363], "(91, 43)": [0.0, 0.0, -0.25282790566840363, -0.31744540498961277], "(92, 43)": [0.0, 0.0, -0.31744540498961277, -0.33102824143031945], "(93, 43)": [0.0, 0.0, -0.33102824143031945, -0.33102824143031945], "(94, 43)": [0.0, 0.0, -0.33102824143031945, -0.26029962661171957], "(86, 41)": [0.0, 0.0, -0.3827098590577118, -0.3888827604671347], "(85, 41)": [-0.33102824143031945, 0.0, 0.0, -0.3827098590577118], "(85, 40)": [-0.2299568541948447, -0.33102824143031945, 0.0, 0.0], "(85, 39)": [0.0, -0.2299568541948447, -0.26769663034560237, 0.0], "(84, 39)": [0.0, 0.0, -0.18209306240276912, -0.26769663034560237], "(83, 39)": [0.0, -0.1312541872310217, 0.0, -0.18209306240276912], "(83, 40)": [-0.1312541872310217, -0.11361512828387071, 0.0, 0.0], "(83, 41)": [-0.11361512828387071, -0.07725530557207991, 0.0, 0.0], "(83, 42)": [-0.07725530557207991, -0.15705680661607313, 0.0, 0.0], "(83, 43)": [-0.15705680661607313, -0.11361512828387071, 0.0, -0.14854222890512436], "(84, 43)": [0.0, 0.0, -0.14854222890512436, -0.15705680661607313], "(85, 43)": [0.0, 0.0, -0.15705680661607313, 0.0], "(83, 44)": [-0.11361512828387071, -0.10466174574128355, 0.0, 0.0], "(83, 45)": [-0.10466174574128355, 0.0, -0.17383137616441327, 0.0], "(82, 45)": [0.0, 0.0, -0.17383137616441327, -0.17383137616441327], "(81, 45)": [0.0, -0.10466174574128355, 0.0, -0.17383137616441327], "(81, 46)": [-0.10466174574128355, -0.12247897700103201, 0.0, 0.0], "(81, 47)": [-0.12247897700103201, -0.12247897700103201, 0.0, 0.0], "(81, 48)": [-0.12247897700103201, -0.17383137616441327, 0.0, 0.0], "(81, 49)": [-0.17383137616441327, 0.0, -0.1312541872310217, -0.14854222890512436], "(82, 49)": [0.0, 0.0, -0.14854222890512436, -0.09561792499119551], "(80, 49)": [0.0, 0.0, -0.06793465209301, -0.1312541872310217], "(79, 49)": [-0.03940399, 0.0, 0.0, -0.06793465209301], "(79, 48)": [-0.07725530557207991, -0.03940399, 0.0, 0.0], "(83, 49)": [-0.0864827525163591, 0.0, -0.09561792499119551, 0.0], "(83, 48)": [-0.12247897700103201, -0.0864827525163591, 0.0, 0.0], "(83, 47)": [0.0, -0.12247897700103201, 0.0, 0.0], "(79, 47)": [-0.06793465209301, -0.07725530557207991, 0.0, 0.0], "(79, 46)": [-0.03940399, -0.06793465209301, 0.0, 0.0], "(79, 45)": [-0.0864827525163591, -0.03940399, 0.0, 0.0], "(79, 44)": [-0.14854222890512436, -0.0864827525163591, 0.0, 0.0], "(79, 43)": [-0.19836941046095402, -0.14854222890512436, -0.14854222890512436, 0.0], "(79, 42)": [-0.13994164535871148, -0.19836941046095402, 0.0, 0.0], "(79, 41)": [0.0, -0.13994164535871148, 0.0, -0.0864827525163591], "(80, 41)": [0.0, 0.0, -0.0864827525163591, -0.0490099501], "(81, 41)": [-0.0199, -0.058519850599, -0.0490099501, 0.0], "(81, 42)": [-0.058519850599, -0.12247897700103201, 0.0, 0.0], "(81, 40)": [0.0, -0.0199, 0.0, 0.0], "(81, 43)": [-0.12247897700103201, 0.0, 0.0, 0.0], "(78, 43)": [0.0, 0.0, -0.09561792499119551, -0.14854222890512436], "(77, 43)": [-0.0490099501, 0.0, 0.0, -0.09561792499119551], "(77, 42)": [0.0, -0.0490099501, 0.0, 0.0], "(95, 43)": [0.0, -0.20638571635634448, -0.26029962661171957, 0.0], "(95, 44)": [-0.20638571635634448, -0.18209306240276912, 0.0, 0.0], "(95, 45)": [-0.18209306240276912, 0.0, -0.19027213177874144, 0.0], "(94, 45)": [0.0, 0.0, -0.1312541872310217, -0.19027213177874144], "(93, 45)": [0.0, -0.21432185919278104, 0.0, -0.1312541872310217], "(93, 46)": [-0.21432185919278104, -0.17383137616441327, 0.0, 0.0], "(93, 47)": [-0.17383137616441327, -0.23765728565289626, 0.0, 0.0], "(93, 48)": [-0.23765728565289626, -0.3573883979152816, 0.0, 0.0], "(93, 49)": [-0.3573883979152816, 0.0, -0.28944677272770764, 0.0], "(92, 49)": [0.0, 0.0, -0.30358678195042627, -0.28944677272770764], "(91, 49)": [-0.29655230500043056, 0.0, 0.0, -0.30358678195042627], "(91, 48)": [-0.21432185919278104, -0.29655230500043056, 0.0, 0.0], "(91, 47)": [0.0, -0.21432185919278104, -0.25282790566840363, 0.0], "(90, 47)": [0.0, 0.0, -0.310550914130922, -0.25282790566840363], "(89, 47)": [0.0, 0.0, -0.26029962661171957, -0.310550914130922], "(88, 47)": [0.0, 0.0, -0.22217864060085324, -0.26029962661171957], "(87, 47)": [0.0, -0.19836941046095402, 0.0, -0.22217864060085324], "(87, 48)": [-0.19836941046095402, -0.19027213177874144, 0.0, 0.0], "(87, 49)": [-0.19027213177874144, 0.0, -0.2299568541948447, -0.19836941046095402], "(88, 49)": [0.0, 0.0, -0.19836941046095402, -0.21432185919278104], "(89, 49)": [0.0, 0.0, -0.21432185919278104, 0.0], "(86, 49)": [0.0, 0.0, -0.19027213177874144, -0.2299568541948447], "(85, 49)": [-0.22217864060085324, 0.0, 0.0, -0.19027213177874144], "(85, 48)": [-0.1312541872310217, -0.22217864060085324, 0.0, 0.0], "(85, 47)": [-0.09561792499119551, -0.1312541872310217, 0.0, 0.0], "(85, 46)": [-0.12247897700103201, -0.09561792499119551, 0.0, 0.0],