{"(99, 49)": [0.0, 0.0, -0.06793465209301, 0.0], "(98, 49)": [0.0, 0.0, -0.058519850599, -0.058519850599], "(97, 49)": [-0.01, 0.0, 0.0, -0.0490099501], "(97, 48)": [-0.0490099501, 0.0, 0.0, 0.0], "(97, 47)": [-0.03940399, -0.03940399, 0.0, -0.01], "(97, 46)": [-0.06793465209301, -0.03940399, 0.0, 0.0], "(97, 45)": [0.0, -0.06793465209301, -0.01, 0.0], "(96, 45)": [0.0, 0.0, 0.0, -0.01], "(98, 47)": [0.0, 0.0, -0.01, 0.0]}