{"(99, 49)": [-0.11361512828387071, 0.0, -0.13994164535871148, 0.0], "(98, 49)": [0.0, 0.0, -0.0864827525163591, -0.07725530557207991], "(97, 49)": [0.0, 0.0, -0.09561792499119551, -0.07725530557207991], "(96, 49)": [0.0, 0.0, -0.0864827525163591, -0.0864827525163591], "(95, 49)": [-0.07725530557207991, 0.0, 0.0, -0.07725530557207991], "(95, 48)": [-0.07725530557207991, -0.06793465209301, 0.0, 0.0], "(95, 47)": [-0.058519850599, -0.06793465209301, 0.0, 0.0], "(95, 46)": [-0.0490099501, -0.0490099501, 0.0, 0.0], "(95, 45)": [0.0, -0.03940399, -0.0490099501, 0.0], "(94, 45)": [0.0, 0.0, -0.0490099501, -0.03940399], "(93, 45)": [0.0, 0.0, -0.03940399, -0.03940399], "(92, 45)": [0.0, 0.0, -0.058519850599, -0.029701], "(91, 45)": [0.0, -0.0490099501, 0.0, -0.0490099501], "(91, 46)": [-0.03940399, -0.06793465209301, 0.0, 0.0], "(91, 47)": [-0.058519850599, -0.06793465209301, 0.0, 0.0], "(91, 48)": [-0.058519850599, -0.0490099501, 0.0, 0.0], "(91, 49)": [-0.03940399, 0.0, -0.029701, -0.03940399], "(92, 49)": [0.0, 0.0, -0.03940399, -0.03940399], "(93, 49)": [-0.03940399, 0.0, -0.03940399, 0.0], "(93, 48)": [-0.029701, -0.03940399, 0.0, 0.0], "(93, 47)": [0.0, -0.029701, 0.0, 0.0], "(90, 49)": [0.0, 0.0, -0.0490099501, -0.0199], "(89, 49)": [-0.03940399, 0.0, -0.03940399, -0.03940399], "(88, 49)": [0.0, 0.0, -0.029701, -0.03940399], "(87, 49)": [0.0, 0.0, -0.0490099501, -0.029701], "(86, 49)": [0.0, 0.0, -0.0490099501, -0.0490099501], "(85, 49)": [0.0, 0.0, -0.03940399, -0.0490099501], "(84, 49)": [0.0, 0.0, -0.029701, -0.03940399], "(83, 49)": [0.0, 0.0, -0.029701, -0.029701], "(82, 49)": [0.0, 0.0, -0.0199, -0.029701], "(81, 49)": [0.0, 0.0, 0.0, -0.0199], "(89, 48)": [-0.03940399, -0.029701, 0.0, 0.0], "(89, 47)": [-0.0490099501, -0.029701, 0.0, 0.0], "(89, 46)": [-0.058519850599, -0.03940399, 0.0, 0.0], "(89, 45)": [0.0, -0.0490099501, -0.0490099501, 0.0], "(88, 45)": [0.0, 0.0, -0.0490099501, -0.03940399], "(87, 45)": [0.0, -0.0490099501, -0.0490099501, -0.03940399], "(87, 46)": [-0.0490099501, -0.03940399, 0.0, 0.0], "(87, 47)": [-0.03940399, 0.0, -0.0490099501, 0.0], "(86, 47)": [0.0, 0.0, -0.0490099501, -0.0490099501], "(85, 47)": [0.0, 0.0, -0.0490099501, -0.0490099501], "(84, 47)": [0.0, 0.0, -0.0490099501, -0.0490099501], "(83, 47)": [0.0, 0.0, 0.0, -0.0490099501], "(86, 45)": [0.0, 0.0, -0.0490099501, -0.03940399], "(85, 45)": [0.0, 0.0, -0.03940399, -0.03940399], "(84, 45)": [0.0, 0.0, -0.029701, -0.029701], "(83, 45)": [-0.0199, 0.0, -0.0199, -0.0199], "(82, 45)": [0.0, 0.0, -0.0199, -0.0199], "(81, 45)": [0.0, -0.01, 0.0, -0.0199], "(83, 44)": [-0.03940399, -0.01, 0.0, 0.0], "(83, 43)": [0.0, -0.029701, 0.0, -0.029701], "(84, 43)": [0.0, 0.0, -0.0199, -0.029701], "(85, 43)": [-0.03940399, 0.0, -0.0199, -0.03940399], "(85, 42)": [-0.03940399, -0.03940399, 0.0, 0.0], "(85, 41)": [0.0, -0.03940399, -0.0490099501, 0.0], "(84, 41)": [0.0, 0.0, -0.029701, -0.0490099501], "(86, 43)": [0.0, 0.0, -0.029701, -0.03940399], "(87, 43)": [0.0, 0.0, -0.029701, -0.029701], "(88, 43)": [0.0, 0.0, -0.029701, -0.0199], "(89, 43)": [0.0, 0.0, -0.0199, -0.0199], "(90, 43)": [0.0, 0.0, -0.0199, -0.0199], "(91, 43)": [0.0, 0.0, -0.0199, -0.0199], "(92, 43)": [0.0, 0.0, -0.0199, -0.0199], "(83, 41)": [0.0, 0.0, 0.0, -0.029701], "(93, 43)": [0.0, 0.0, -0.0199, -0.01], "(94, 43)": [0.0, 0.0, -0.01, -0.01], "(95, 43)": [0.0, 0.0, -0.01, 0.0], "(99, 48)": [-0.06793465209301, -0.06793465209301, 0.0, 0.0], "(99, 47)": [0.0, -0.06793465209301, -0.0490099501, 0.0], "(98, 47)": [0.0, 0.0, -0.03940399, -0.0490099501], "(97, 47)": [0.0, 0.0, 0.0, -0.03940399], "(81, 46)": [-0.01, -0.01, 0.0, 0.0], "(81, 47)": [-0.01, 0.0, -0.01, 0.0], "(80, 47)": [0.0, 0.0, -0.01, -0.01], "(79, 47)": [0.0, 0.0, 0.0, -0.01]}