{"(99, 1)": [0.0, -0.01, -0.058519850599, 0.0], "(99, 2)": [-0.01, 0.0, 0.0, 0.0], "(98, 1)": [0.0, 0.0, -0.0864827525163591, -0.03940399], "(97, 1)": [0.0, -0.25282790566840363, 0.0, -0.06793465209301], "(97, 2)": [-0.23765728565289626, -0.12247897700103201, 0.0, 0.0], "(97, 3)": [-0.10466174574128355, 0.0, -0.058519850599, 0.0], "(96, 3)": [0.0, 0.0, 0.0, -0.058519850599]}