{"(1, 49)": [-0.029701, 0.0, 0.0, -0.01], "(1, 48)": [-0.058519850599, -0.0199, 0.0, 0.0], "(1, 47)": [-0.0199, -0.0490099501, 0.0, 0.0], "(1, 46)": [-0.0199, -0.01, 0.0, 0.0], "(1, 45)": [-0.0199, -0.01, 0.0, 0.0], "(2, 49)": [0.0, 0.0, 0.0, -0.01], "(3, 49)": [-0.01, 0.0, 0.0, 0.0], "(3, 48)": [-0.01, 0.0, 0.0, 0.0], "(3, 47)": [0.0, 0.0, 0.0, -0.01], "(4, 47)": [0.0, 0.0, 0.0, -0.01], "(5, 47)": [0.0, 0.0, 0.0, -0.029701], "(6, 47)": [0.0, 0.0, -0.0199, -0.029701], "(7, 47)": [0.0, -0.029701, -0.0199, 0.0], "(7, 48)": [-0.029701, -0.058519850599, 0.0, 0.0], "(7, 49)": [-0.058519850599, 0.0, -0.029701, 0.0], "(6, 49)": [0.0, 0.0, -0.03940399, -0.029701], "(5, 49)": [0.0, 0.0, 0.0, -0.03940399], "(1, 44)": [-0.029701, -0.01, 0.0, 0.0], "(1, 43)": [-0.01, -0.0199, 0.0, 0.0], "(1, 42)": [-0.03940399, 0.0, 0.0, 0.0], "(1, 41)": [0.0, -0.029701, 0.0, -0.03940399], "(2, 41)": [0.0, 0.0, -0.029701, -0.0199], "(3, 41)": [-0.0199, 0.0, -0.01, -0.01], "(4, 41)": [0.0, 0.0, -0.01, 0.0], "(3, 40)": [-0.029701, -0.01, 0.0, 0.0], "(3, 39)": [0.0, -0.0199, -0.029701, 0.0], "(2, 39)": [0.0, 0.0, -0.01, -0.029701], "(1, 39)": [-0.01, 0.0, 0.0, -0.01], "(1, 38)": [-0.0199, -0.01, 0.0, 0.0], "(1, 37)": [0.0, -0.0199, 0.0, 0.0]}