{"(99, 1)": [0.0, -0.01, -0.01, 0.0], "(98, 1)": [0.0, 0.0, -0.01, -0.01], "(97, 1)": [0.0, 0.0, -0.0199, -0.01], "(96, 1)": [0.0, 0.0, -0.0199, -0.0199], "(95, 1)": [0.0, 0.0, -0.0199, -0.0199], "(94, 1)": [0.0, 0.0, -0.0199, -0.0199], "(93, 1)": [0.0, 0.0, 0.0, -0.0199], "(99, 2)": [0.0, -0.01, 0.0, 0.0], "(99, 3)": [0.0, -0.01, 0.0, 0.0], "(99, 4)": [0.0, -0.01, 0.0, 0.0], "(99, 5)": [0.0, -0.01, -0.0199, 0.0], "(99, 6)": [-0.01, -0.01, 0.0, 0.0], "(99, 7)": [-0.01, 0.0, -0.0199, 0.0], "(98, 7)": [0.0, 0.0, -0.029701, -0.0199], "(97, 7)": [0.0, 0.0, -0.0199, -0.029701], "(96, 7)": [0.0, 0.0, -0.01, -0.0199], "(95, 7)": [0.0, -0.01, 0.0, -0.01], "(95, 8)": [-0.01, -0.01, 0.0, 0.0], "(95, 9)": [-0.01, -0.029701, 0.0, 0.0], "(95, 10)": [-0.029701, 0.0, 0.0, 0.0], "(98, 5)": [0.0, 0.0, -0.01, -0.01], "(97, 5)": [0.0, 0.0, -0.01, 0.0], "(96, 5)": [0.0, 0.0, 0.0, -0.01]}