{"(99, 49)": [0.0, 0.0, -0.9675210965827897, 0.0], "(98, 49)": [0.0, 0.0, -0.11361512828387071, -0.1654862385499124], "(97, 49)": [-0.1312541872310217, 0.0, -0.0864827525163591, -0.10466174574128355], "(97, 48)": [-0.19836941046095402, -0.1312541872310217, 0.0, 0.0], "(97, 47)": [0.0, -0.19836941046095402, 0.0, -0.21432185919278104], "(98, 47)": [0.0, 0.0, -0.21432185919278104, -0.310550914130922], "(99, 47)": [-0.3764746051087998, 0.0, -0.310550914130922, 0.0], "(99, 46)": [-0.30358678195042627, -0.3764746051087998, 0.0, 0.0], "(99, 45)": [-0.20638571635634448, -0.30358678195042627, 0.0, 0.0], "(99, 44)": [-0.15705680661607313, -0.20638571635634448, 0.0, 0.0], "(99, 43)": [-0.26029962661171957, -0.15705680661607313, 0.0, 0.0], "(99, 42)": [-0.26769663034560237, -0.26029962661171957, 0.0, 0.0], "(99, 41)": [-0.28944677272770764, -0.26769663034560237, 0.0, 0.0], "(99, 40)": [-0.17383137616441327, -0.28944677272770764, 0.0, 0.0], "(99, 39)": [-0.10466174574128355, -0.17383137616441327, 0.0, 0.0], "(96, 49)": [0.0, 0.0, -0.06793465209301, -0.07725530557207991], "(95, 49)": [-0.058519850599, 0.0, 0.0, -0.058519850599], "(99, 38)": [-0.21432185919278104, -0.10466174574128355, 0.0, 0.0], "(99, 37)": [-0.3638145139361288, -0.21432185919278104, 0.0, 0.0], "(99, 36)": [-0.3638145139361288, -0.3638145139361288, 0.0, 0.0], "(99, 35)": [-0.40104399353383874, -0.3638145139361288, 0.0, 0.0], "(99, 34)": [-0.4188335858818902, -0.40104399353383874, 0.0, 0.0], "(99, 33)": [-0.4951141112129301, -0.4188335858818902, 0.0, 0.0], "(99, 32)": [-0.5387780325819043, -0.4951141112129301, 0.0, 0.0], "(99, 31)": [-0.5387780325819043, -0.5387780325819043, 0.0, 0.0], "(99, 30)": [-0.3888827604671347, -0.5387780325819043, 0.0, 0.0], "(99, 29)": [-0.40703355359850035, -0.3888827604671347, 0.0, 0.0], "(99, 28)": [-0.45284335760923855, -0.40703355359850035, 0.0, 0.0], "(99, 27)": [0.0, -0.45284335760923855, -0.3827098590577118, 0.0], "(98, 27)": [0.0, 0.0, -0.3701763687967675, -0.3827098590577118], "(97, 27)": [0.0, 0.0, -0.33102824143031945, -0.3701763687967675], "(96, 27)": [0.0, 0.0, -0.27501966404214634, -0.33102824143031945], "(95, 27)": [0.0, -0.26769663034560237, 0.0, -0.27501966404214634], "(95, 28)": [-0.26769663034560237, -0.310550914130922, 0.0, 0.0], "(95, 29)": [-0.310550914130922, 0.0, -0.31744540498961277, 0.0], "(94, 29)": [0.0, 0.0, -0.39499393286246337, -0.31744540498961277], "(93, 29)": [0.0, 0.0, -0.35089737163159757, -0.39499393286246337], "(92, 29)": [0.0, 0.0, -0.310550914130922, -0.35089737163159757], "(91, 29)": [0.0, -0.32427095093971664, 0.0, -0.310550914130922], "(91, 30)": [-0.32427095093971664, -0.29655230500043056, 0.0, 0.0], "(91, 31)": [-0.29655230500043056, -0.310550914130922, 0.0, -0.29655230500043056], "(92, 31)": [0.0, 0.0, -0.29655230500043056, -0.2299568541948447], "(93, 31)": [0.0, 0.0, -0.2299568541948447, -0.23765728565289626], "(94, 31)": [0.0, 0.0, -0.23765728565289626, -0.25282790566840363], "(95, 31)": [0.0, 0.0, -0.25282790566840363, -0.2452807127963673], "(96, 31)": [0.0, 0.0, -0.2452807127963673, -0.30358678195042627], "(97, 31)": [-0.25282790566840363, -0.2452807127963673, -0.30358678195042627, 0.0], "(91, 32)": [-0.310550914130922, -0.22217864060085324, 0.0, 0.0], "(91, 33)": [-0.22217864060085324, 0.0, 0.0, 0.0], "(97, 30)": [-0.22217864060085324, -0.25282790566840363, 0.0, 0.0], "(97, 32)": [-0.2452807127963673, -0.26029962661171957, 0.0, 0.0], "(97, 29)": [0.0, -0.22217864060085324, 0.0, 0.0], "(97, 33)": [-0.26029962661171957, -0.19836941046095402, 0.0, 0.0], "(97, 34)": [-0.19836941046095402, -0.15705680661607313, 0.0, 0.0], "(97, 35)": [-0.15705680661607313, 0.0, -0.07725530557207991, 0.0], "(96, 35)": [0.0, 0.0, -0.1312541872310217, -0.07725530557207991], "(95, 35)": [0.0, 0.0, -0.1312541872310217, -0.1312541872310217], "(94, 35)": [0.0, 0.0, -0.03940399, -0.1312541872310217], "(93, 35)": [-0.03940399, 0.0, -0.03940399, -0.03940399], "(92, 35)": [0.0, 0.0, 0.0, -0.03940399], "(93, 34)": [-0.10466174574128355, -0.03940399, 0.0, 0.0], "(93, 33)": [0.0, -0.10466174574128355, 0.0, -0.06793465209301], "(94, 33)": [0.0, 0.0, -0.06793465209301, -0.10466174574128355], "(95, 33)": [0.0, 0.0, -0.10466174574128355, 0.0], "(95, 48)": [-0.09561792499119551, -0.0490099501, 0.0, 0.0], "(95, 47)": [0.0, -0.0864827525163591, -0.0864827525163591, 0.0], "(94, 47)": [0.0, 0.0, -0.10466174574128355, -0.07725530557207991], "(93, 47)": [-0.0864827525163591, 0.0, 0.0, -0.09561792499119551], "(93, 46)": [-0.17383137616441327, -0.07725530557207991, 0.0, 0.0], "(93, 45)": [0.0, -0.1654862385499124, -0.17383137616441327, -0.19836941046095402], "(94, 45)": [0.0, 0.0, -0.19836941046095402, -0.13994164535871148], "(95, 45)": [0.0, 0.0, -0.13994164535871148, -0.10466174574128355], "(92, 45)": [0.0, 0.0, -0.1312541872310217, -0.1654862385499124], "(91, 45)": [-0.1654862385499124, 0.0, 0.0, -0.12247897700103201], "(91, 44)": [-0.12247897700103201, -0.15705680661607313, 0.0, 0.0], "(96, 45)": [0.0, 0.0, -0.10466174574128355, -0.0490099501], "(97, 45)": [-0.029701, 0.0, -0.0490099501, 0.0], "(97, 44)": [-0.11361512828387071, -0.029701, 0.0, 0.0], "(97, 43)": [-0.11361512828387071, -0.11361512828387071, 0.0, 0.0], "(97, 42)": [-0.06793465209301, -0.11361512828387071, 0.0, 0.0], "(97, 41)": [0.0, -0.06793465209301, 0.0, 0.0], "(91, 43)": [-0.09561792499119551, -0.11361512828387071, 0.0, 0.0], "(91, 42)": [-0.0864827525163591, -0.0864827525163591, 0.0, 0.0], "(91, 41)": [0.0, -0.07725530557207991, 0.0, -0.0864827525163591], "(92, 41)": [0.0, 0.0, -0.07725530557207991, -0.0864827525163591], "(93, 41)": [-0.06793465209301, -0.06793465209301, -0.07725530557207991, 0.0], "(93, 42)": [-0.06793465209301, -0.058519850599, 0.0, 0.0], "(93, 40)": [-0.06793465209301, -0.058519850599, 0.0, 0.0], "(93, 39)": [-0.0490099501, -0.058519850599, 0.0, 0.0], "(93, 43)": [-0.058519850599, 0.0, 0.0, -0.09561792499119551], "(94, 43)": [0.0, 0.0, -0.09561792499119551, -0.0864827525163591], "(95, 43)": [-0.07725530557207991, 0.0, -0.0864827525163591, 0.0], "(93, 38)": [-0.11361512828387071, -0.03940399, 0.0, 0.0], "(93, 37)": [0.0, -0.10466174574128355, -0.0864827525163591, 0.0], "(92, 37)": [0.0, 0.0, -0.058519850599, -0.07725530557207991], "(91, 37)": [0.0, -0.0490099501, 0.0, -0.0490099501], "(91, 38)": [-0.03940399, -0.06793465209301, 0.0, 0.0], "(91, 39)": [-0.058519850599, 0.0, -0.06793465209301, 0.0], "(90, 39)": [0.0, 0.0, -0.03940399, -0.058519850599], "(95, 42)": [-0.058519850599, -0.07725530557207991, 0.0, 0.0], "(95, 41)": [0.0, -0.058519850599, 0.0, 0.0], "(89, 39)": [0.0, -0.0490099501, 0.0, -0.029701], "(89, 40)": [-0.03940399, -0.10466174574128355, 0.0, 0.0], "(89, 41)": [-0.09561792499119551, -0.07725530557207991, 0.0, 0.0], "(89, 42)": [-0.06793465209301, -0.0864827525163591, 0.0, 0.0], "(89, 43)": [-0.07725530557207991, -0.058519850599, -0.09561792499119551, 0.0], "(88, 43)": [0.0, 0.0, -0.12247897700103201, -0.0864827525163591], "(89, 44)": [-0.058519850599, -0.0864827525163591, 0.0, 0.0], "(89, 45)": [-0.0864827525163591, -0.07725530557207991, 0.0, 0.0], "(89, 46)": [-0.07725530557207991, -0.07725530557207991, 0.0, 0.0], "(87, 43)": [-0.10466174574128355, -0.10466174574128355, 0.0, -0.11361512828387071], "(87, 42)": [-0.12247897700103201, -0.10466174574128355, 0.0, 0.0], "(87, 41)": [0.0, -0.12247897700103201, 0.0, 0.0], "(87, 44)": [-0.09561792499119551, -0.11361512828387071, 0.0, 0.0], "(87, 45)": [-0.10466174574128355, 0.0, -0.18209306240276912, 0.0], "(86, 45)": [0.0, 0.0, -0.18209306240276912, -0.17383137616441327], "(89, 47)": [-0.07725530557207991, -0.06793465209301, 0.0, -0.11361512828387071], "(90, 47)": [0.0, 0.0, -0.11361512828387071, -0.15705680661607313], "(91, 47)": [0.0, -0.19027213177874144, -0.15705680661607313, 0.0], "(91, 48)": [-0.19027213177874144, -0.26029962661171957, 0.0, 0.0], "(91, 49)": [-0.26029962661171957, 0.0, 0.0, -0.3764746051087998], "(92, 49)": [0.0, 0.0, -0.3764746051087998, -0.28944677272770764],