{"(1, 49)": [-0.14854222890512436, 0.0, 0.0, 0.0], "(1, 48)": [-0.14854222890512436, -0.1312541872310217, 0.0, 0.0], "(1, 47)": [0.0, -0.1312541872310217, 0.0, -0.11361512828387071], "(2, 47)": [0.0, 0.0, -0.10466174574128355, -0.0199], "(3, 47)": [0.0, -0.01, -0.01, 0.0], "(3, 48)": [0.0, -0.03940399, 0.0, 0.0], "(3, 49)": [-0.029701, 0.0, 0.0, -0.0199], "(4, 49)": [0.0, 0.0, -0.01, -0.11361512828387071], "(5, 49)": [0.0, 0.0, -0.10466174574128355, 0.0]}