{"(1, 1)": [0.0, -0.9974963363721333, 0.0, -0.9965811114196453], "(1, 2)": [-0.47965947734969333, -0.4473165228376147, 0.0, 0.0], "(2, 1)": [0.0, 0.0, -0.3888827604671347, -0.3701763687967675], "(3, 1)": [0.0, 0.0, -0.3638145139361288, -0.4303987975228406], "(4, 1)": [0.0, 0.0, -0.4246452500230713, -0.45831492403314616], "(1, 3)": [-0.4473165228376147, -0.5524767862361891, 0.0, 0.0], "(1, 4)": [-0.5524767862361891, -0.4848628825761964, 0.0, 0.0], "(1, 5)": [-0.4848628825761964, -0.4848628825761964, 0.0, 0.0], "(1, 6)": [-0.4848628825761964, -0.4744035124744377, 0.0, 0.0], "(1, 7)": [-0.4744035124744377, 0.0, 0.0, -0.5246599579942928], "(2, 7)": [0.0, 0.0, -0.5246599579942928, -0.45284335760923855], "(3, 7)": [-0.44173386145213606, 0.0, -0.45284335760923855, 0.0], "(3, 6)": [-0.4246452500230713, -0.44173386145213606, 0.0, 0.0], "(3, 5)": [-0.39499393286246337, -0.4246452500230713, 0.0, 0.0], "(3, 4)": [-0.33102824143031945, -0.39499393286246337, 0.0, 0.0], "(3, 3)": [0.0, -0.33102824143031945, 0.0, -0.29655230500043056], "(4, 3)": [0.0, 0.0, -0.29655230500043056, -0.3573883979152816], "(5, 3)": [0.0, 0.0, -0.3573883979152816, -0.3443407794258561], "(6, 3)": [0.0, 0.0, -0.3443407794258561, -0.3573883979152816], "(7, 3)": [0.0, -0.4246452500230713, -0.3573883979152816, -0.3701763687967675], "(7, 4)": [-0.4246452500230713, -0.44173386145213606, 0.0, 0.0], "(7, 5)": [-0.44173386145213606, 0.0, -0.4637317747928147, 0.0], "(6, 5)": [0.0, 0.0, -0.46909445704488656, -0.4637317747928147], "(5, 5)": [0.0, -0.5051613403997928, 0.0, -0.46909445704488656], "(5, 6)": [-0.5051613403997928, -0.4246452500230713, 0.0, 0.0], "(5, 7)": [-0.4246452500230713, 0.0, 0.0, -0.3638145139361288], "(6, 7)": [0.0, 0.0, -0.3638145139361288, -0.39499393286246337], "(7, 7)": [0.0, 0.0, -0.39499393286246337, -0.32427095093971664], "(8, 7)": [0.0, 0.0, -0.32427095093971664, -0.3443407794258561], "(9, 7)": [-0.30358678195042627, -0.29655230500043056, -0.3443407794258561, 0.0], "(9, 6)": [-0.26029962661171957, -0.30358678195042627, 0.0, 0.0], "(9, 5)": [0.0, -0.26029962661171957, 0.0, -0.31744540498961277], "(10, 5)": [0.0, 0.0, -0.31744540498961277, -0.32427095093971664], "(11, 5)": [0.0, -0.28226946740172487, -0.32427095093971664, 0.0], "(11, 6)": [-0.28226946740172487, -0.25282790566840363, 0.0, 0.0], "(11, 7)": [-0.25282790566840363, -0.2452807127963673, 0.0, -0.19836941046095402], "(11, 8)": [-0.2452807127963673, -0.15705680661607313, 0.0, 0.0], "(11, 9)": [-0.15705680661607313, 0.0, 0.0, 0.0], "(12, 7)": [0.0, 0.0, -0.19836941046095402, -0.1312541872310217], "(13, 7)": [0.0, -0.18209306240276912, -0.1312541872310217, 0.0], "(13, 8)": [-0.18209306240276912, -0.28944677272770764, 0.0, 0.0], "(13, 9)": [-0.28944677272770764, -0.27501966404214634, 0.0, 0.0], "(13, 10)": [-0.27501966404214634, -0.19027213177874144, 0.0, 0.0], "(13, 11)": [-0.19027213177874144, -0.10466174574128355, -0.1654862385499124, 0.0], "(12, 11)": [0.0, 0.0, -0.12247897700103201, -0.1654862385499124], "(11, 11)": [0.0, -0.058519850599, 0.0, -0.12247897700103201], "(13, 12)": [-0.10466174574128355, -0.06793465209301, 0.0, 0.0], "(13, 13)": [-0.06793465209301, 0.0, 0.0, -0.01], "(14, 13)": [0.0, 0.0, -0.01, 0.0], "(9, 8)": [-0.29655230500043056, -0.22217864060085324, 0.0, 0.0], "(9, 9)": [-0.22217864060085324, -0.15705680661607313, 0.0, 0.0], "(9, 10)": [-0.15705680661607313, -0.1312541872310217, 0.0, 0.0], "(9, 11)": [-0.1312541872310217, -0.058519850599, 0.0, 0.0], "(9, 12)": [-0.058519850599, -0.058519850599, 0.0, 0.0], "(9, 13)": [-0.058519850599, -0.029701, 0.0, 0.0], "(9, 14)": [-0.029701, 0.0, 0.0, 0.0], "(8, 3)": [0.0, 0.0, -0.3701763687967675, -0.33102824143031945], "(9, 3)": [0.0, 0.0, -0.33102824143031945, -0.26769663034560237], "(10, 3)": [0.0, 0.0, -0.26769663034560237, -0.23765728565289626], "(11, 3)": [0.0, 0.0, -0.23765728565289626, 0.0], "(5, 1)": [0.0, 0.0, -0.45284335760923855, -0.3443407794258561], "(11, 12)": [-0.058519850599, -0.0490099501, 0.0, 0.0], "(11, 13)": [-0.0490099501, -0.0199, 0.0, 0.0], "(11, 14)": [-0.0199, 0.0, 0.0, 0.0], "(6, 1)": [0.0, 0.0, -0.33771795901601626, -0.26769663034560237], "(7, 1)": [0.0, 0.0, -0.26029962661171957, -0.32427095093971664], "(8, 1)": [0.0, 0.0, -0.31744540498961277, -0.44173386145213606], "(9, 1)": [0.0, 0.0, -0.4360948095476122, -0.5479563497335244], "(10, 1)": [0.0, 0.0, -0.5433902522560852, -0.47965947734969333], "(11, 1)": [0.0, 0.0, -0.4744035124744377, -0.5101097269957948], "(12, 1)": [0.0, 0.0, -0.5051613403997928, -0.5524767862361891], "(13, 1)": [0.0, -0.6851908268190479, -0.5479563497335244, 0.0], "(13, 2)": [-0.6820109361808564, -0.6519068855075579, 0.0, 0.0], "(13, 3)": [-0.6483907934419777, 0.0, 0.0, -0.6483907934419777], "(14, 3)": [0.0, 0.0, -0.644839185294927, -0.5786657778452318], "(15, 3)": [-0.6483907934419777, 0.0, -0.5744098766113452, 0.0], "(15, 2)": [-0.5479563497335244, -0.644839185294927, 0.0, 0.0], "(15, 1)": [0.0, -0.5433902522560852, 0.0, -0.5246599579942928], "(16, 1)": [0.0, 0.0, -0.5198585434285785, -0.5150086297258368], "(17, 1)": [0.0, -0.4637317747928147, -0.5101097269957948, -0.3764746051087998], "(17, 2)": [-0.4637317747928147, -0.5387780325819043, 0.0, 0.0], "(17, 3)": [-0.5387780325819043, -0.5051613403997928, 0.0, 0.0], "(17, 4)": [-0.5051613403997928, -0.4637317747928147, 0.0, 0.0], "(17, 5)": [-0.4637317747928147, 0.0, -0.47965947734969333, 0.0], "(18, 1)": [0.0, 0.0, -0.3701763687967675, -0.40104399353383874], "(19, 1)": [0.0, -0.28226946740172487, -0.39499393286246337, 0.0], "(19, 2)": [-0.27501966404214634, -0.25282790566840363, 0.0, 0.0], "(19, 3)": [-0.2452807127963673, -0.2452807127963673, 0.0, 0.0], "(19, 4)": [-0.23765728565289626, -0.22217864060085324, 0.0, 0.0], "(19, 5)": [-0.21432185919278104, -0.21432185919278104, 0.0, 0.0], "(16, 5)": [0.0, 0.0, -0.44173386145213606, -0.47965947734969333], "(15, 5)": [0.0, 0.0, -0.5150086297258368, -0.44173386145213606], "(14, 5)": [0.0, 0.0, -0.5101097269957948, -0.5150086297258368], "(13, 5)": [0.0, 0.0, 0.0, -0.5101097269957948], "(19, 6)": [-0.20638571635634448, -0.17383137616441327, 0.0, 0.0], "(19, 7)": [-0.1654862385499124, 0.0, -0.18209306240276912, 0.0], "(18, 7)": [0.0, 0.0, -0.25282790566840363, -0.18209306240276912], "(17, 7)": [0.0, 0.0, -0.33771795901601626, -0.25282790566840363], "(16, 7)": [0.0, 0.0, -0.4188335858818902, -0.33771795901601626], "(15, 7)": [0.0, -0.44173386145213606, 0.0, -0.4188335858818902], "(15, 8)": [-0.44173386145213606, -0.4246452500230713, 0.0, 0.0], "(15, 9)": [-0.4246452500230713, -0.41296321806251535, 0.0, 0.0], "(15, 10)": [-0.41296321806251535, -0.44173386145213606, 0.0, 0.0], "(15, 11)": [-0.44173386145213606, 0.0, 0.0, -0.5246599579942928], "(16, 11)": [0.0, 0.0, -0.5246599579942928, -0.4473165228376147], "(17, 11)": [-0.3638145139361288, 0.0, -0.4473165228376147, 0.0], "(17, 10)": [-0.30358678195042627, -0.3638145139361288, 0.0, 0.0], "(17, 9)": [0.0, -0.30358678195042627, 0.0, -0.29655230500043056], "(18, 9)": [0.0, 0.0, -0.29655230500043056, -0.33102824143031945], "(19, 9)": [0.0, 0.0, -0.33102824143031945, 0.0]}