{"(99, 49)": [-0.10466174574128355, 0.0, -0.06793465209301, 0.0], "(98, 49)": [0.0, 0.0, -0.09561792499119551, -0.06793465209301], "(97, 49)": [0.0, 0.0, -0.029701, -0.09561792499119551], "(96, 49)": [0.0, 0.0, -0.029701, -0.029701], "(99, 48)": [-0.029701, -0.0864827525163591, 0.0, 0.0], "(95, 49)": [-0.0199, 0.0, -0.01, -0.029701], "(94, 49)": [0.0, 0.0, 0.0, -0.01], "(95, 48)": [-0.029701, -0.0199, 0.0, 0.0], "(95, 47)": [-0.0490099501, -0.029701, 0.0, 0.0], "(95, 46)": [-0.029701, -0.0490099501, 0.0, 0.0], "(95, 45)": [0.0, -0.029701, 0.0, 0.0], "(99, 47)": [0.0, -0.01, -0.0490099501, 0.0], "(98, 47)": [0.0, 0.0, -0.03940399, -0.0490099501], "(97, 47)": [-0.0199, 0.0, 0.0, -0.03940399], "(97, 46)": [0.0, -0.0199, 0.0, 0.0]}