{"(1, 49)": [-0.029701, 0.0, 0.0, 0.0], "(1, 48)": [-0.0864827525163591, -0.0199, 0.0, 0.0], "(1, 47)": [0.0, -0.07725530557207991, 0.0, -0.11361512828387071], "(2, 47)": [0.0, 0.0, -0.10466174574128355, -0.07725530557207991], "(3, 47)": [0.0, 0.0, -0.06793465209301, 0.0]}