{"(99, 49)": [0.0, 0.0, -0.9709203953141974, 0.0], "(98, 49)": [0.0, 0.0, -0.5569520183738272, -0.5744098766113452], "(97, 49)": [0.0, 0.0, -0.5524767862361891, -0.5524767862361891], "(96, 49)": [0.0, 0.0, -0.5001629701008008, -0.5479563497335244], "(95, 49)": [-0.46909445704488656, 0.0, 0.0, -0.4951141112129301], "(95, 48)": [-0.3827098590577118, -0.4637317747928147, 0.0, 0.0], "(95, 47)": [-0.35089737163159757, -0.3764746051087998, 0.0, 0.0], "(95, 46)": [-0.3888827604671347, -0.3443407794258561, 0.0, 0.0], "(95, 45)": [-0.3443407794258561, -0.3827098590577118, 0.0, -0.3638145139361288], "(95, 44)": [-0.39851937105441043, -0.33771795901601626, 0.0, 0.0], "(95, 43)": [-0.32427095093971664, -0.33771795901601626, -0.32427095093971664, -0.3827098590577118], "(94, 43)": [0.0, 0.0, -0.31744540498961277, -0.3640529256549981], "(95, 42)": [-0.31744540498961277, -0.3822334510032681, 0.0, 0.0], "(93, 43)": [0.0, 0.0, -0.3888827604671347, -0.31744540498961277], "(92, 43)": [0.0, 0.0, -0.35089737163159757, -0.3888827604671347], "(91, 43)": [0.0, -0.19027213177874144, 0.0, -0.35089737163159757], "(91, 44)": [-0.19027213177874144, -0.28944677272770764, 0.0, 0.0], "(91, 45)": [-0.28944677272770764, 0.0, 0.0, -0.27501966404214634], "(92, 45)": [0.0, 0.0, -0.27501966404214634, -0.19027213177874144], "(93, 45)": [0.0, -0.13994164535871148, -0.19027213177874144, 0.0], "(93, 46)": [-0.13994164535871148, -0.13994164535871148, 0.0, 0.0], "(93, 47)": [-0.13994164535871148, -0.12247897700103201, -0.20638571635634448, 0.0], "(92, 47)": [0.0, 0.0, -0.19836941046095402, -0.20638571635634448], "(91, 47)": [0.0, -0.2299568541948447, 0.0, -0.19836941046095402], "(91, 48)": [-0.2299568541948447, -0.15705680661607313, 0.0, 0.0], "(91, 49)": [-0.15705680661607313, 0.0, -0.1312541872310217, 0.0], "(90, 49)": [0.0, 0.0, -0.0864827525163591, -0.1312541872310217], "(89, 49)": [-0.13994164535871148, 0.0, 0.0, -0.0864827525163591], "(89, 48)": [-0.18209306240276912, -0.13994164535871148, 0.0, 0.0], "(89, 47)": [-0.14854222890512436, -0.18209306240276912, 0.0, 0.0], "(89, 46)": [-0.13994164535871148, -0.14854222890512436, 0.0, 0.0], "(89, 45)": [-0.14854222890512436, -0.13994164535871148, 0.0, 0.0], "(89, 44)": [-0.17383137616441327, -0.14854222890512436, 0.0, 0.0], "(89, 43)": [0.0, -0.17383137616441327, 0.0, 0.0], "(93, 48)": [-0.12247897700103201, -0.12247897700103201, 0.0, 0.0], "(93, 49)": [-0.12247897700103201, 0.0, 0.0, 0.0], "(95, 41)": [-0.30358678195042627, -0.31744540498961277, 0.0, 0.0], "(95, 40)": [-0.19836941046095402, -0.30358678195042627, 0.0, 0.0], "(95, 39)": [0.0, -0.19836941046095402, -0.23765728565289626, 0.0], "(94, 39)": [0.0, 0.0, -0.21432185919278104, -0.23765728565289626], "(96, 45)": [0.0, 0.0, -0.3638145139361288, -0.3888827604671347], "(96, 43)": [0.0, 0.0, -0.43404753483584946, -0.39499393286246337], "(97, 43)": [0.0, 0.0, -0.3888827604671347, -0.44173386145213606], "(98, 43)": [0.0, 0.0, -0.4360948095476122, -0.4848628825761964], "(99, 43)": [-0.5101097269957948, 0.0, -0.47965947734969333, 0.0], "(99, 42)": [-0.5198585434285785, -0.5051613403997928, 0.0, 0.0], "(99, 41)": [0.0, -0.5150086297258368, -0.47965947734969333, 0.0], "(98, 41)": [0.0, 0.0, -0.4303987975228406, -0.4744035124744377], "(97, 45)": [0.0, -0.41296321806251535, -0.3888827604671347, 0.0], "(93, 39)": [0.0, -0.31744540498961277, 0.0, -0.21432185919278104], "(93, 40)": [-0.31744540498961277, -0.2452807127963673, 0.0, 0.0], "(93, 41)": [-0.2452807127963673, 0.0, -0.2452807127963673, 0.0], "(92, 41)": [0.0, 0.0, -0.27501966404214634, -0.2452807127963673], "(91, 41)": [-0.2452807127963673, 0.0, -0.26029962661171957, -0.27501966404214634], "(91, 40)": [-0.19836941046095402, -0.2452807127963673, 0.0, 0.0], "(90, 41)": [0.0, 0.0, -0.32427095093971664, -0.26029962661171957], "(89, 41)": [-0.3443407794258561, 0.0, 0.0, -0.32427095093971664], "(89, 40)": [-0.40104399353383874, -0.3443407794258561, 0.0, 0.0], "(89, 39)": [-0.3888827604671347, -0.40104399353383874, -0.4848628825761964, 0.0], "(89, 38)": [-0.4473165228376147, -0.3888827604671347, 0.0, 0.0], "(89, 37)": [-0.41296321806251535, -0.4473165228376147, 0.0, 0.0], "(88, 39)": [0.0, 0.0, -0.5870503288661116, -0.4848628825761964], "(91, 39)": [0.0, -0.19836941046095402, 0.0, 0.0], "(89, 36)": [-0.4246452500230713, -0.41296321806251535, 0.0, 0.0], "(89, 35)": [0.0, -0.4246452500230713, -0.4848628825761964, 0.0], "(88, 35)": [0.0, 0.0, -0.4951141112129301, -0.4848628825761964], "(87, 35)": [0.0, -0.4303987975228406, 0.0, -0.4951141112129301], "(87, 36)": [-0.4303987975228406, -0.45831492403314616, 0.0, 0.0], "(87, 37)": [-0.45831492403314616, 0.0, -0.4473165228376147, 0.0], "(86, 37)": [0.0, 0.0, -0.3701763687967675, -0.4473165228376147], "(85, 37)": [-0.30358678195042627, 0.0, -0.41296321806251535, -0.3701763687967675], "(84, 37)": [0.0, 0.0, -0.44173386145213606, -0.41296321806251535], "(83, 37)": [0.0, 0.0, -0.41296321806251535, -0.44173386145213606], "(82, 37)": [0.0, 0.0, -0.4744035124744377, -0.41296321806251535], "(81, 37)": [0.0, 0.0, 0.0, -0.4744035124744377], "(85, 36)": [-0.27501966404214634, -0.30358678195042627, 0.0, 0.0], "(85, 35)": [0.0, -0.27501966404214634, -0.28944677272770764, 0.0], "(87, 39)": [0.0, 0.0, 0.0, -0.5870503288661116], "(84, 35)": [0.0, 0.0, -0.27501966404214634, -0.28944677272770764], "(83, 35)": [0.0, 0.0, -0.25282790566840363, -0.27501966404214634], "(82, 35)": [0.0, 0.0, -0.30358678195042627, -0.25282790566840363], "(97, 46)": [-0.41296321806251535, -0.39499393286246337, 0.0, 0.0], "(97, 47)": [-0.39499393286246337, 0.0, 0.0, -0.41296321806251535], "(98, 47)": [0.0, 0.0, -0.41296321806251535, -0.4246452500230713], "(99, 47)": [-0.39499393286246337, 0.0, -0.4246452500230713, 0.0], "(99, 46)": [-0.3443407794258561, -0.39499393286246337, 0.0, 0.0], "(99, 45)": [0.0, -0.3443407794258561, 0.0, 0.0], "(97, 41)": [-0.4246452500230713, 0.0, 0.0, -0.4246452500230713], "(97, 40)": [-0.40104399353383874, -0.4188335858818902, 0.0, 0.0], "(97, 39)": [-0.44173386145213606, -0.39499393286246337, 0.0, 0.0], "(97, 38)": [-0.46909445704488656, -0.4360948095476122, 0.0, 0.0], "(97, 37)": [0.0, -0.4637317747928147, -0.4360948095476122, 0.0], "(96, 37)": [0.0, 0.0, -0.4637317747928147, -0.4303987975228406], "(95, 37)": [-0.46909445704488656, 0.0, 0.0, -0.45831492403314616], "(95, 36)": [-0.4303987975228406, -0.4637317747928147, 0.0, 0.0], "(95, 35)": [0.0, -0.4246452500230713, 0.0, -0.4188335858818902], "(96, 35)": [0.0, 0.0, -0.41296321806251535, -0.3827098590577118], "(97, 35)": [0.0, 0.0, -0.3764746051087998, -0.31744540498961277], "(98, 35)": [0.0, 0.0, -0.310550914130922, -0.35089737163159757], "(99, 35)": [-0.4303987975228406, -0.46909445704488656, -0.3443407794258561, 0.0], "(99, 36)": [-0.4637317747928147, -0.5150086297258368, 0.0, 0.0], "(99, 37)": [-0.5101097269957948, -0.45831492403314616, 0.0, 0.0], "(99, 38)": [-0.45284335760923855, -0.41296321806251535, 0.0, 0.0], "(99, 39)": [-0.40703355359850035, 0.0, 0.0, 0.0], "(99, 34)": [-0.310550914130922, -0.4303987975228406, 0.0, 0.0], "(99, 33)": [0.0, -0.310550914130922, -0.20638571635634448, 0.0], "(98, 33)": [0.0, 0.0, -0.19836941046095402, -0.20638571635634448], "(97, 33)": [0.0, 0.0, -0.22217864060085324, -0.19836941046095402], "(96, 33)": [0.0, 0.0, -0.23765728565289626, -0.22217864060085324], "(95, 33)": [-0.1654862385499124, 0.0, 0.0, -0.23765728565289626], "(95, 32)": [-0.15705680661607313, -0.1654862385499124, 0.0, 0.0], "(95, 31)": [0.0, -0.15705680661607313, -0.10466174574128355, 0.0], "(94, 31)": [0.0, 0.0, -0.11361512828387071, -0.10466174574128355], "(93, 31)": [0.0, -0.09561792499119551, -0.06793465209301, -0.11361512828387071], "(92, 31)": [0.0, 0.0, -0.058519850599, -0.06793465209301], "(91, 31)": [0.0, -0.058519850599, 0.0, -0.058519850599], "(91, 32)": [-0.058519850599, -0.03940399, 0.0, 0.0], "(91, 33)": [-0.03940399, 0.0, -0.03940399, 0.0], "(90, 33)": [0.0, 0.0, 0.0, -0.03940399], "(93, 32)": [-0.09561792499119551, -0.0864827525163591, 0.0, 0.0],