{"(1, 49)": [0.0, 0.0, 0.0, -0.029701], "(2, 49)": [0.0, 0.0, -0.01, -0.029701], "(3, 49)": [-0.029701, 0.0, -0.01, 0.0], "(3, 48)": [-0.029701, -0.01, 0.0, 0.0], "(3, 47)": [0.0, -0.01, -0.029701, 0.0], "(2, 47)": [0.0, 0.0, -0.029701, -0.01], "(1, 47)": [-0.029701, 0.0, 0.0, -0.01], "(1, 46)": [-0.029701, -0.01, 0.0, 0.0], "(1, 45)": [0.0, -0.01, 0.0, -0.029701], "(2, 45)": [0.0, 0.0, -0.01, -0.029701], "(3, 45)": [0.0, 0.0, -0.01, -0.03940399], "(4, 45)": [0.0, 0.0, -0.0199, -0.029701], "(5, 45)": [0.0, -0.01, -0.01, -0.029701], "(6, 45)": [0.0, 0.0, -0.01, -0.029701], "(7, 45)": [0.0, -0.029701, -0.01, 0.0], "(7, 46)": [-0.01, -0.03940399, 0.0, 0.0], "(7, 47)": [-0.0199, -0.029701, 0.0, 0.0], "(7, 48)": [-0.0199, -0.0199, 0.0, 0.0], "(5, 46)": [-0.01, -0.01, 0.0, 0.0], "(5, 47)": [-0.01, -0.01, 0.0, 0.0], "(5, 48)": [-0.01, -0.01, 0.0, 0.0], "(5, 49)": [-0.01, 0.0, 0.0, 0.0], "(7, 49)": [-0.01, 0.0, 0.0, -0.01], "(8, 49)": [0.0, 0.0, 0.0, -0.01], "(9, 49)": [-0.01, 0.0, 0.0, 0.0], "(9, 48)": [-0.01, 0.0, 0.0, 0.0], "(9, 47)": [-0.01, 0.0, 0.0, 0.0], "(9, 46)": [-0.01, 0.0, 0.0, 0.0], "(9, 45)": [-0.01, 0.0, 0.0, 0.0], "(9, 44)": [-0.01, 0.0, 0.0, 0.0], "(9, 43)": [0.0, 0.0, 0.0, -0.01], "(10, 43)": [0.0, 0.0, 0.0, -0.01], "(11, 43)": [-0.01, 0.0, 0.0, 0.0], "(11, 42)": [-0.0199, 0.0, 0.0, 0.0], "(11, 41)": [-0.0199, -0.01, 0.0, 0.0], "(11, 40)": [-0.0199, -0.01, 0.0, 0.0], "(11, 39)": [0.0, -0.01, -0.01, -0.01], "(10, 39)": [0.0, 0.0, -0.01, -0.01], "(9, 39)": [0.0, -0.01, 0.0, -0.01], "(9, 40)": [-0.01, -0.01, 0.0, 0.0], "(9, 41)": [-0.01, 0.0, -0.01, 0.0], "(8, 41)": [0.0, 0.0, 0.0, -0.01], "(12, 39)": [0.0, 0.0, 0.0, -0.01], "(13, 39)": [-0.01, 0.0, 0.0, 0.0], "(13, 38)": [-0.01, 0.0, 0.0, 0.0], "(13, 37)": [0.0, 0.0, -0.01, 0.0], "(12, 37)": [0.0, 0.0, -0.01, 0.0], "(11, 37)": [0.0, 0.0, 0.0, 0.0]}