{"(99, 49)": [-0.058519850599, 0.0, -0.06793465209301, 0.0], "(98, 49)": [0.0, 0.0, -0.0199, -0.0199], "(97, 49)": [-0.0199, 0.0, 0.0, -0.0199], "(97, 48)": [-0.0199, -0.0199, 0.0, 0.0], "(97, 47)": [0.0, -0.0199, 0.0, 0.0], "(99, 48)": [-0.0199, -0.01, 0.0, 0.0], "(99, 47)": [-0.0199, -0.01, 0.0, 0.0], "(99, 46)": [-0.0199, -0.01, 0.0, 0.0], "(99, 45)": [0.0, -0.01, -0.01, 0.0], "(98, 45)": [0.0, 0.0, -0.01, 0.0], "(97, 45)": [0.0, 0.0, -0.01, 0.0], "(96, 45)": [0.0, 0.0, -0.01, 0.0], "(95, 45)": [0.0, -0.01, 0.0, 0.0], "(95, 46)": [0.0, -0.01, 0.0, 0.0], "(95, 47)": [0.0, -0.01, 0.0, 0.0], "(95, 48)": [0.0, -0.01, 0.0, 0.0], "(95, 49)": [0.0, 0.0, -0.01, 0.0], "(94, 49)": [0.0, 0.0, -0.01, 0.0], "(93, 49)": [0.0, 0.0, -0.01, 0.0], "(92, 49)": [0.0, 0.0, -0.01, 0.0], "(91, 49)": [-0.01, 0.0, 0.0, 0.0], "(91, 48)": [-0.01, 0.0, 0.0, 0.0], "(91, 47)": [0.0, 0.0, 0.0, -0.029701], "(92, 47)": [0.0, 0.0, -0.0199, -0.0199], "(93, 47)": [-0.0199, 0.0, -0.01, 0.0], "(93, 46)": [-0.0199, -0.01, 0.0, 0.0], "(93, 45)": [-0.01, -0.01, 0.0, 0.0], "(93, 44)": [-0.01, 0.0, 0.0, 0.0], "(93, 43)": [-0.01, 0.0, 0.0, 0.0], "(93, 42)": [-0.01, 0.0, 0.0, 0.0], "(93, 41)": [0.0, 0.0, 0.0, 0.0]}