{"(99, 1)": [0.0, -0.06793465209301, -0.07725530557207991, 0.0], "(98, 1)": [0.0, 0.0, -0.03940399, -0.06793465209301], "(97, 1)": [0.0, 0.0, -0.0490099501, -0.029701], "(96, 1)": [0.0, 0.0, -0.029701, -0.0490099501], "(95, 1)": [0.0, 0.0, -0.06793465209301, -0.029701], "(94, 1)": [0.0, 0.0, -0.058519850599, -0.06793465209301], "(93, 1)": [0.0, -0.0199, 0.0, -0.058519850599], "(99, 2)": [-0.058519850599, -0.01, 0.0, 0.0], "(99, 3)": [0.0, -0.01, 0.0, 0.0], "(99, 4)": [0.0, -0.01, 0.0, 0.0], "(99, 5)": [0.0, -0.01, -0.0199, 0.0], "(99, 6)": [-0.01, -0.01, 0.0, 0.0], "(99, 7)": [-0.01, 0.0, -0.0199, 0.0], "(98, 7)": [0.0, 0.0, -0.029701, -0.0199], "(97, 7)": [0.0, 0.0, -0.0199, -0.029701], "(96, 7)": [0.0, 0.0, -0.01, -0.0199], "(95, 7)": [0.0, -0.01, 0.0, -0.01], "(95, 8)": [-0.01, -0.01, 0.0, 0.0], "(95, 9)": [-0.01, -0.029701, 0.0, 0.0], "(95, 10)": [-0.029701, 0.0, 0.0, 0.0], "(98, 5)": [0.0, 0.0, -0.01, -0.01], "(97, 5)": [0.0, 0.0, -0.01, 0.0], "(96, 5)": [0.0, 0.0, 0.0, -0.01], "(93, 2)": [-0.0199, 0.0, 0.0, 0.0]}