{"(1, 49)": [-0.03940399, 0.0, 0.0, -0.029701], "(2, 49)": [0.0, 0.0, -0.029701, -0.0199], "(3, 49)": [0.0, 0.0, -0.0199, 0.0], "(1, 48)": [-0.03940399, -0.029701, 0.0, 0.0], "(1, 47)": [-0.03940399, -0.029701, 0.0, 0.0], "(1, 46)": [-0.03940399, -0.029701, 0.0, 0.0], "(1, 45)": [-0.029701, -0.029701, 0.0, 0.0], "(1, 44)": [-0.029701, -0.0199, 0.0, 0.0], "(1, 43)": [-0.029701, -0.0199, 0.0, 0.0], "(1, 42)": [-0.0199, -0.0199, 0.0, 0.0], "(1, 41)": [0.0, -0.01, 0.0, -0.01], "(2, 41)": [0.0, 0.0, -0.01, -0.01], "(3, 41)": [0.0, 0.0, -0.01, 0.0]}