{"(99, 1)": [0.0, -0.01, -0.0490099501, 0.0], "(99, 2)": [-0.01, 0.0, 0.0, 0.0], "(98, 1)": [0.0, 0.0, -0.029701, -0.03940399], "(97, 1)": [0.0, -0.1312541872310217, 0.0, -0.0199], "(97, 2)": [-0.12247897700103201, -0.0864827525163591, 0.0, 0.0], "(97, 3)": [-0.07725530557207991, 0.0, 0.0, 0.0]}