{"(1, 1)": [0.0, -0.1312541872310217, 0.0, 0.0], "(1, 2)": [-0.12247897700103201, -0.15705680661607313, 0.0, 0.0], "(1, 3)": [-0.14854222890512436, 0.0, 0.0, 0.0]}