{"(99, 49)": [-0.03940399, 0.0, -0.029701, 0.0], "(98, 49)": [0.0, 0.0, -0.07725530557207991, -0.029701], "(97, 49)": [0.0, 0.0, -0.0199, -0.07725530557207991], "(96, 49)": [0.0, 0.0, -0.0199, -0.0199], "(99, 48)": [-0.01, -0.029701, 0.0, 0.0], "(95, 49)": [-0.01, 0.0, -0.01, -0.0199], "(94, 49)": [0.0, 0.0, 0.0, -0.01], "(95, 48)": [-0.0199, -0.01, 0.0, 0.0], "(95, 47)": [-0.029701, -0.0199, 0.0, 0.0], "(95, 46)": [-0.029701, -0.029701, 0.0, 0.0], "(95, 45)": [0.0, -0.029701, 0.0, 0.0], "(99, 47)": [0.0, 0.0, -0.01, 0.0], "(98, 47)": [0.0, 0.0, 0.0, -0.01]}