{"(1, 49)": [-0.058519850599, 0.0, 0.0, 0.0], "(1, 48)": [-0.1654862385499124, -0.03940399, 0.0, 0.0], "(1, 47)": [0.0, -0.14854222890512436, 0.0, -0.21432185919278104], "(2, 47)": [0.0, 0.0, -0.20638571635634448, -0.13994164535871148], "(3, 47)": [0.0, 0.0, -0.1312541872310217, 0.0]}