{"(99, 49)": [-0.0864827525163591, 0.0, 0.0, 0.0], "(99, 48)": [-0.029701, -0.06793465209301, 0.0, 0.0], "(99, 47)": [0.0, -0.01, -0.029701, 0.0], "(98, 47)": [0.0, 0.0, -0.058519850599, -0.01], "(97, 47)": [0.0, -0.058519850599, 0.0, -0.03940399], "(97, 48)": [-0.03940399, -0.0490099501, 0.0, 0.0], "(97, 49)": [-0.029701, 0.0, -0.03940399, 0.0], "(96, 49)": [0.0, 0.0, -0.03940399, -0.0199], "(95, 49)": [-0.06793465209301, 0.0, 0.0, -0.0199], "(95, 48)": [-0.12247897700103201, -0.0490099501, 0.0, 0.0], "(95, 47)": [-0.0490099501, -0.10466174574128355, 0.0, 0.0], "(95, 46)": [-0.029701, -0.03940399, 0.0, 0.0], "(95, 45)": [-0.029701, -0.0199, 0.0, 0.0], "(95, 44)": [0.0, -0.029701, 0.0, 0.0]}