{"(1, 1)": [0.0, -0.07725530557207991, 0.0, -0.06793465209301], "(1, 2)": [0.0, -0.01, 0.0, 0.0], "(1, 3)": [0.0, -0.01, 0.0, -0.01], "(2, 3)": [0.0, 0.0, -0.01, 0.0], "(1, 4)": [0.0, -0.01, 0.0, 0.0], "(1, 5)": [0.0, -0.01, 0.0, 0.0], "(1, 6)": [0.0, -0.01, 0.0, 0.0], "(1, 7)": [0.0, -0.01, 0.0, 0.0], "(1, 8)": [0.0, -0.01, 0.0, 0.0], "(1, 9)": [0.0, 0.0, 0.0, -0.01], "(2, 9)": [0.0, 0.0, 0.0, -0.01], "(3, 9)": [0.0, 0.0, 0.0, -0.01], "(4, 9)": [0.0, 0.0, 0.0, -0.01], "(5, 9)": [0.0, -0.01, 0.0, 0.0], "(5, 10)": [0.0, -0.01, 0.0, 0.0], "(5, 11)": [0.0, 0.0, 0.0, -0.01], "(6, 11)": [0.0, 0.0, 0.0, -0.01], "(7, 11)": [-0.01, 0.0, 0.0, 0.0], "(7, 10)": [-0.01, 0.0, 0.0, 0.0], "(7, 9)": [0.0, 0.0, 0.0, -0.01], "(8, 9)": [0.0, 0.0, 0.0, -0.01], "(9, 9)": [0.0, 0.0, 0.0, -0.01], "(10, 9)": [0.0, 0.0, 0.0, -0.01], "(11, 9)": [0.0, -0.01, 0.0, 0.0], "(11, 10)": [0.0, -0.01, 0.0, 0.0], "(11, 11)": [0.0, 0.0, 0.0, -0.01], "(12, 11)": [0.0, 0.0, 0.0, -0.01], "(13, 11)": [0.0, 0.0, 0.0, -0.01], "(14, 11)": [0.0, 0.0, 0.0, -0.01], "(15, 11)": [0.0, -0.01, 0.0, 0.0], "(15, 12)": [0.0, -0.01, 0.0, 0.0], "(15, 13)": [0.0, 0.0, -0.01, 0.0], "(14, 13)": [0.0, 0.0, -0.01, 0.0], "(13, 13)": [0.0, 0.0, -0.01, 0.0], "(12, 13)": [0.0, 0.0, -0.01, 0.0], "(11, 13)": [0.0, -0.01, 0.0, 0.0], "(11, 14)": [0.0, -0.01, 0.0, 0.0], "(11, 15)": [0.0, 0.0, 0.0, -0.01], "(12, 15)": [0.0, 0.0, 0.0, -0.01], "(13, 15)": [0.0, -0.0199, 0.0, 0.0], "(13, 16)": [-0.01, -0.0199, 0.0, 0.0], "(13, 17)": [-0.01, -0.0199, 0.0, 0.0], "(13, 18)": [-0.01, -0.0199, 0.0, 0.0], "(13, 19)": [-0.01, -0.0199, -0.0199, 0.0], "(13, 20)": [-0.0199, -0.01, 0.0, 0.0], "(12, 19)": [0.0, 0.0, -0.029701, -0.01], "(11, 19)": [-0.029701, 0.0, 0.0, -0.0199], "(11, 18)": [-0.029701, -0.0199, 0.0, 0.0], "(11, 17)": [0.0, -0.0199, -0.029701, 0.0], "(10, 17)": [0.0, 0.0, -0.029701, -0.0199], "(9, 17)": [-0.029701, 0.0, 0.0, -0.0199], "(9, 16)": [-0.029701, -0.0199, 0.0, 0.0], "(9, 15)": [0.0, -0.0199, -0.0490099501, 0.0], "(8, 15)": [0.0, 0.0, -0.0490099501, -0.03940399], "(7, 15)": [-0.0490099501, 0.0, -0.0199, -0.03940399], "(6, 15)": [0.0, 0.0, -0.0199, -0.0199], "(5, 15)": [0.0, 0.0, -0.0199, -0.0199], "(4, 15)": [0.0, 0.0, -0.0199, -0.0199], "(3, 15)": [0.0, 0.0, -0.01, -0.0199], "(7, 14)": [-0.06793465209301, -0.0490099501, 0.0, 0.0], "(7, 13)": [0.0, -0.06793465209301, -0.06793465209301, 0.0], "(6, 13)": [0.0, 0.0, -0.06793465209301, -0.06793465209301], "(5, 13)": [0.0, 0.0, 0.0, -0.06793465209301], "(13, 21)": [-0.01, 0.0, -0.01, 0.0], "(12, 21)": [0.0, 0.0, -0.01, -0.01], "(11, 21)": [0.0, -0.01, 0.0, -0.01], "(11, 22)": [-0.01, -0.0199, 0.0, 0.0], "(11, 23)": [-0.0199, 0.0, -0.0199, 0.0], "(10, 23)": [0.0, 0.0, -0.029701, -0.0199], "(9, 23)": [-0.03940399, 0.0, 0.0, -0.029701], "(9, 22)": [-0.0490099501, -0.03940399, 0.0, 0.0], "(9, 21)": [-0.03940399, -0.0490099501, 0.0, 0.0], "(9, 20)": [-0.0490099501, -0.03940399, 0.0, 0.0], "(9, 19)": [0.0, -0.0490099501, -0.029701, 0.0], "(8, 19)": [0.0, 0.0, -0.029701, -0.029701], "(7, 19)": [-0.029701, 0.0, 0.0, -0.029701], "(7, 18)": [-0.029701, -0.029701, 0.0, 0.0], "(7, 17)": [0.0, -0.029701, -0.029701, 0.0], "(6, 17)": [0.0, 0.0, -0.0199, -0.029701], "(5, 17)": [0.0, -0.0199, 0.0, -0.0199], "(5, 18)": [-0.0199, -0.0199, 0.0, 0.0], "(5, 19)": [-0.0199, 0.0, -0.0199, 0.0], "(4, 19)": [0.0, 0.0, -0.0199, -0.0199], "(3, 19)": [0.0, 0.0, -0.01, -0.0199], "(2, 19)": [0.0, 0.0, -0.01, -0.01], "(1, 19)": [0.0, -0.01, 0.0, -0.01], "(1, 20)": [-0.01, -0.01, 0.0, 0.0], "(1, 21)": [-0.01, 0.0, 0.0, -0.01], "(2, 21)": [0.0, 0.0, -0.01, -0.01], "(3, 21)": [0.0, -0.0199, -0.01, 0.0], "(3, 22)": [-0.0199, -0.0199, 0.0, 0.0], "(3, 23)": [-0.0199, 0.0, -0.0199, 0.0], "(2, 23)": [0.0, 0.0, -0.0199, -0.0199], "(1, 23)": [0.0, -0.0199, 0.0, -0.0199], "(1, 24)": [-0.0199, -0.0199, 0.0, 0.0], "(1, 25)": [-0.0199, 0.0, 0.0, -0.0199], "(2, 25)": [0.0, 0.0, -0.0199, -0.0199], "(3, 25)": [0.0, 0.0, -0.0199, -0.0199], "(4, 25)": [0.0, 0.0, -0.0199, -0.0199], "(5, 25)": [-0.0199, 0.0, -0.0199, 0.0], "(5, 24)": [-0.01, -0.0199, 0.0, 0.0], "(5, 23)": [-0.0199, -0.01, 0.0, 0.0], "(5, 22)": [-0.03940399, -0.0199, 0.0, 0.0], "(5, 21)": [0.0, -0.03940399, 0.0, -0.03940399], "(6, 21)": [0.0, 0.0, -0.03940399, -0.03940399], "(7, 21)": [0.0, -0.058519850599, -0.03940399, 0.0], "(7, 22)": [-0.058519850599, -0.0490099501, 0.0, 0.0], "(7, 23)": [-0.0490099501, -0.03940399, 0.0, 0.0], "(7, 24)": [-0.03940399, -0.03940399, 0.0, 0.0], "(7, 25)": [-0.03940399, -0.029701, 0.0, -0.03940399], "(8, 25)": [0.0, 0.0, -0.03940399, -0.058519850599], "(9, 25)": [0.0, 0.0, -0.058519850599, -0.058519850599], "(10, 25)": [0.0, 0.0, -0.058519850599, -0.0490099501], "(11, 25)": [0.0, 0.0, -0.0490099501, -0.03940399], "(7, 26)": [-0.029701, -0.0199, 0.0, 0.0], "(7, 27)": [-0.0199, 0.0, -0.0199, 0.0], "(6, 27)": [0.0, 0.0, -0.0199, -0.0199], "(5, 27)": [0.0, 0.0, -0.0199, -0.0199], "(4, 27)": [0.0, 0.0, -0.0199, -0.0199], "(3, 27)": [0.0, -0.01, 0.0, -0.0199], "(3, 28)": [-0.01, -0.01, 0.0, 0.0], "(3, 29)": [-0.01, 0.0, -0.01, 0.0], "(2, 29)": [0.0, 0.0, -0.01, -0.01], "(1, 29)": [-0.01, 0.0, 0.0, -0.01], "(1, 28)": [-0.01, -0.01, 0.0, 0.0], "(1, 27)": [0.0, -0.01, 0.0, 0.0], "(12, 25)": [0.0, 0.0, -0.03940399, -0.03940399], "(13, 25)": [-0.029701, 0.0, -0.03940399, 0.0], "(13, 24)": [-0.0199, -0.029701, 0.0, 0.0], "(13, 23)": [0.0, -0.0199, 0.0, -0.0199], "(14, 23)": [0.0, 0.0, -0.0199, -0.0199], "(15, 23)": [0.0, -0.029701, -0.0199, -0.0199], "(16, 23)": [0.0, 0.0, -0.0199, -0.0199], "(17, 23)": [-0.0199, 0.0, -0.0199, 0.0], "(17, 22)": [-0.01, -0.0199, 0.0, 0.0], "(15, 24)": [-0.029701, -0.029701, 0.0, 0.0], "(15, 25)": [-0.029701, -0.029701, 0.0, 0.0], "(15, 26)": [-0.029701, -0.0199, 0.0, 0.0], "(15, 27)": [-0.0199, 0.0, -0.01, 0.0], "(14, 27)": [0.0, 0.0, -0.01, -0.01], "(13, 27)": [0.0, 0.0, 0.0, -0.01], "(17, 21)": [0.0, -0.01, -0.01, 0.0], "(16, 21)": [0.0, 0.0, -0.01, -0.01], "(15, 21)": [0.0, 0.0, 0.0, -0.01], "(2, 15)": [0.0, 0.0, -0.01, -0.01], "(1, 15)": [-0.01, -0.01, 0.0, -0.01], "(1, 16)": [-0.01, -0.01, 0.0, 0.0], "(1, 17)": [-0.01, 0.0, 0.0, -0.01], "(2, 17)": [0.0, 0.0, -0.01, -0.01], "(3, 17)": [0.0, 0.0, -0.01, 0.0], "(1, 14)": [-0.01, -0.01, 0.0, 0.0], "(1, 13)": [0.0, -0.01, 0.0, -0.01], "(2, 13)": [0.0, 0.0, -0.01, -0.01], "(3, 13)": [-0.0199, 0.0, -0.01, 0.0], "(3, 12)": [-0.01, -0.0199, 0.0, 0.0], "(3, 11)": [0.0, -0.01, -0.01, 0.0], "(2, 11)": [0.0, 0.0, -0.01, -0.01], "(1, 11)": [0.0, 0.0, 0.0, -0.01]}