{"(99, 49)": [0.0, 0.0, -0.15705680661607313, 0.0], "(98, 49)": [0.0, 0.0, -0.13994164535871148, -0.13994164535871148], "(97, 49)": [-0.06793465209301, 0.0, 0.0, -0.12247897700103201], "(97, 48)": [-0.07725530557207991, -0.058519850599, 0.0, 0.0], "(97, 47)": [-0.06793465209301, -0.06793465209301, 0.0, -0.01], "(97, 46)": [-0.06793465209301, -0.06793465209301, 0.0, 0.0], "(97, 45)": [0.0, -0.06793465209301, -0.01, 0.0], "(96, 45)": [0.0, 0.0, 0.0, -0.01], "(98, 47)": [0.0, 0.0, -0.01, 0.0]}