{"(1, 49)": [-0.03940399, 0.0, 0.0, -0.03940399], "(1, 48)": [-0.0490099501, -0.03940399, 0.0, 0.0], "(1, 47)": [0.0, -0.0490099501, 0.0, -0.03940399], "(2, 47)": [0.0, 0.0, -0.03940399, -0.03940399], "(3, 47)": [0.0, 0.0, -0.03940399, 0.0], "(2, 49)": [0.0, 0.0, -0.0199, -0.03940399], "(3, 49)": [0.0, 0.0, -0.0199, -0.03940399], "(4, 49)": [0.0, 0.0, -0.0199, -0.0490099501], "(5, 49)": [0.0, 0.0, -0.029701, -0.0490099501], "(6, 49)": [0.0, 0.0, -0.029701, -0.09561792499119551], "(7, 49)": [0.0, 0.0, -0.07725530557207991, -0.03940399], "(8, 49)": [0.0, 0.0, -0.029701, -0.029701], "(9, 49)": [-0.029701, 0.0, -0.0199, 0.0], "(9, 48)": [-0.0199, -0.0199, 0.0, 0.0], "(9, 47)": [0.0, -0.01, -0.03940399, 0.0], "(8, 47)": [0.0, 0.0, -0.029701, -0.029701], "(7, 47)": [0.0, 0.0, -0.01, -0.0199], "(6, 47)": [0.0, 0.0, -0.01, 0.0], "(5, 47)": [0.0, 0.0, 0.0, 0.0]}