{"(1, 49)": [-0.01, 0.0, 0.0, -0.0199], "(1, 48)": [-0.029701, -0.01, 0.0, 0.0], "(1, 47)": [-0.058519850599, -0.029701, 0.0, 0.0], "(1, 46)": [-0.058519850599, -0.058519850599, 0.0, 0.0], "(1, 45)": [-0.0199, -0.058519850599, 0.0, 0.0], "(1, 44)": [0.0, -0.0199, 0.0, 0.0], "(2, 49)": [0.0, 0.0, -0.01, -0.03940399], "(3, 49)": [0.0, 0.0, -0.029701, -0.0490099501], "(4, 49)": [0.0, 0.0, -0.0490099501, -0.0199], "(5, 49)": [0.0, 0.0, -0.0199, 0.0]}