{"(99, 49)": [-0.0864827525163591, 0.0, -0.0864827525163591, 0.0], "(99, 48)": [-0.01, -0.0864827525163591, 0.0, 0.0], "(98, 49)": [0.0, 0.0, -0.10466174574128355, -0.07725530557207991], "(97, 49)": [0.0, 0.0, -0.10466174574128355, -0.09561792499119551], "(96, 49)": [0.0, 0.0, -0.0864827525163591, -0.09561792499119551], "(95, 49)": [0.0, 0.0, -0.06793465209301, -0.07725530557207991], "(94, 49)": [0.0, 0.0, -0.03940399, -0.058519850599], "(93, 49)": [0.0, 0.0, -0.0199, -0.029701], "(92, 49)": [0.0, 0.0, 0.0, -0.0199], "(99, 47)": [0.0, -0.01, 0.0, 0.0]}