{"(99, 1)": [0.0, -0.0864827525163591, -0.12247897700103201, 0.0], "(99, 2)": [-0.07725530557207991, -0.09561792499119551, 0.0, 0.0], "(99, 3)": [-0.09561792499119551, 0.0, -0.09561792499119551, 0.0], "(98, 3)": [0.0, 0.0, -0.09561792499119551, -0.09561792499119551], "(97, 3)": [0.0, 0.0, -0.11361512828387071, -0.09561792499119551], "(96, 3)": [0.0, 0.0, -0.09561792499119551, -0.11361512828387071], "(95, 3)": [0.0, -0.07725530557207991, 0.0, -0.09561792499119551], "(95, 4)": [-0.07725530557207991, -0.03940399, 0.0, 0.0], "(95, 5)": [-0.03940399, 0.0, -0.03940399, 0.0], "(94, 5)": [0.0, 0.0, -0.029701, -0.03940399], "(93, 5)": [0.0, 0.0, -0.03940399, -0.029701], "(92, 5)": [0.0, 0.0, -0.03940399, -0.03940399], "(91, 5)": [0.0, 0.0, -0.03940399, -0.03940399], "(90, 5)": [0.0, 0.0, -0.0490099501, -0.03940399], "(89, 5)": [0.0, 0.0, -0.11361512828387071, -0.0490099501], "(88, 5)": [0.0, 0.0, -0.09561792499119551, -0.11361512828387071], "(87, 5)": [0.0, 0.0, 0.0, -0.09561792499119551], "(98, 1)": [0.0, 0.0, -0.0864827525163591, -0.09561792499119551], "(97, 1)": [0.0, 0.0, -0.0864827525163591, -0.07725530557207991], "(96, 1)": [0.0, 0.0, -0.11361512828387071, -0.07725530557207991], "(95, 1)": [0.0, 0.0, -0.0864827525163591, -0.10466174574128355], "(94, 1)": [0.0, 0.0, -0.12247897700103201, -0.07725530557207991], "(93, 1)": [0.0, -0.12247897700103201, 0.0, -0.11361512828387071], "(93, 2)": [-0.11361512828387071, -0.12247897700103201, 0.0, 0.0], "(93, 3)": [-0.11361512828387071, 0.0, -0.14854222890512436, 0.0], "(92, 3)": [0.0, 0.0, -0.1312541872310217, -0.13994164535871148], "(91, 3)": [0.0, 0.0, -0.1312541872310217, -0.12247897700103201], "(90, 3)": [0.0, 0.0, -0.0864827525163591, -0.12247897700103201], "(89, 3)": [0.0, 0.0, -0.09561792499119551, -0.07725530557207991], "(88, 3)": [0.0, 0.0, -0.09561792499119551, -0.0864827525163591], "(87, 3)": [0.0, 0.0, -0.07725530557207991, -0.0864827525163591], "(86, 3)": [0.0, 0.0, -0.06793465209301, -0.06793465209301], "(85, 3)": [0.0, -0.058519850599, 0.0, -0.058519850599], "(85, 4)": [-0.058519850599, -0.0199, 0.0, 0.0], "(85, 5)": [-0.0199, 0.0, -0.0199, 0.0], "(84, 5)": [0.0, 0.0, -0.0199, -0.0199], "(83, 5)": [0.0, -0.01, 0.0, -0.0199], "(83, 6)": [-0.01, 0.0, 0.0, 0.0]}