{"(99, 49)": [-0.8646669950929678, 0.0, -0.824252698508824, 0.0], "(98, 49)": [0.0, 0.0, -0.6519068855075579, -0.6588339384859575], "(99, 48)": [-0.595268027321676, -0.6302703623502736, 0.0, 0.0], "(99, 47)": [0.0, -0.595268027321676, 0.0, 0.0], "(97, 49)": [-0.5993153470484593, 0.0, 0.0, -0.6483907934419777], "(97, 48)": [-0.6412517023181081, -0.595268027321676, 0.0, 0.0], "(97, 47)": [-0.6722772425621962, -0.6376279821395031, 0.0, 0.0], "(97, 46)": [-0.6483907934419777, -0.6689669116789861, 0.0, 0.0], "(97, 45)": [0.0, -0.644839185294927, 0.0, -0.6072889716421951], "(98, 45)": [0.0, 0.0, -0.6033221935779748, -0.5051613403997928], "(99, 45)": [-0.5828791200667794, 0.0, -0.5001629701008008, 0.0], "(99, 44)": [-0.6339676587267709, -0.5786657778452318, 0.0, 0.0], "(99, 43)": [-0.6376279821395031, -0.6302703623502736, -0.6227633530764958, 0.0], "(99, 42)": [-0.5870503288661116, -0.6339676587267709, 0.0, 0.0], "(99, 41)": [-0.4951141112129301, -0.5828791200667794, 0.0, 0.0], "(98, 43)": [0.0, 0.0, -0.5701109864761063, -0.6227633530764958], "(99, 40)": [-0.5341192248302064, -0.49001425375043445, 0.0, 0.0], "(97, 43)": [0.0, 0.0, -0.40703355359850035, -0.5701109864761063], "(99, 39)": [0.0, -0.5294133584143499, -0.5150086297258368, 0.0], "(98, 39)": [0.0, 0.0, -0.47965947734969333, -0.5101097269957948], "(97, 39)": [0.0, -0.5246599579942928, -0.41296321806251535, -0.4744035124744377], "(96, 39)": [0.0, 0.0, -0.41296321806251535, -0.41296321806251535], "(95, 39)": [0.0, 0.0, -0.29655230500043056, -0.41296321806251535], "(94, 39)": [0.0, 0.0, -0.18209306240276912, -0.29655230500043056], "(97, 40)": [-0.5246599579942928, -0.4360948095476122, 0.0, 0.0], "(97, 41)": [-0.4360948095476122, 0.0, -0.45831492403314616, 0.0], "(96, 41)": [0.0, 0.0, -0.4744035124744377, -0.45831492403314616], "(96, 43)": [0.0, 0.0, -0.40104399353383874, -0.40703355359850035], "(95, 43)": [0.0, -0.3827098590577118, 0.0, -0.40104399353383874], "(95, 44)": [-0.3827098590577118, -0.4848628825761964, 0.0, 0.0], "(95, 45)": [-0.4848628825761964, -0.5294133584143499, 0.0, 0.0], "(95, 46)": [-0.5294133584143499, -0.46909445704488656, 0.0, 0.0], "(95, 47)": [-0.46909445704488656, 0.0, -0.3888827604671347, 0.0], "(94, 47)": [0.0, 0.0, -0.33102824143031945, -0.3888827604671347], "(93, 47)": [-0.33771795901601626, -0.28226946740172487, 0.0, -0.33102824143031945], "(93, 48)": [-0.28226946740172487, -0.3764746051087998, 0.0, 0.0], "(93, 49)": [-0.3764746051087998, 0.0, 0.0, -0.3573883979152816], "(94, 49)": [0.0, 0.0, -0.3573883979152816, -0.25282790566840363], "(93, 46)": [-0.26769663034560237, -0.33771795901601626, 0.0, 0.0], "(93, 45)": [0.0, -0.26769663034560237, 0.0, 0.0], "(95, 49)": [0.0, 0.0, -0.25282790566840363, 0.0], "(95, 41)": [0.0, 0.0, 0.0, -0.4744035124744377], "(93, 39)": [-0.12247897700103201, 0.0, 0.0, -0.18209306240276912], "(93, 38)": [-0.11361512828387071, -0.12247897700103201, 0.0, 0.0], "(93, 37)": [0.0, -0.11361512828387071, 0.0, -0.10466174574128355], "(94, 37)": [0.0, 0.0, -0.10466174574128355, -0.03940399], "(95, 37)": [-0.0199, 0.0, -0.03940399, 0.0], "(95, 36)": [-0.058519850599, -0.0199, 0.0, 0.0], "(95, 35)": [-0.058519850599, -0.058519850599, 0.0, -0.03940399], "(96, 35)": [0.0, 0.0, -0.03940399, -0.0199], "(97, 35)": [0.0, -0.029701, -0.0199, 0.0], "(97, 36)": [-0.029701, 0.0, 0.0, 0.0], "(95, 34)": [-0.03940399, -0.058519850599, 0.0, 0.0], "(95, 33)": [0.0, -0.03940399, -0.03940399, 0.0], "(94, 33)": [0.0, 0.0, -0.0199, -0.03940399], "(93, 33)": [-0.06793465209301, 0.0, 0.0, -0.0199], "(93, 32)": [-0.0864827525163591, -0.06793465209301, 0.0, 0.0], "(93, 31)": [0.0, -0.0864827525163591, -0.07725530557207991, 0.0], "(92, 31)": [0.0, 0.0, -0.0490099501, -0.07725530557207991], "(91, 31)": [0.0, -0.03940399, 0.0, -0.0490099501], "(91, 32)": [-0.03940399, -0.0199, 0.0, 0.0], "(91, 33)": [-0.0199, 0.0, -0.0199, 0.0], "(90, 33)": [0.0, 0.0, -0.01, -0.0199], "(89, 33)": [0.0, 0.0, 0.0, -0.01]}