{"(1, 49)": [-0.14854222890512436, 0.0, 0.0, 0.0], "(1, 48)": [-0.1312541872310217, -0.14854222890512436, 0.0, 0.0], "(1, 47)": [0.0, -0.1312541872310217, 0.0, 0.0]}