{"(99, 49)": [-0.03940399, 0.0, -0.03940399, 0.0], "(98, 49)": [0.0, 0.0, -0.029701, -0.029701], "(99, 48)": [-0.029701, -0.03940399, 0.0, 0.0], "(99, 47)": [0.0, -0.029701, -0.029701, 0.0], "(98, 47)": [0.0, 0.0, 0.0, -0.029701], "(97, 49)": [0.0, 0.0, -0.029701, -0.0199], "(96, 49)": [0.0, 0.0, -0.01, -0.0199], "(95, 49)": [0.0, 0.0, -0.029701, 0.0], "(94, 49)": [0.0, 0.0, -0.029701, -0.0199], "(93, 49)": [0.0, 0.0, -0.01, -0.0199], "(92, 49)": [0.0, 0.0, -0.01, -0.01], "(91, 49)": [0.0, 0.0, -0.029701, -0.01], "(90, 49)": [0.0, 0.0, -0.01, -0.029701], "(89, 49)": [0.0, 0.0, 0.0, -0.01]}