{"(99, 49)": [-0.2299568541948447, 0.0, 0.0, 0.0], "(99, 48)": [-0.1312541872310217, -0.22217864060085324, 0.0, 0.0], "(99, 47)": [0.0, -0.12247897700103201, -0.09561792499119551, 0.0], "(98, 47)": [0.0, 0.0, -0.07725530557207991, -0.0864827525163591], "(97, 47)": [0.0, -0.029701, 0.0, -0.06793465209301], "(97, 48)": [-0.029701, -0.01, 0.0, 0.0], "(97, 49)": [-0.01, 0.0, 0.0, 0.0]}