{"(99, 49)": [-0.029701, 0.0, -0.029701, 0.0], "(99, 48)": [0.0, -0.029701, 0.0, 0.0], "(98, 49)": [0.0, 0.0, -0.0490099501, -0.0199], "(97, 49)": [0.0, 0.0, -0.0490099501, -0.03940399], "(96, 49)": [0.0, 0.0, -0.058519850599, -0.03940399], "(95, 49)": [0.0, 0.0, -0.0490099501, -0.0490099501], "(94, 49)": [0.0, 0.0, -0.03940399, -0.03940399], "(93, 49)": [0.0, 0.0, -0.0199, -0.029701], "(92, 49)": [0.0, 0.0, 0.0, -0.0199]}