{"(1, 1)": [0.0, -0.18209306240276912, 0.0, 0.0], "(1, 2)": [-0.06793465209301, -0.09561792499119551, 0.0, 0.0], "(1, 3)": [-0.0864827525163591, -0.06793465209301, 0.0, 0.0], "(1, 4)": [-0.058519850599, -0.07725530557207991, 0.0, 0.0], "(1, 5)": [-0.06793465209301, -0.029701, 0.0, 0.0], "(1, 6)": [-0.0199, -0.0199, 0.0, 0.0], "(1, 7)": [-0.01, -0.0199, 0.0, 0.0], "(1, 8)": [-0.01, -0.029701, 0.0, 0.0], "(1, 9)": [-0.0199, -0.0199, 0.0, -0.029701], "(2, 9)": [0.0, 0.0, -0.0199, -0.058519850599], "(3, 9)": [-0.06793465209301, 0.0, -0.0490099501, 0.0], "(3, 8)": [-0.0864827525163591, -0.058519850599, 0.0, 0.0], "(3, 7)": [0.0, -0.07725530557207991, 0.0, -0.0864827525163591], "(4, 7)": [0.0, 0.0, -0.07725530557207991, -0.10466174574128355], "(1, 10)": [-0.0199, -0.01, 0.0, 0.0], "(5, 7)": [0.0, -0.10466174574128355, -0.09561792499119551, 0.0], "(5, 8)": [-0.09561792499119551, -0.07725530557207991, 0.0, 0.0], "(5, 9)": [-0.06793465209301, -0.058519850599, 0.0, 0.0], "(5, 10)": [-0.0490099501, -0.03940399, 0.0, 0.0], "(5, 11)": [-0.029701, -0.0199, 0.0, 0.0], "(5, 12)": [-0.01, -0.0199, 0.0, 0.0], "(5, 13)": [-0.01, -0.0199, 0.0, 0.0], "(5, 14)": [-0.01, -0.01, 0.0, 0.0], "(1, 11)": [-0.01, -0.01, 0.0, -0.01], "(2, 11)": [0.0, 0.0, -0.01, -0.0199], "(3, 11)": [0.0, -0.0199, -0.0199, 0.0], "(3, 12)": [-0.0199, -0.0199, 0.0, 0.0], "(3, 13)": [-0.0199, 0.0, 0.0, 0.0], "(1, 12)": [-0.01, -0.01, 0.0, 0.0], "(1, 13)": [-0.01, 0.0, 0.0, 0.0], "(5, 15)": [0.0, 0.0, 0.0, -0.01], "(6, 15)": [0.0, 0.0, 0.0, -0.0199], "(7, 15)": [0.0, -0.0199, -0.01, 0.0], "(7, 16)": [-0.01, -0.0199, 0.0, 0.0], "(7, 17)": [-0.01, 0.0, 0.0, -0.0199], "(8, 17)": [0.0, 0.0, -0.01, -0.0199], "(9, 17)": [-0.029701, 0.0, -0.01, 0.0], "(9, 16)": [-0.029701, -0.0199, 0.0, 0.0], "(9, 15)": [0.0, -0.0199, 0.0, -0.03940399], "(10, 15)": [0.0, 0.0, -0.029701, -0.0490099501], "(11, 15)": [-0.0490099501, 0.0, -0.03940399, 0.0], "(11, 14)": [-0.0490099501, -0.03940399, 0.0, 0.0], "(11, 13)": [0.0, -0.03940399, -0.0490099501, 0.0], "(10, 13)": [0.0, 0.0, -0.058519850599, -0.03940399], "(9, 13)": [-0.058519850599, 0.0, 0.0, -0.0490099501], "(9, 12)": [-0.0490099501, -0.0490099501, 0.0, 0.0], "(9, 11)": [0.0, -0.03940399, 0.0, -0.0490099501], "(10, 11)": [0.0, 0.0, -0.03940399, -0.029701], "(11, 11)": [-0.058519850599, 0.0, -0.0199, 0.0], "(11, 10)": [-0.0490099501, -0.0490099501, 0.0, 0.0], "(11, 9)": [0.0, -0.03940399, -0.0490099501, 0.0], "(10, 9)": [0.0, 0.0, -0.0199, -0.03940399], "(9, 9)": [-0.0199, 0.0, 0.0, -0.01], "(9, 8)": [-0.029701, -0.01, 0.0, 0.0], "(9, 7)": [0.0, -0.0199, -0.029701, 0.0], "(8, 7)": [0.0, 0.0, -0.01, -0.0199], "(7, 7)": [-0.01, -0.01, 0.0, 0.0], "(7, 8)": [-0.01, -0.01, 0.0, 0.0], "(7, 9)": [-0.01, 0.0, 0.0, 0.0], "(7, 6)": [-0.0199, 0.0, 0.0, 0.0], "(7, 5)": [0.0, -0.01, 0.0, -0.01], "(8, 5)": [0.0, 0.0, 0.0, -0.01], "(9, 5)": [0.0, 0.0, 0.0, -0.01], "(10, 5)": [0.0, 0.0, 0.0, -0.01], "(11, 5)": [0.0, 0.0, 0.0, -0.0199], "(12, 5)": [0.0, 0.0, -0.01, -0.029701], "(13, 5)": [-0.029701, 0.0, -0.0199, 0.0], "(13, 4)": [-0.03940399, -0.0199, 0.0, 0.0], "(13, 3)": [0.0, -0.029701, -0.03940399, 0.0], "(12, 3)": [0.0, 0.0, -0.03940399, -0.029701], "(11, 3)": [-0.03940399, 0.0, 0.0, -0.029701], "(11, 2)": [-0.03940399, -0.029701, 0.0, 0.0], "(11, 1)": [0.0, -0.029701, -0.03940399, -0.029701], "(10, 1)": [0.0, 0.0, -0.03940399, -0.029701], "(9, 1)": [0.0, 0.0, -0.03940399, -0.029701], "(8, 1)": [0.0, 0.0, -0.0490099501, -0.029701], "(7, 1)": [0.0, 0.0, -0.0199, -0.03940399], "(12, 1)": [0.0, 0.0, -0.029701, -0.03940399], "(13, 1)": [0.0, 0.0, -0.03940399, -0.03940399], "(14, 1)": [0.0, 0.0, -0.03940399, -0.029701], "(15, 1)": [0.0, -0.029701, -0.029701, 0.0], "(15, 2)": [-0.029701, -0.0199, 0.0, 0.0], "(15, 3)": [-0.0199, 0.0, 0.0, 0.0], "(6, 1)": [0.0, 0.0, -0.0199, -0.01], "(5, 1)": [0.0, -0.029701, -0.029701, -0.01], "(5, 2)": [-0.029701, -0.0199, 0.0, 0.0], "(5, 3)": [-0.0199, 0.0, 0.0, -0.0199], "(6, 3)": [0.0, 0.0, -0.0199, -0.0199], "(7, 3)": [0.0, 0.0, -0.0199, -0.03940399], "(8, 3)": [0.0, 0.0, -0.03940399, -0.06793465209301], "(9, 3)": [0.0, 0.0, -0.06793465209301, 0.0], "(4, 1)": [0.0, 0.0, -0.0199, -0.029701], "(3, 1)": [0.0, -0.0199, 0.0, -0.0199], "(3, 2)": [-0.0199, -0.01, 0.0, 0.0], "(3, 3)": [-0.01, 0.0, 0.0, 0.0]}