{"(99, 49)": [0.0, 0.0, -0.01, 0.0], "(98, 49)": [0.0, 0.0, -0.0199, 0.0], "(97, 49)": [0.0, 0.0, -0.0199, -0.01], "(96, 49)": [0.0, 0.0, -0.0864827525163591, -0.01], "(95, 49)": [0.0, 0.0, -0.12247897700103201, -0.07725530557207991], "(94, 49)": [0.0, 0.0, -0.058519850599, -0.11361512828387071], "(93, 49)": [0.0, 0.0, 0.0, -0.0490099501]}