{"(99, 49)": [-0.0864827525163591, 0.0, -0.14854222890512436, 0.0], "(98, 49)": [0.0, 0.0, 0.0, -0.14854222890512436], "(99, 48)": [-0.0199, -0.07725530557207991, 0.0, 0.0], "(99, 47)": [-0.01, -0.01, 0.0, 0.0], "(99, 46)": [-0.03940399, 0.0, 0.0, 0.0], "(99, 45)": [0.0, -0.029701, 0.0, 0.0]}