{"(99, 1)": [0.0, 0.0, -0.12247897700103201, 0.0], "(98, 1)": [0.0, 0.0, -0.12247897700103201, -0.10466174574128355], "(97, 1)": [0.0, -0.1312541872310217, -0.029701, -0.10466174574128355], "(97, 2)": [-0.12247897700103201, -0.06793465209301, 0.0, 0.0], "(96, 1)": [0.0, 0.0, 0.0, -0.029701], "(97, 3)": [-0.058519850599, 0.0, 0.0, -0.11361512828387071], "(98, 3)": [0.0, 0.0, -0.11361512828387071, -0.01], "(99, 3)": [0.0, 0.0, -0.01, 0.0]}