{"(99, 1)": [0.0, -0.03940399, -0.0490099501, 0.0], "(98, 1)": [0.0, 0.0, -0.06793465209301, -0.0490099501], "(99, 2)": [-0.029701, -0.0199, 0.0, 0.0], "(99, 3)": [-0.01, -0.0199, 0.0, 0.0], "(99, 4)": [-0.0199, 0.0, 0.0, 0.0], "(97, 1)": [0.0, -0.058519850599, 0.0, -0.06793465209301], "(97, 2)": [-0.058519850599, -0.0490099501, 0.0, 0.0], "(97, 3)": [-0.0490099501, 0.0, 0.0, 0.0]}