{"(99, 1)": [0.0, -0.03940399, -0.058519850599, 0.0], "(98, 1)": [0.0, 0.0, -0.0864827525163591, -0.0490099501], "(99, 2)": [-0.029701, -0.0199, 0.0, 0.0], "(99, 3)": [-0.01, -0.0199, 0.0, 0.0], "(99, 4)": [-0.0199, 0.0, 0.0, 0.0], "(97, 1)": [0.0, -0.07725530557207991, 0.0, -0.07725530557207991], "(97, 2)": [-0.06793465209301, -0.058519850599, 0.0, 0.0], "(97, 3)": [-0.0490099501, -0.01, 0.0, 0.0], "(97, 4)": [0.0, -0.0199, 0.0, 0.0], "(97, 5)": [-0.01, -0.0199, 0.0, 0.0], "(97, 6)": [-0.01, -0.0199, 0.0, 0.0], "(97, 7)": [-0.01, 0.0, -0.03940399, 0.0], "(96, 7)": [0.0, 0.0, -0.0199, -0.03940399], "(95, 7)": [0.0, 0.0, -0.0199, -0.0199], "(94, 7)": [0.0, 0.0, -0.0199, -0.0199], "(93, 7)": [0.0, -0.01, 0.0, -0.0199], "(93, 8)": [-0.01, -0.01, 0.0, 0.0], "(93, 9)": [-0.01, -0.01, 0.0, -0.0199], "(93, 10)": [-0.01, -0.01, 0.0, 0.0], "(93, 11)": [-0.01, 0.0, -0.01, 0.0], "(92, 11)": [0.0, 0.0, 0.0, -0.01], "(94, 9)": [0.0, 0.0, -0.0199, -0.03940399], "(95, 9)": [0.0, 0.0, -0.03940399, 0.0]}