{"(1, 49)": [-0.01, 0.0, 0.0, -0.01], "(1, 48)": [-0.01, -0.01, 0.0, 0.0], "(1, 47)": [0.0, -0.01, 0.0, -0.0199], "(2, 47)": [0.0, 0.0, -0.0199, -0.03940399], "(3, 47)": [0.0, 0.0, -0.03940399, 0.0], "(2, 49)": [0.0, 0.0, 0.0, -0.0199], "(3, 49)": [0.0, 0.0, -0.01, -0.029701], "(4, 49)": [0.0, 0.0, -0.0199, -0.03940399], "(5, 49)": [0.0, 0.0, -0.029701, -0.029701], "(6, 49)": [0.0, 0.0, -0.0199, -0.06793465209301], "(7, 49)": [0.0, 0.0, -0.058519850599, -0.01], "(8, 49)": [0.0, 0.0, -0.01, -0.0199], "(9, 49)": [-0.01, 0.0, -0.0199, 0.0], "(9, 48)": [-0.01, -0.01, 0.0, 0.0], "(9, 47)": [0.0, -0.01, 0.0, 0.0]}