{"(99, 1)": [0.0, -0.01, -0.0199, 0.0], "(98, 1)": [0.0, 0.0, -0.01, -0.01], "(99, 2)": [-0.01, 0.0, 0.0, 0.0], "(97, 1)": [0.0, -0.01, 0.0, 0.0], "(97, 2)": [0.0, -0.01, 0.0, 0.0], "(97, 3)": [0.0, 0.0, -0.029701, 0.0], "(96, 3)": [0.0, 0.0, -0.0490099501, -0.0199], "(95, 3)": [0.0, 0.0, -0.0490099501, -0.03940399], "(94, 3)": [0.0, 0.0, -0.029701, -0.03940399], "(93, 3)": [0.0, 0.0, -0.06793465209301, -0.0199], "(92, 3)": [0.0, 0.0, -0.01, -0.058519850599], "(91, 3)": [-0.01, 0.0, 0.0, 0.0], "(91, 2)": [-0.01, 0.0, 0.0, 0.0], "(91, 1)": [0.0, 0.0, 0.0, -0.01], "(92, 1)": [0.0, 0.0, 0.0, -0.01], "(93, 1)": [0.0, 0.0, 0.0, -0.01], "(94, 1)": [0.0, 0.0, 0.0, -0.029701], "(95, 1)": [0.0, 0.0, -0.0199, 0.0]}