{"(1, 1)": [0.0, -0.06793465209301, 0.0, -0.0199], "(1, 2)": [-0.0490099501, -0.029701, 0.0, 0.0], "(2, 1)": [0.0, 0.0, -0.0199, -0.0199], "(3, 1)": [0.0, 0.0, -0.0199, -0.01], "(1, 3)": [-0.01, 0.0, 0.0, -0.0199], "(2, 3)": [0.0, 0.0, 0.0, -0.0490099501], "(3, 3)": [0.0, -0.0490099501, -0.029701, 0.0], "(3, 4)": [-0.029701, -0.029701, 0.0, 0.0], "(3, 5)": [-0.01, 0.0, -0.03940399, 0.0], "(2, 5)": [0.0, 0.0, -0.11361512828387071, -0.0199], "(1, 5)": [0.0, -0.09561792499119551, 0.0, -0.09561792499119551], "(1, 6)": [-0.0864827525163591, -0.029701, 0.0, 0.0], "(1, 7)": [-0.0199, -0.0199, 0.0, 0.0], "(1, 8)": [-0.01, -0.029701, 0.0, 0.0], "(1, 9)": [-0.0199, 0.0, 0.0, -0.01], "(2, 9)": [0.0, 0.0, -0.01, -0.0199], "(3, 9)": [-0.029701, 0.0, -0.0199, 0.0], "(3, 8)": [0.0, -0.029701, 0.0, 0.0], "(4, 1)": [0.0, 0.0, -0.01, 0.0]}