{"(1, 49)": [-0.058519850599, 0.0, 0.0, -0.07725530557207991], "(2, 49)": [0.0, 0.0, -0.029701, -0.03940399], "(3, 49)": [-0.0199, 0.0, -0.029701, 0.0], "(1, 48)": [-0.029701, -0.029701, 0.0, 0.0], "(1, 47)": [0.0, -0.029701, 0.0, 0.0], "(3, 48)": [-0.0199, -0.01, 0.0, 0.0], "(3, 47)": [-0.0199, -0.01, 0.0, 0.0], "(3, 46)": [-0.0199, -0.01, 0.0, 0.0], "(3, 45)": [0.0, -0.01, -0.0199, 0.0], "(2, 45)": [0.0, 0.0, -0.0199, -0.01], "(1, 45)": [-0.0199, 0.0, 0.0, -0.01], "(1, 44)": [-0.0199, -0.01, 0.0, 0.0], "(1, 43)": [-0.01, -0.01, 0.0, 0.0], "(1, 42)": [-0.01, 0.0, 0.0, 0.0], "(1, 41)": [0.0, 0.0, 0.0, -0.01], "(2, 41)": [0.0, 0.0, 0.0, -0.0199], "(3, 41)": [-0.0199, -0.0199, -0.01, 0.0], "(3, 40)": [-0.0199, -0.0199, 0.0, 0.0], "(3, 39)": [0.0, -0.0199, -0.0199, -0.0199], "(2, 39)": [0.0, 0.0, -0.0199, -0.0199], "(1, 39)": [-0.0199, 0.0, 0.0, -0.0199], "(1, 38)": [-0.01, -0.0199, 0.0, 0.0], "(4, 39)": [0.0, 0.0, -0.0199, -0.0199], "(5, 39)": [0.0, 0.0, -0.0199, -0.0199], "(6, 39)": [0.0, 0.0, -0.0199, -0.0199], "(7, 39)": [-0.0199, -0.0199, -0.0199, 0.0], "(7, 38)": [-0.0199, -0.0199, 0.0, 0.0], "(7, 37)": [0.0, -0.0199, 0.0, 0.0], "(7, 40)": [-0.0199, -0.01, 0.0, 0.0], "(7, 41)": [-0.01, 0.0, -0.01, 0.0], "(6, 41)": [0.0, 0.0, -0.01, -0.01], "(5, 41)": [0.0, 0.0, 0.0, -0.01], "(3, 42)": [-0.01, -0.0199, 0.0, 0.0], "(1, 37)": [0.0, -0.01, 0.0, -0.01], "(2, 37)": [0.0, 0.0, -0.01, -0.01], "(3, 37)": [0.0, 0.0, -0.01, -0.01], "(4, 37)": [0.0, 0.0, -0.01, -0.01], "(5, 37)": [-0.01, 0.0, -0.01, 0.0], "(5, 36)": [-0.01, -0.01, 0.0, 0.0], "(5, 35)": [0.0, -0.01, 0.0, 0.0], "(3, 43)": [-0.01, 0.0, 0.0, -0.0199], "(4, 43)": [0.0, 0.0, -0.01, -0.0199], "(5, 43)": [0.0, -0.0199, -0.01, 0.0], "(5, 44)": [-0.01, -0.0199, 0.0, 0.0], "(5, 45)": [-0.01, -0.0199, 0.0, 0.0], "(5, 46)": [-0.01, -0.029701, 0.0, 0.0], "(5, 47)": [-0.0199, -0.029701, 0.0, 0.0], "(5, 48)": [-0.0199, -0.029701, 0.0, 0.0], "(5, 49)": [-0.0199, 0.0, 0.0, -0.01], "(6, 49)": [0.0, 0.0, 0.0, -0.01], "(7, 49)": [-0.01, 0.0, 0.0, 0.0], "(7, 48)": [-0.0199, 0.0, 0.0, 0.0], "(7, 47)": [-0.0199, -0.01, 0.0, 0.0], "(7, 46)": [-0.0199, -0.01, 0.0, 0.0], "(7, 45)": [-0.029701, -0.01, 0.0, 0.0], "(7, 44)": [-0.03940399, -0.0199, 0.0, 0.0], "(7, 43)": [0.0, -0.029701, 0.0, -0.03940399], "(8, 43)": [0.0, 0.0, -0.029701, -0.029701], "(9, 43)": [0.0, -0.0199, -0.0199, -0.029701], "(10, 43)": [0.0, 0.0, -0.0199, -0.0199], "(9, 44)": [-0.0199, -0.0199, 0.0, 0.0], "(9, 45)": [-0.0199, 0.0, 0.0, -0.0199], "(10, 45)": [0.0, 0.0, -0.0199, -0.029701], "(11, 45)": [0.0, -0.01, -0.029701, 0.0], "(11, 46)": [-0.01, -0.01, 0.0, 0.0], "(11, 47)": [-0.01, 0.0, 0.0, 0.0], "(11, 43)": [0.0, 0.0, -0.01, -0.0199], "(12, 43)": [0.0, 0.0, -0.01, -0.0199], "(13, 43)": [0.0, -0.0199, -0.01, 0.0], "(13, 44)": [-0.01, -0.0199, 0.0, 0.0], "(13, 45)": [-0.01, -0.03940399, 0.0, 0.0], "(13, 46)": [-0.029701, -0.029701, 0.0, 0.0], "(13, 47)": [-0.0199, -0.029701, 0.0, 0.0], "(13, 48)": [-0.0199, -0.029701, 0.0, 0.0], "(13, 49)": [-0.0199, 0.0, 0.0, -0.029701], "(14, 49)": [0.0, 0.0, -0.0199, -0.029701], "(15, 49)": [-0.0199, 0.0, -0.0199, -0.01], "(15, 48)": [-0.0199, -0.01, 0.0, 0.0], "(15, 47)": [0.0, -0.01, 0.0, -0.0199], "(16, 47)": [0.0, 0.0, -0.01, -0.0199], "(17, 47)": [0.0, 0.0, -0.01, -0.029701], "(18, 47)": [0.0, 0.0, -0.0199, -0.029701], "(19, 47)": [-0.029701, -0.0199, -0.0199, 0.0], "(19, 46)": [-0.029701, -0.0199, 0.0, 0.0], "(19, 45)": [-0.029701, -0.0199, 0.0, -0.0199], "(19, 44)": [-0.0199, -0.0199, 0.0, 0.0], "(19, 43)": [0.0, -0.01, 0.0, -0.0199], "(20, 43)": [0.0, 0.0, -0.01, -0.0199], "(21, 43)": [0.0, 0.0, -0.01, -0.0199], "(22, 43)": [0.0, 0.0, -0.01, -0.01], "(20, 45)": [0.0, 0.0, -0.0199, -0.01], "(19, 48)": [-0.0199, -0.0199, 0.0, 0.0], "(19, 49)": [-0.0199, 0.0, 0.0, -0.0199], "(20, 49)": [0.0, 0.0, -0.0199, -0.01], "(21, 49)": [-0.01, 0.0, -0.01, 0.0], "(21, 48)": [0.0, -0.01, 0.0, 0.0], "(16, 49)": [0.0, 0.0, -0.01, -0.01], "(17, 49)": [0.0, 0.0, -0.01, 0.0], "(21, 45)": [0.0, 0.0, -0.01, -0.01], "(22, 45)": [0.0, 0.0, -0.01, -0.01], "(23, 45)": [0.0, 0.0, -0.01, 0.0], "(23, 43)": [-0.01, 0.0, 0.0, 0.0], "(23, 42)": [-0.01, 0.0, 0.0, 0.0], "(23, 41)": [0.0, 0.0, -0.01, 0.0], "(22, 41)": [0.0, 0.0, -0.01, 0.0], "(21, 41)": [0.0, 0.0, -0.01, 0.0], "(20, 41)": [0.0, 0.0, -0.01, 0.0], "(19, 41)": [-0.01, 0.0, 0.0, 0.0], "(19, 40)": [-0.01, 0.0, 0.0, 0.0], "(19, 39)": [-0.01, 0.0, 0.0, 0.0], "(19, 38)": [-0.01, 0.0, 0.0, 0.0], "(19, 37)": [-0.01, 0.0, 0.0, 0.0], "(19, 36)": [-0.0199, 0.0, 0.0, 0.0], "(19, 35)": [0.0, -0.01, 0.0, -0.0199], "(20, 35)": [0.0, 0.0, -0.01, -0.0199], "(21, 35)": [0.0, 0.0, -0.01, -0.0199], "(22, 35)": [0.0, 0.0, -0.01, -0.03940399], "(23, 35)": [0.0, 0.0, -0.029701, -0.03940399], "(24, 35)": [0.0, 0.0, -0.029701, -0.03940399], "(25, 35)": [-0.029701, -0.03940399, -0.029701, 0.0], "(25, 34)": [-0.029701, -0.0199, 0.0, 0.0], "(25, 33)": [0.0, -0.0199, -0.029701, 0.0], "(24, 33)": [0.0, 0.0, -0.0199, -0.0199], "(23, 33)": [-0.0199, 0.0, 0.0, -0.01], "(23, 32)": [-0.0199, -0.01, 0.0, 0.0], "(23, 31)": [-0.029701, -0.01, -0.029701, -0.01], "(22, 31)": [0.0, 0.0, -0.0199, -0.029701], "(23, 30)": [-0.0199, -0.029701, 0.0, 0.0], "(21, 31)": [0.0, 0.0, -0.01, -0.0199], "(20, 31)": [0.0, 0.0, -0.01, -0.01], "(19, 31)": [0.0, -0.01, -0.01, -0.01], "(19, 32)": [-0.01, -0.01, 0.0, 0.0], "(19, 33)": [-0.01, 0.0, -0.01, -0.01], "(20, 33)": [0.0, 0.0, -0.01, -0.01], "(21, 33)": [0.0, 0.0, -0.01, 0.0], "(18, 33)": [0.0, 0.0, 0.0, -0.01], "(18, 31)": [0.0, 0.0, -0.0199, -0.01], "(17, 31)": [0.0, 0.0, -0.0199, -0.0199], "(16, 31)": [0.0, 0.0, -0.0199, -0.0199], "(15, 31)": [0.0, -0.0199, 0.0, -0.0199], "(15, 32)": [-0.0199, -0.01, 0.0, 0.0], "(15, 33)": [-0.01, 0.0, -0.01, 0.0], "(14, 33)": [0.0, 0.0, -0.01, -0.01], "(13, 33)": [0.0, -0.0199, 0.0, -0.01], "(13, 34)": [-0.0199, -0.01, 0.0, 0.0], "(13, 35)": [-0.01, -0.01, 0.0, 0.0], "(13, 36)": [-0.01, -0.01, 0.0, 0.0], "(13, 37)": [-0.01, -0.01, -0.01, 0.0], "(13, 38)": [-0.01, -0.01, 0.0, 0.0], "(13, 39)": [-0.01, -0.01, 0.0, 0.0], "(13, 40)": [-0.01, -0.01, 0.0, 0.0], "(13, 41)": [-0.01, 0.0, -0.01, 0.0], "(12, 41)": [0.0, 0.0, -0.01, -0.01], "(11, 41)": [0.0, 0.0, -0.01, -0.01], "(10, 41)": [0.0, 0.0, -0.01, -0.01], "(9, 41)": [-0.01, 0.0, 0.0, -0.01], "(9, 40)": [-0.01, -0.01, 0.0, 0.0], "(9, 39)": [0.0, -0.01, 0.0, -0.01], "(10, 39)": [0.0, 0.0, -0.01, 0.0], "(12, 37)": [0.0, 0.0, -0.01, -0.01], "(11, 37)": [0.0, 0.0, -0.01, -0.01], "(10, 37)": [0.0, 0.0, -0.01, -0.01], "(9, 37)": [0.0, 0.0, 0.0, -0.01], "(23, 29)": [0.0, -0.0199, 0.0, -0.0199], "(24, 29)": [0.0, 0.0, -0.0199, -0.0199], "(25, 29)": [0.0, 0.0, -0.0199, -0.0199], "(26, 29)": [0.0, 0.0, -0.0199, -0.01], "(27, 29)": [0.0, 0.0, -0.01, 0.0], "(25, 36)": [-0.03940399, -0.0199, 0.0, 0.0], "(25, 37)": [-0.0199, -0.01, 0.0, 0.0], "(25, 38)": [-0.01, -0.01, 0.0, 0.0], "(25, 39)": [-0.01, -0.01, 0.0, 0.0], "(25, 40)": [-0.01, -0.01, 0.0, 0.0], "(25, 41)": [-0.01, 0.0, 0.0, -0.01], "(26, 41)": [0.0, 0.0, -0.01, -0.01], "(27, 41)": [0.0, 0.0, -0.01, -0.01], "(28, 41)": [0.0, 0.0, -0.01, -0.01], "(29, 41)": [0.0, -0.01, -0.01, -0.01], "(30, 41)": [0.0, 0.0, -0.01, -0.01], "(31, 41)": [0.0, -0.01, -0.01, 0.0], "(31, 42)": [-0.01, -0.0199, 0.0, 0.0], "(31, 43)": [-0.0199, -0.01, 0.0, 0.0], "(31, 44)": [-0.01, -0.01, 0.0, 0.0], "(31, 45)": [-0.01, 0.0, -0.01, -0.01], "(32, 45)": [0.0, 0.0, -0.01, -0.01], "(33, 45)": [-0.01, 0.0, -0.01, 0.0], "(33, 44)": [-0.01, -0.01, 0.0, 0.0], "(33, 43)": [-0.01, -0.01, 0.0, 0.0], "(33, 42)": [-0.01, -0.01, 0.0, 0.0], "(33, 41)": [0.0, -0.01, 0.0, 0.0], "(30, 45)": [0.0, 0.0, -0.01, -0.01], "(29, 45)": [0.0, 0.0, 0.0, -0.01], "(29, 42)": [-0.01, -0.01, 0.0, 0.0], "(29, 43)": [-0.01, 0.0, 0.0, 0.0], "(24, 31)": [0.0, 0.0, 0.0, -0.01], "(25, 31)": [0.0, 0.0, 0.0, -0.01], "(26, 31)": [0.0, 0.0, 0.0, -0.01], "(27, 31)": [0.0, -0.01, 0.0, 0.0], "(27, 32)": [0.0, -0.01, 0.0, 0.0], "(27, 33)": [0.0, -0.01, 0.0, 0.0], "(27, 34)": [0.0, -0.01, 0.0, 0.0],