{"(1, 49)": [-0.2299568541948447, 0.0, 0.0, 0.0], "(1, 48)": [-0.20638571635634448, -0.22217864060085324, 0.0, 0.0], "(1, 47)": [-0.029701, -0.19836941046095402, 0.0, 0.0], "(1, 46)": [-0.09561792499119551, -0.0199, 0.0, 0.0], "(1, 45)": [0.0, -0.0864827525163591, 0.0, 0.0]}