{"(1, 1)": [0.0, -0.01, 0.0, -0.0199], "(1, 2)": [-0.01, -0.01, 0.0, 0.0], "(1, 3)": [-0.01, -0.01, 0.0, 0.0], "(1, 4)": [-0.01, -0.01, 0.0, 0.0], "(1, 5)": [-0.01, -0.029701, 0.0, 0.0], "(1, 6)": [-0.029701, -0.0199, 0.0, 0.0], "(1, 7)": [-0.0199, 0.0, 0.0, 0.0], "(2, 1)": [0.0, 0.0, -0.01, -0.01], "(3, 1)": [0.0, -0.01, 0.0, -0.029701], "(4, 1)": [0.0, 0.0, -0.029701, -0.01], "(5, 1)": [0.0, 0.0, -0.01, -0.029701], "(6, 1)": [0.0, 0.0, -0.029701, -0.03940399], "(7, 1)": [0.0, -0.01, -0.03940399, 0.0], "(7, 2)": [-0.01, 0.0, 0.0, 0.0], "(3, 2)": [0.0, -0.01, 0.0, 0.0], "(3, 3)": [0.0, -0.01, 0.0, 0.0], "(3, 4)": [0.0, -0.01, 0.0, 0.0], "(3, 5)": [0.0, -0.01, 0.0, 0.0], "(3, 6)": [0.0, -0.01, 0.0, 0.0], "(3, 7)": [0.0, -0.0199, 0.0, 0.0], "(3, 8)": [-0.01, -0.0199, 0.0, 0.0], "(3, 9)": [-0.01, 0.0, 0.0, -0.01], "(4, 9)": [0.0, 0.0, 0.0, -0.01], "(5, 9)": [0.0, 0.0, 0.0, 0.0]}