{"(99, 1)": [0.0, -0.09561792499119551, -0.14854222890512436, 0.0], "(98, 1)": [0.0, 0.0, -0.06793465209301, -0.14854222890512436], "(97, 1)": [0.0, 0.0, 0.0, -0.06793465209301], "(99, 2)": [-0.0864827525163591, -0.0490099501, 0.0, 0.0], "(99, 3)": [-0.03940399, 0.0, -0.0490099501, 0.0], "(98, 3)": [0.0, 0.0, -0.03940399, -0.03940399], "(97, 3)": [0.0, -0.0199, 0.0, -0.029701], "(97, 4)": [-0.01, -0.0199, 0.0, 0.0], "(97, 5)": [-0.01, 0.0, 0.0, -0.0199], "(98, 5)": [0.0, 0.0, -0.01, -0.0199], "(99, 5)": [0.0, -0.029701, -0.01, 0.0], "(99, 6)": [-0.029701, -0.0199, 0.0, 0.0], "(99, 7)": [-0.0199, 0.0, -0.01, 0.0], "(98, 7)": [0.0, 0.0, -0.01, -0.01], "(97, 7)": [0.0, 0.0, -0.0199, -0.01], "(96, 7)": [0.0, 0.0, 0.0, -0.0199]}