{"(1, 49)": [-0.058519850599, 0.0, 0.0, -0.06793465209301], "(1, 48)": [-0.058519850599, -0.03940399, 0.0, 0.0], "(1, 47)": [-0.06793465209301, -0.058519850599, 0.0, 0.0], "(1, 46)": [-0.06793465209301, -0.06793465209301, 0.0, 0.0], "(1, 45)": [-0.07725530557207991, -0.06793465209301, 0.0, 0.0], "(1, 44)": [-0.06793465209301, -0.07725530557207991, 0.0, 0.0], "(1, 43)": [-0.06793465209301, -0.06793465209301, 0.0, 0.0], "(1, 42)": [-0.07725530557207991, -0.06793465209301, 0.0, 0.0], "(1, 41)": [-0.06793465209301, -0.07725530557207991, 0.0, 0.0], "(1, 40)": [-0.0490099501, -0.06793465209301, 0.0, 0.0], "(1, 39)": [-0.0490099501, -0.0490099501, 0.0, 0.0], "(1, 38)": [-0.03940399, -0.0490099501, 0.0, 0.0], "(2, 49)": [0.0, 0.0, -0.029701, -0.03940399], "(3, 49)": [0.0, 0.0, -0.029701, -0.03940399], "(4, 49)": [0.0, 0.0, -0.029701, -0.0199], "(1, 37)": [-0.03940399, -0.03940399, 0.0, 0.0], "(1, 36)": [-0.03940399, -0.03940399, 0.0, 0.0], "(1, 35)": [0.0, -0.03940399, 0.0, -0.03940399], "(2, 35)": [0.0, 0.0, -0.03940399, -0.0490099501], "(3, 35)": [0.0, -0.0490099501, -0.0490099501, -0.058519850599], "(4, 35)": [0.0, 0.0, -0.058519850599, -0.058519850599], "(5, 35)": [0.0, 0.0, -0.058519850599, 0.0], "(3, 36)": [-0.0490099501, -0.03940399, 0.0, 0.0], "(3, 37)": [-0.03940399, 0.0, 0.0, -0.029701], "(4, 37)": [0.0, 0.0, -0.029701, -0.029701], "(5, 37)": [0.0, -0.058519850599, -0.029701, 0.0], "(5, 38)": [-0.058519850599, -0.0490099501, 0.0, 0.0], "(5, 39)": [-0.0490099501, -0.058519850599, 0.0, 0.0], "(5, 40)": [-0.058519850599, -0.058519850599, 0.0, 0.0], "(5, 41)": [-0.058519850599, 0.0, -0.058519850599, 0.0], "(4, 41)": [0.0, 0.0, -0.0490099501, -0.058519850599], "(3, 41)": [-0.0490099501, 0.0, 0.0, -0.0490099501], "(3, 40)": [-0.058519850599, -0.0490099501, 0.0, 0.0], "(3, 39)": [0.0, -0.058519850599, 0.0, 0.0], "(5, 49)": [0.0, 0.0, -0.01, -0.0199], "(6, 49)": [0.0, 0.0, -0.01, -0.0199], "(7, 49)": [-0.0199, 0.0, -0.01, -0.0199], "(7, 48)": [-0.01, -0.0199, 0.0, 0.0], "(7, 47)": [0.0, -0.01, -0.01, 0.0], "(6, 47)": [0.0, 0.0, -0.01, -0.01], "(5, 47)": [0.0, 0.0, -0.01, -0.01], "(4, 47)": [0.0, 0.0, -0.01, -0.01], "(3, 47)": [-0.01, 0.0, 0.0, -0.01], "(3, 46)": [-0.01, -0.01, 0.0, 0.0], "(3, 45)": [-0.01, -0.01, 0.0, -0.01], "(3, 44)": [-0.0199, -0.01, 0.0, 0.0], "(3, 43)": [0.0, -0.0199, 0.0, -0.01], "(4, 43)": [0.0, 0.0, -0.01, -0.01], "(5, 43)": [0.0, 0.0, -0.01, 0.0], "(4, 45)": [0.0, 0.0, -0.01, -0.01], "(5, 45)": [0.0, 0.0, -0.01, -0.01], "(6, 45)": [0.0, 0.0, -0.01, -0.01], "(7, 45)": [-0.01, 0.0, -0.01, 0.0], "(7, 44)": [-0.01, -0.01, 0.0, 0.0], "(7, 43)": [0.0, -0.01, 0.0, -0.0199], "(8, 43)": [0.0, 0.0, -0.0199, -0.0199], "(9, 43)": [-0.0199, 0.0, -0.0199, 0.0], "(9, 42)": [-0.0199, -0.0199, 0.0, 0.0], "(9, 41)": [0.0, -0.0199, -0.0199, -0.0199], "(8, 41)": [0.0, 0.0, -0.01, -0.0199], "(10, 41)": [0.0, 0.0, -0.0199, -0.029701], "(11, 41)": [-0.029701, 0.0, -0.029701, 0.0], "(11, 40)": [-0.029701, -0.029701, 0.0, 0.0], "(11, 39)": [0.0, -0.029701, 0.0, -0.029701], "(12, 39)": [0.0, 0.0, -0.029701, -0.0199], "(13, 39)": [0.0, 0.0, -0.0199, 0.0], "(7, 41)": [-0.01, 0.0, 0.0, -0.01], "(7, 40)": [-0.01, -0.01, 0.0, 0.0], "(7, 39)": [-0.01, -0.01, 0.0, -0.01], "(7, 38)": [-0.01, -0.01, 0.0, 0.0], "(7, 37)": [0.0, -0.01, 0.0, 0.0], "(8, 39)": [0.0, 0.0, -0.01, 0.0], "(8, 49)": [0.0, 0.0, -0.01, -0.029701], "(9, 49)": [-0.0199, 0.0, -0.0199, 0.0], "(9, 48)": [-0.0199, -0.01, 0.0, 0.0], "(9, 47)": [-0.0199, -0.01, 0.0, 0.0], "(9, 46)": [-0.0199, -0.01, 0.0, 0.0], "(9, 45)": [0.0, -0.01, 0.0, -0.0199], "(10, 45)": [0.0, 0.0, -0.01, -0.01], "(11, 45)": [-0.01, 0.0, 0.0, 0.0], "(11, 44)": [-0.01, 0.0, 0.0, 0.0], "(11, 43)": [0.0, 0.0, 0.0, -0.0199], "(12, 43)": [0.0, 0.0, -0.01, -0.0199], "(13, 43)": [-0.0199, -0.0199, -0.01, 0.0], "(13, 42)": [-0.0199, -0.0199, 0.0, 0.0], "(13, 41)": [0.0, -0.0199, 0.0, 0.0], "(13, 44)": [-0.01, -0.029701, 0.0, 0.0], "(13, 45)": [-0.0199, -0.029701, 0.0, 0.0], "(13, 46)": [-0.029701, -0.03940399, 0.0, 0.0], "(13, 47)": [-0.03940399, 0.0, -0.03940399, 0.0], "(12, 47)": [0.0, 0.0, -0.029701, -0.03940399], "(11, 47)": [0.0, -0.029701, 0.0, -0.029701], "(11, 48)": [-0.029701, -0.0490099501, 0.0, 0.0], "(11, 49)": [-0.0490099501, 0.0, 0.0, -0.0490099501], "(12, 49)": [0.0, 0.0, -0.0490099501, -0.0490099501], "(13, 49)": [0.0, 0.0, -0.0490099501, -0.0490099501], "(14, 49)": [0.0, 0.0, -0.0490099501, -0.03940399], "(15, 49)": [0.0, 0.0, -0.03940399, -0.0199], "(16, 49)": [0.0, 0.0, -0.0199, -0.0199], "(17, 49)": [0.0, 0.0, -0.0199, 0.0]}