{"(1, 1)": [0.0, -0.03940399, 0.0, -0.0490099501], "(1, 2)": [-0.03940399, -0.0199, 0.0, 0.0], "(1, 3)": [-0.0199, -0.01, 0.0, 0.0], "(1, 4)": [-0.01, -0.01, 0.0, 0.0], "(1, 5)": [-0.01, -0.029701, 0.0, 0.0], "(1, 6)": [-0.029701, -0.0199, 0.0, 0.0], "(1, 7)": [-0.0199, 0.0, 0.0, 0.0], "(2, 1)": [0.0, 0.0, -0.029701, -0.029701], "(3, 1)": [0.0, -0.029701, -0.01, -0.03940399], "(4, 1)": [0.0, 0.0, -0.029701, -0.0199], "(5, 1)": [0.0, 0.0, -0.01, -0.0490099501], "(6, 1)": [0.0, 0.0, -0.03940399, -0.07725530557207991], "(7, 1)": [0.0, -0.03940399, -0.06793465209301, 0.0], "(7, 2)": [-0.029701, -0.0199, 0.0, 0.0], "(3, 2)": [-0.0199, -0.0199, 0.0, 0.0], "(3, 3)": [-0.01, -0.0199, 0.0, 0.0], "(3, 4)": [-0.01, -0.0199, 0.0, 0.0], "(3, 5)": [-0.01, -0.029701, 0.0, 0.0], "(3, 6)": [-0.0199, -0.0199, 0.0, 0.0], "(3, 7)": [-0.01, -0.029701, 0.0, 0.0], "(3, 8)": [-0.0199, -0.029701, 0.0, 0.0], "(3, 9)": [-0.0199, 0.0, 0.0, -0.0199], "(4, 9)": [0.0, 0.0, -0.01, -0.01], "(5, 9)": [0.0, 0.0, 0.0, 0.0], "(7, 3)": [-0.01, 0.0, -0.01, 0.0], "(6, 3)": [0.0, 0.0, 0.0, -0.01]}