{"(1, 1)": [0.0, -0.19027213177874144, 0.0, 0.0], "(1, 2)": [-0.17383137616441327, -0.1654862385499124, 0.0, 0.0], "(1, 3)": [-0.14854222890512436, -0.03940399, 0.0, 0.0], "(1, 4)": [-0.029701, -0.01, 0.0, 0.0], "(1, 5)": [0.0, 0.0, 0.0, -0.01], "(2, 5)": [0.0, 0.0, 0.0, -0.09561792499119551], "(3, 5)": [0.0, 0.0, -0.0864827525163591, -0.029701], "(4, 5)": [0.0, 0.0, -0.0199, -0.06793465209301], "(5, 5)": [0.0, 0.0, -0.058519850599, 0.0]}