{"(99, 49)": [-0.07725530557207991, 0.0, -0.058519850599, 0.0], "(98, 49)": [0.0, 0.0, -0.0864827525163591, -0.058519850599], "(99, 48)": [-0.06793465209301, -0.06793465209301, 0.0, 0.0], "(99, 47)": [0.0, -0.058519850599, 0.0, 0.0], "(97, 49)": [-0.01, 0.0, 0.0, -0.0864827525163591], "(97, 48)": [0.0, -0.01, 0.0, 0.0]}