{"(99, 1)": [0.0, -0.19027213177874144, 0.0, 0.0], "(99, 2)": [-0.17383137616441327, -0.15705680661607313, 0.0, 0.0], "(99, 3)": [-0.13994164535871148, 0.0, -0.17383137616441327, 0.0], "(98, 3)": [0.0, 0.0, -0.0199, -0.17383137616441327], "(97, 3)": [-0.0199, -0.01, 0.0, -0.0199], "(97, 2)": [0.0, -0.0199, 0.0, 0.0], "(97, 4)": [-0.01, 0.0, 0.0, 0.0]}