{"(1, 1)": [0.0, -0.10466174574128355, 0.0, -0.0199], "(1, 2)": [-0.0864827525163591, -0.058519850599, 0.0, 0.0], "(2, 1)": [0.0, 0.0, -0.0199, -0.06793465209301], "(3, 1)": [0.0, 0.0, -0.06793465209301, -0.07725530557207991], "(4, 1)": [0.0, 0.0, -0.07725530557207991, -0.058519850599], "(5, 1)": [0.0, 0.0, -0.058519850599, 0.0], "(1, 3)": [-0.03940399, 0.0, 0.0, -0.03940399], "(2, 3)": [0.0, 0.0, -0.029701, -0.03940399], "(3, 3)": [0.0, -0.029701, -0.029701, 0.0], "(3, 4)": [-0.029701, -0.0199, 0.0, 0.0], "(3, 5)": [-0.0199, 0.0, -0.058519850599, 0.0], "(2, 5)": [0.0, 0.0, -0.03940399, -0.058519850599], "(1, 5)": [0.0, 0.0, 0.0, -0.03940399]}