{"(99, 49)": [-0.07725530557207991, 0.0, -0.11361512828387071, 0.0], "(98, 49)": [0.0, 0.0, -0.20638571635634448, -0.10466174574128355], "(99, 48)": [-0.06793465209301, -0.06793465209301, 0.0, 0.0], "(99, 47)": [0.0, -0.058519850599, 0.0, 0.0], "(97, 49)": [-0.0490099501, 0.0, 0.0, -0.19836941046095402], "(97, 48)": [-0.01, -0.03940399, 0.0, 0.0], "(97, 47)": [0.0, 0.0, -0.03940399, 0.0], "(96, 47)": [0.0, 0.0, -0.029701, -0.029701], "(95, 47)": [0.0, 0.0, -0.01, -0.0199], "(94, 47)": [0.0, 0.0, 0.0, -0.01]}