{"(99, 49)": [-0.09561792499119551, 0.0, -0.07725530557207991, 0.0], "(99, 48)": [-0.11361512828387071, -0.09561792499119551, 0.0, 0.0], "(99, 47)": [0.0, -0.11361512828387071, 0.0, 0.0], "(98, 49)": [0.0, 0.0, 0.0, -0.07725530557207991]}