{"(1, 49)": [-0.03940399, 0.0, 0.0, -0.03940399], "(2, 49)": [0.0, 0.0, -0.03940399, -0.0199], "(3, 49)": [-0.029701, 0.0, -0.0199, -0.03940399], "(4, 49)": [0.0, 0.0, -0.03940399, -0.029701], "(1, 48)": [-0.058519850599, -0.029701, 0.0, 0.0], "(1, 47)": [0.0, -0.0490099501, 0.0, 0.0], "(3, 48)": [-0.01, -0.029701, 0.0, 0.0], "(5, 49)": [0.0, 0.0, -0.029701, 0.0], "(3, 47)": [0.0, -0.01, 0.0, -0.01], "(4, 47)": [0.0, 0.0, -0.01, -0.029701], "(5, 47)": [0.0, 0.0, -0.029701, 0.0]}