{"(1, 49)": [-0.13994164535871148, 0.0, 0.0, -0.13994164535871148], "(2, 49)": [0.0, 0.0, -0.1312541872310217, -0.0490099501], "(1, 48)": [-0.10466174574128355, -0.1312541872310217, 0.0, 0.0], "(1, 47)": [0.0, -0.09561792499119551, 0.0, -0.06793465209301], "(2, 47)": [0.0, 0.0, -0.058519850599, -0.0199], "(3, 47)": [0.0, 0.0, -0.01, 0.0], "(3, 49)": [0.0, 0.0, -0.03940399, -0.06793465209301], "(4, 49)": [0.0, 0.0, -0.06793465209301, -0.01], "(5, 49)": [0.0, 0.0, -0.01, 0.0]}