{"(99, 1)": [0.0, -0.0490099501, -0.13994164535871148, 0.0], "(98, 1)": [0.0, 0.0, -0.14854222890512436, -0.1312541872310217], "(97, 1)": [0.0, -0.01, 0.0, -0.13994164535871148], "(97, 2)": [0.0, -0.01, 0.0, 0.0], "(97, 3)": [0.0, -0.01, 0.0, 0.0], "(97, 4)": [0.0, -0.06793465209301, 0.0, 0.0], "(97, 5)": [-0.058519850599, 0.0, 0.0, -0.029701], "(98, 5)": [0.0, 0.0, -0.0199, -0.07725530557207991], "(99, 5)": [0.0, -0.06793465209301, -0.06793465209301, 0.0], "(99, 6)": [-0.06793465209301, 0.0, 0.0, 0.0], "(99, 2)": [-0.0490099501, 0.0, 0.0, 0.0]}