{"(99, 49)": [-0.9816849777828334, 0.0, -0.974224278331019, 0.0], "(98, 49)": [0.0, 0.0, -0.35089737163159757, -0.31744540498961277], "(99, 48)": [-0.28226946740172487, -0.3443407794258561, 0.0, 0.0], "(99, 47)": [-0.26769663034560237, -0.28226946740172487, 0.0, 0.0], "(99, 46)": [-0.3701763687967675, -0.26769663034560237, 0.0, 0.0], "(99, 45)": [0.0, -0.3701763687967675, 0.0, 0.0], "(97, 49)": [0.0, 0.0, -0.3764746051087998, -0.3443407794258561], "(96, 49)": [0.0, 0.0, -0.310550914130922, -0.3701763687967675], "(95, 49)": [-0.21432185919278104, 0.0, -0.28944677272770764, -0.30358678195042627], "(94, 49)": [0.0, 0.0, -0.3443407794258561, -0.28226946740172487], "(95, 48)": [-0.20638571635634448, -0.21432185919278104, 0.0, 0.0], "(93, 49)": [0.0, 0.0, -0.3827098590577118, -0.33771795901601626], "(92, 49)": [0.0, 0.0, -0.40104399353383874, -0.3764746051087998], "(95, 47)": [0.0, -0.20638571635634448, 0.0, -0.19027213177874144], "(96, 47)": [0.0, 0.0, -0.19027213177874144, -0.07725530557207991], "(97, 47)": [-0.11361512828387071, 0.0, -0.07725530557207991, 0.0], "(91, 49)": [-0.47965947734969333, 0.0, 0.0, -0.39499393286246337], "(91, 48)": [-0.4637317747928147, -0.4744035124744377, 0.0, 0.0], "(91, 47)": [0.0, -0.45831492403314616, -0.5387780325819043, 0.0], "(90, 47)": [0.0, 0.0, -0.5001629701008008, -0.5341192248302064], "(89, 47)": [0.0, -0.39499393286246337, 0.0, -0.4951141112129301], "(89, 48)": [-0.3888827604671347, -0.5051613403997928, 0.0, 0.0], "(89, 49)": [-0.5001629701008008, 0.0, -0.4848628825761964, 0.0], "(88, 49)": [0.0, 0.0, -0.44173386145213606, -0.47965947734969333], "(87, 49)": [-0.47965947734969333, 0.0, 0.0, -0.4360948095476122], "(87, 48)": [-0.5246599579942928, -0.4744035124744377, 0.0, 0.0], "(87, 47)": [0.0, -0.5198585434285785, -0.5294133584143499, 0.0], "(86, 47)": [0.0, 0.0, -0.4188335858818902, -0.5246599579942928], "(85, 47)": [-0.4188335858818902, 0.0, 0.0, -0.41296321806251535], "(85, 46)": [-0.40104399353383874, -0.41296321806251535, 0.0, 0.0], "(85, 45)": [0.0, -0.39499393286246337, 0.0, -0.45284335760923855], "(86, 45)": [0.0, 0.0, -0.4473165228376147, -0.5911798255774505], "(87, 45)": [0.0, 0.0, -0.5870503288661116, -0.6302703623502736], "(88, 45)": [0.0, 0.0, -0.6265357195457308, -0.6787989254352085], "(89, 45)": [-0.7152922267268044, 0.0, -0.6755544701365742, 0.0], "(89, 44)": [-0.6945409740716953, -0.7152922267268044, 0.0, 0.0], "(89, 43)": [0.0, -0.6945409740716953, -0.7095115056900362, 0.0], "(88, 43)": [0.0, 0.0, -0.6376279821395031, -0.7095115056900362], "(87, 43)": [0.0, 0.0, -0.5993153470484593, -0.6376279821395031], "(86, 43)": [0.0, 0.0, -0.5828791200667794, -0.5993153470484593], "(85, 43)": [-0.5911798255774505, 0.0, 0.0, -0.5828791200667794], "(85, 42)": [-0.5101097269957948, -0.5911798255774505, 0.0, 0.0], "(85, 41)": [0.0, -0.5101097269957948, 0.0, -0.5246599579942928], "(86, 41)": [0.0, 0.0, -0.5246599579942928, -0.5524767862361891], "(87, 41)": [0.0, 0.0, -0.5524767862361891, -0.5524767862361891], "(88, 41)": [0.0, 0.0, -0.5524767862361891, -0.6072889716421951], "(89, 41)": [-0.5569520183738272, 0.0, -0.6072889716421951, 0.0], "(89, 40)": [-0.5524767862361891, -0.5569520183738272, 0.0, 0.0], "(89, 39)": [0.0, -0.5524767862361891, -0.4744035124744377, 0.0], "(88, 39)": [0.0, 0.0, -0.5744098766113452, -0.4744035124744377], "(87, 39)": [-0.4951141112129301, 0.0, 0.0, -0.5744098766113452], "(87, 38)": [-0.4744035124744377, -0.4951141112129301, 0.0, 0.0], "(87, 37)": [0.0, -0.4744035124744377, 0.0, -0.35089737163159757], "(88, 37)": [0.0, 0.0, -0.35089737163159757, -0.310550914130922], "(89, 37)": [0.0, 0.0, -0.310550914130922, -0.19836941046095402], "(90, 37)": [0.0, 0.0, -0.19836941046095402, -0.20638571635634448], "(91, 37)": [0.0, 0.0, -0.20638571635634448, -0.22217864060085324], "(92, 37)": [0.0, 0.0, -0.22217864060085324, -0.23765728565289626], "(93, 37)": [0.0, 0.0, -0.23765728565289626, -0.3573883979152816], "(94, 37)": [0.0, 0.0, -0.3573883979152816, -0.40104399353383874], "(95, 37)": [0.0, -0.47965947734969333, -0.40104399353383874, 0.0], "(95, 38)": [-0.47965947734969333, -0.4188335858818902, 0.0, 0.0], "(95, 39)": [-0.4188335858818902, 0.0, 0.0, -0.45831492403314616], "(96, 39)": [0.0, 0.0, -0.45831492403314616, -0.4188335858818902], "(97, 39)": [-0.45284335760923855, 0.0, -0.4188335858818902, 0.0], "(97, 38)": [-0.46909445704488656, -0.45284335760923855, 0.0, 0.0], "(97, 37)": [0.0, -0.46909445704488656, 0.0, 0.0], "(97, 46)": [-0.12247897700103201, -0.11361512828387071, 0.0, 0.0], "(97, 45)": [-0.09561792499119551, -0.12247897700103201, -0.11361512828387071, 0.0], "(97, 44)": [-0.09561792499119551, -0.09561792499119551, 0.0, 0.0], "(96, 45)": [0.0, 0.0, -0.14854222890512436, -0.11361512828387071], "(95, 45)": [0.0, 0.0, -0.14854222890512436, -0.14854222890512436], "(94, 45)": [0.0, 0.0, -0.13994164535871148, -0.14854222890512436], "(93, 45)": [0.0, -0.21432185919278104, -0.1654862385499124, -0.13994164535871148], "(93, 46)": [-0.21432185919278104, -0.20638571635634448, 0.0, 0.0], "(93, 47)": [-0.20638571635634448, 0.0, 0.0, 0.0], "(92, 45)": [0.0, 0.0, -0.13994164535871148, -0.1654862385499124], "(91, 45)": [-0.17383137616441327, 0.0, 0.0, -0.13994164535871148], "(91, 44)": [-0.19836941046095402, -0.17383137616441327, 0.0, 0.0], "(91, 43)": [0.0, -0.19836941046095402, 0.0, -0.23765728565289626], "(92, 43)": [0.0, 0.0, -0.23765728565289626, -0.25282790566840363], "(93, 43)": [-0.27501966404214634, 0.0, -0.25282790566840363, -0.2452807127963673], "(93, 42)": [-0.310550914130922, -0.27501966404214634, 0.0, 0.0], "(93, 41)": [-0.3888827604671347, -0.310550914130922, 0.0, 0.0], "(93, 40)": [-0.44173386145213606, -0.3888827604671347, 0.0, 0.0], "(93, 39)": [0.0, -0.44173386145213606, -0.4303987975228406, 0.0], "(94, 43)": [0.0, 0.0, -0.2452807127963673, -0.28944677272770764], "(95, 43)": [-0.40104399353383874, 0.0, -0.28944677272770764, 0.0], "(95, 42)": [-0.28226946740172487, -0.40104399353383874, 0.0, 0.0], "(95, 41)": [0.0, -0.28226946740172487, 0.0, -0.28226946740172487], "(96, 41)": [0.0, 0.0, -0.28226946740172487, -0.33102824143031945], "(97, 41)": [0.0, 0.0, -0.33102824143031945, 0.0], "(92, 39)": [0.0, 0.0, -0.44173386145213606, -0.4303987975228406], "(91, 39)": [0.0, -0.39499393286246337, 0.0, -0.44173386145213606], "(91, 40)": [-0.39499393286246337, -0.44173386145213606, 0.0, 0.0], "(91, 41)": [-0.44173386145213606, 0.0, 0.0, 0.0], "(97, 43)": [0.0, -0.09561792499119551, 0.0, -0.09561792499119551], "(98, 43)": [0.0, 0.0, -0.09561792499119551, -0.10466174574128355], "(99, 43)": [-0.13994164535871148, 0.0, -0.10466174574128355, 0.0], "(99, 42)": [-0.18209306240276912, -0.13994164535871148, 0.0, 0.0], "(99, 41)": [-0.1312541872310217, -0.18209306240276912, 0.0, 0.0], "(99, 40)": [-0.1312541872310217, -0.1312541872310217, 0.0, 0.0], "(99, 39)": [-0.06793465209301, -0.1312541872310217, 0.0, 0.0], "(99, 38)": [-0.01, -0.06793465209301, 0.0, 0.0], "(99, 37)": [0.0, -0.01, 0.0, 0.0]}