{"(1, 49)": [-0.9978682361478454, 0.0, 0.0, 0.0], "(1, 48)": [-0.3638145139361288, -0.28226946740172487, 0.0, 0.0], "(1, 47)": [-0.4188335858818902, -0.3573883979152816, 0.0, 0.0], "(1, 46)": [-0.3701763687967675, -0.41296321806251535, 0.0, 0.0], "(1, 45)": [0.0, -0.3638145139361288, 0.0, -0.33102824143031945], "(2, 45)": [0.0, 0.0, -0.32427095093971664, -0.40703355359850035], "(3, 45)": [0.0, 0.0, -0.40104399353383874, -0.3827098590577118], "(4, 45)": [0.0, 0.0, -0.3764746051087998, -0.47965947734969333], "(5, 45)": [0.0, -0.5387780325819043, -0.4744035124744377, -0.4246452500230713], "(6, 45)": [0.0, 0.0, -0.4246452500230713, -0.4246452500230713], "(5, 46)": [-0.5341192248302064, -0.6227633530764958, 0.0, 0.0], "(5, 47)": [-0.6189528818954503, 0.0, -0.5744098766113452, 0.0], "(4, 47)": [0.0, 0.0, -0.6033221935779748, -0.5701109864761063], "(3, 47)": [0.0, -0.5828791200667794, 0.0, -0.5993153470484593], "(3, 48)": [-0.5786657778452318, -0.6112160819257731, 0.0, 0.0], "(7, 45)": [0.0, 0.0, -0.4246452500230713, 0.0], "(3, 49)": [-0.6072889716421951, 0.0, 0.0, -0.5993153470484593], "(4, 49)": [0.0, 0.0, -0.595268027321676, -0.5993153470484593], "(5, 49)": [0.0, 0.0, -0.595268027321676, -0.6265357195457308], "(6, 49)": [0.0, 0.0, -0.6227633530764958, -0.5569520183738272], "(7, 49)": [-0.5870503288661116, 0.0, -0.5524767862361891, 0.0], "(7, 48)": [-0.595268027321676, -0.5828791200667794, 0.0, 0.0], "(7, 47)": [0.0, -0.5911798255774505, 0.0, -0.5657686732081881], "(8, 47)": [0.0, 0.0, -0.561382498190089, -0.5294133584143499], "(9, 47)": [0.0, -0.5911798255774505, -0.5246599579942928, 0.0], "(9, 48)": [-0.5870503288661116, -0.5294133584143499, 0.0, 0.0], "(9, 49)": [-0.5246599579942928, 0.0, 0.0, -0.5051613403997928], "(10, 49)": [0.0, 0.0, -0.5001629701008008, -0.47965947734969333], "(11, 49)": [-0.45284335760923855, 0.0, -0.4744035124744377, -0.4360948095476122], "(12, 49)": [0.0, 0.0, -0.4360948095476122, -0.5198585434285785], "(13, 49)": [0.0, 0.0, -0.5198585434285785, -0.6483907934419777], "(14, 49)": [0.0, 0.0, -0.6483907934419777, -0.6755544701365742], "(15, 49)": [-0.6689669116789861, 0.0, -0.6755544701365742, 0.0], "(15, 48)": [-0.6339676587267709, -0.6689669116789861, 0.0, 0.0], "(11, 48)": [-0.4637317747928147, -0.4473165228376147, 0.0, 0.0], "(15, 47)": [-0.7006196086876686, -0.6339676587267709, 0.0, 0.0], "(15, 46)": [-0.6883389185508574, -0.7006196086876686, 0.0, 0.0], "(15, 45)": [0.0, -0.6883389185508574, 0.0, -0.6588339384859575], "(16, 45)": [0.0, 0.0, -0.6588339384859575, -0.6189528818954503], "(17, 45)": [0.0, -0.6689669116789861, -0.6189528818954503, 0.0], "(17, 46)": [-0.6689669116789861, -0.7209579114149409, 0.0, 0.0], "(17, 47)": [-0.7209579114149409, 0.0, 0.0, -0.7399145386222737], "(18, 47)": [0.0, 0.0, -0.7399145386222737, -0.7551347009650703], "(19, 47)": [0.0, -0.7763113260213522, -0.7551347009650703, 0.0], "(19, 48)": [-0.7763113260213522, -0.7372874127497715, 0.0, 0.0], "(19, 49)": [-0.7372874127497715, 0.0, -0.7209579114149409, 0.0], "(18, 49)": [0.0, 0.0, -0.6227633530764958, -0.7209579114149409], "(17, 49)": [0.0, 0.0, 0.0, -0.6227633530764958], "(11, 47)": [0.0, -0.45831492403314616, 0.0, -0.3443407794258561], "(12, 47)": [0.0, 0.0, -0.33771795901601626, -0.26029962661171957], "(13, 47)": [-0.23765728565289626, 0.0, -0.25282790566840363, 0.0], "(13, 46)": [-0.21432185919278104, -0.2299568541948447, 0.0, 0.0], "(13, 45)": [-0.2452807127963673, -0.20638571635634448, -0.26029962661171957, 0.0], "(13, 44)": [-0.3764746051087998, -0.23765728565289626, 0.0, 0.0], "(12, 45)": [0.0, 0.0, -0.31744540498961277, -0.26029962661171957], "(13, 43)": [0.0, -0.3701763687967675, -0.3888827604671347, 0.0], "(12, 43)": [0.0, 0.0, -0.4188335858818902, -0.3888827604671347], "(11, 43)": [0.0, 0.0, 0.0, -0.4188335858818902], "(11, 45)": [0.0, 0.0, -0.3764746051087998, -0.31744540498961277], "(10, 45)": [0.0, 0.0, -0.40104399353383874, -0.3764746051087998], "(9, 45)": [-0.31744540498961277, 0.0, 0.0, -0.40104399353383874], "(9, 44)": [-0.25282790566840363, -0.31744540498961277, 0.0, 0.0], "(9, 43)": [0.0, -0.25282790566840363, -0.27501966404214634, 0.0], "(8, 43)": [0.0, 0.0, -0.19027213177874144, -0.27501966404214634], "(7, 43)": [-0.14854222890512436, 0.0, 0.0, -0.19027213177874144], "(7, 42)": [-0.27501966404214634, -0.14854222890512436, 0.0, 0.0], "(7, 41)": [0.0, -0.27501966404214634, 0.0, -0.19836941046095402], "(8, 41)": [0.0, 0.0, -0.19836941046095402, -0.20638571635634448], "(9, 41)": [0.0, 0.0, -0.20638571635634448, -0.14854222890512436], "(10, 41)": [0.0, 0.0, -0.14854222890512436, -0.13994164535871148], "(11, 41)": [-0.058519850599, 0.0, -0.13994164535871148, 0.0], "(11, 40)": [-0.17383137616441327, -0.058519850599, 0.0, 0.0], "(11, 39)": [0.0, -0.17383137616441327, -0.15705680661607313, 0.0], "(10, 39)": [0.0, 0.0, -0.15705680661607313, -0.15705680661607313], "(9, 39)": [-0.0864827525163591, 0.0, 0.0, -0.15705680661607313], "(9, 38)": [-0.11361512828387071, -0.0864827525163591, 0.0, 0.0], "(9, 37)": [-0.19027213177874144, -0.11361512828387071, 0.0, 0.0], "(9, 36)": [-0.13994164535871148, -0.19027213177874144, 0.0, 0.0], "(9, 35)": [-0.13994164535871148, -0.13994164535871148, 0.0, 0.0], "(9, 34)": [-0.07725530557207991, -0.13994164535871148, 0.0, 0.0], "(9, 33)": [0.0, -0.07725530557207991, 0.0, -0.0490099501], "(10, 33)": [0.0, 0.0, -0.0490099501, -0.0199], "(11, 33)": [-0.029701, 0.0, -0.0199, 0.0], "(11, 32)": [-0.01, -0.029701, 0.0, 0.0], "(11, 31)": [0.0, -0.01, 0.0, 0.0]}