{"(99, 49)": [0.0, 0.0, -0.07725530557207991, 0.0], "(98, 49)": [0.0, 0.0, -0.09561792499119551, -0.058519850599], "(97, 49)": [0.0, 0.0, -0.1654862385499124, -0.07725530557207991], "(96, 49)": [0.0, 0.0, -0.0864827525163591, -0.15705680661607313], "(95, 49)": [0.0, 0.0, -0.12247897700103201, -0.07725530557207991], "(94, 49)": [0.0, 0.0, -0.058519850599, -0.11361512828387071], "(93, 49)": [0.0, 0.0, 0.0, -0.0490099501]}