{"(99, 1)": [0.0, -0.06793465209301, -0.03940399, 0.0], "(98, 1)": [0.0, 0.0, -0.07725530557207991, -0.029701], "(97, 1)": [0.0, -0.11361512828387071, 0.0, -0.06793465209301], "(97, 2)": [-0.11361512828387071, -0.06793465209301, 0.0, 0.0], "(97, 3)": [-0.06793465209301, 0.0, 0.0, 0.0], "(99, 2)": [-0.058519850599, -0.06793465209301, 0.0, 0.0], "(99, 3)": [-0.058519850599, -0.10466174574128355, 0.0, 0.0], "(99, 4)": [-0.10466174574128355, -0.058519850599, 0.0, 0.0], "(99, 5)": [-0.058519850599, 0.0, 0.0, 0.0]}