{"(99, 49)": [-0.22217864060085324, 0.0, 0.0, 0.0], "(99, 48)": [-0.14854222890512436, -0.21432185919278104, 0.0, 0.0], "(99, 47)": [0.0, -0.13994164535871148, -0.14854222890512436, 0.0], "(98, 47)": [0.0, 0.0, -0.01, -0.13994164535871148], "(97, 47)": [-0.0199, -0.0199, 0.0, 0.0], "(97, 48)": [-0.0199, 0.0, 0.0, 0.0], "(97, 46)": [0.0, -0.0199, 0.0, 0.0]}