{"(99, 1)": [0.0, -0.8632999950434018, -0.8260101715237358, 0.0], "(98, 1)": [0.0, 0.0, -0.3573883979152816, -0.26029962661171957], "(97, 1)": [0.0, 0.0, -0.3701763687967675, -0.3573883979152816], "(96, 1)": [0.0, 0.0, -0.29655230500043056, -0.3701763687967675], "(95, 1)": [0.0, 0.0, 0.0, -0.29655230500043056], "(99, 2)": [-0.28944677272770764, -0.3638145139361288, 0.0, 0.0], "(99, 3)": [-0.3573883979152816, -0.40703355359850035, -0.3701763687967675, 0.0], "(98, 3)": [0.0, 0.0, -0.33102824143031945, -0.3701763687967675], "(99, 4)": [-0.40104399353383874, -0.4473165228376147, 0.0, 0.0], "(99, 5)": [-0.44173386145213606, 0.0, -0.39499393286246337, 0.0], "(98, 5)": [0.0, 0.0, -0.3888827604671347, -0.3888827604671347], "(97, 5)": [0.0, 0.0, -0.3888827604671347, -0.3827098590577118], "(96, 5)": [0.0, 0.0, -0.3888827604671347, -0.3827098590577118], "(95, 5)": [0.0, -0.40104399353383874, 0.0, -0.3827098590577118], "(95, 6)": [-0.39499393286246337, -0.3638145139361288, 0.0, 0.0], "(95, 7)": [-0.3573883979152816, 0.0, 0.0, -0.25282790566840363], "(96, 7)": [0.0, 0.0, -0.2452807127963673, -0.28944677272770764], "(97, 7)": [0.0, -0.29655230500043056, -0.28226946740172487, 0.0], "(97, 8)": [-0.28944677272770764, -0.3573883979152816, 0.0, 0.0], "(97, 9)": [-0.35089737163159757, 0.0, 0.0, -0.40104399353383874], "(98, 9)": [0.0, 0.0, -0.39499393286246337, -0.3638145139361288], "(99, 9)": [-0.32427095093971664, 0.0, -0.3573883979152816, 0.0], "(99, 8)": [-0.26029962661171957, -0.31744540498961277, 0.0, 0.0], "(99, 7)": [0.0, -0.25282790566840363, 0.0, 0.0], "(97, 3)": [0.0, 0.0, -0.35089737163159757, -0.33102824143031945], "(96, 3)": [0.0, 0.0, -0.30358678195042627, -0.35089737163159757], "(95, 3)": [0.0, 0.0, -0.33771795901601626, -0.30358678195042627], "(94, 3)": [0.0, 0.0, -0.32427095093971664, -0.33771795901601626], "(93, 3)": [-0.3827098590577118, 0.0, -0.19027213177874144, -0.32427095093971664], "(92, 3)": [0.0, 0.0, -0.22217864060085324, -0.19027213177874144], "(93, 2)": [-0.5294133584143499, -0.3827098590577118, 0.0, 0.0], "(93, 1)": [0.0, -0.5294133584143499, -0.5150086297258368, 0.0], "(92, 1)": [0.0, 0.0, -0.5341192248302064, -0.5150086297258368], "(91, 1)": [0.0, 0.0, -0.5786657778452318, -0.5341192248302064], "(90, 1)": [0.0, 0.0, -0.6483907934419777, -0.5786657778452318], "(89, 1)": [0.0, -0.6588339384859575, 0.0, -0.6483907934419777], "(89, 2)": [-0.6588339384859575, -0.5786657778452318, 0.0, 0.0], "(89, 3)": [-0.5786657778452318, 0.0, -0.5993153470484593, 0.0], "(88, 3)": [0.0, 0.0, -0.561382498190089, -0.5993153470484593], "(87, 3)": [0.0, -0.5198585434285785, 0.0, -0.561382498190089], "(87, 4)": [-0.5198585434285785, -0.4246452500230713, 0.0, 0.0], "(91, 3)": [0.0, 0.0, 0.0, -0.22217864060085324], "(87, 5)": [-0.4246452500230713, -0.45831492403314616, 0.0, 0.0], "(87, 6)": [-0.45831492403314616, -0.45284335760923855, 0.0, 0.0], "(87, 7)": [-0.45284335760923855, -0.561382498190089, 0.0, 0.0], "(87, 8)": [-0.561382498190089, -0.5786657778452318, 0.0, 0.0], "(87, 9)": [-0.5786657778452318, -0.5744098766113452, 0.0, 0.0], "(87, 10)": [-0.5744098766113452, -0.5786657778452318, 0.0, 0.0], "(87, 11)": [-0.5786657778452318, 0.0, -0.5341192248302064, 0.0], "(86, 11)": [0.0, 0.0, -0.5198585434285785, -0.5341192248302064], "(85, 11)": [-0.4246452500230713, 0.0, 0.0, -0.5198585434285785], "(85, 10)": [-0.29655230500043056, -0.4246452500230713, 0.0, 0.0], "(85, 9)": [-0.25282790566840363, -0.29655230500043056, 0.0, 0.0], "(85, 8)": [-0.1654862385499124, -0.25282790566840363, 0.0, 0.0], "(85, 7)": [-0.09561792499119551, -0.1654862385499124, 0.0, 0.0], "(85, 6)": [-0.058519850599, -0.09561792499119551, 0.0, 0.0], "(85, 5)": [0.0, -0.058519850599, -0.0490099501, 0.0], "(84, 5)": [0.0, 0.0, -0.029701, -0.0490099501], "(83, 5)": [-0.0199, 0.0, 0.0, -0.029701], "(83, 4)": [-0.029701, -0.0199, 0.0, 0.0], "(83, 3)": [-0.029701, -0.029701, 0.0, -0.0199], "(84, 3)": [0.0, 0.0, -0.0199, -0.058519850599], "(85, 3)": [-0.029701, 0.0, -0.058519850599, 0.0], "(83, 2)": [-0.01, -0.029701, 0.0, 0.0], "(83, 1)": [0.0, -0.01, -0.01, 0.0], "(82, 1)": [0.0, 0.0, -0.0199, -0.01], "(81, 1)": [0.0, 0.0, 0.0, -0.0199], "(85, 2)": [-0.058519850599, -0.029701, 0.0, 0.0], "(85, 1)": [0.0, -0.058519850599, 0.0, -0.0864827525163591], "(86, 1)": [0.0, 0.0, -0.0864827525163591, -0.0864827525163591], "(87, 1)": [0.0, 0.0, -0.0864827525163591, 0.0]}