{"(99, 1)": [0.0, 0.0, -0.937581445220176, 0.0], "(98, 1)": [0.0, 0.0, -0.7095115056900362, -0.7372874127497715], "(97, 1)": [0.0, -0.6412517023181081, 0.0, -0.706577278474784], "(97, 2)": [-0.6376279821395031, -0.6820109361808564, 0.0, 0.0], "(97, 3)": [-0.6787989254352085, 0.0, 0.0, -0.6689669116789861], "(98, 3)": [0.0, 0.0, -0.665623143110087, -0.7095115056900362], "(99, 3)": [0.0, -0.6975955643309784, -0.706577278474784, 0.0], "(99, 4)": [-0.6945409740716953, -0.6914555293653488, 0.0, 0.0], "(99, 5)": [-0.6883389185508574, 0.0, -0.7209579114149409, 0.0], "(98, 5)": [0.0, 0.0, -0.6722772425621962, -0.7181393044595363], "(97, 5)": [0.0, -0.6339676587267709, 0.0, -0.6689669116789861], "(97, 6)": [-0.6302703623502736, -0.5246599579942928, 0.0, 0.0], "(97, 7)": [-0.5198585434285785, 0.0, -0.5101097269957948, 0.0], "(96, 7)": [0.0, 0.0, -0.5341192248302064, -0.5051613403997928], "(95, 7)": [0.0, 0.0, -0.5150086297258368, -0.5294133584143499], "(94, 7)": [0.0, 0.0, -0.4360948095476122, -0.5101097269957948], "(93, 7)": [0.0, -0.4246452500230713, -0.46909445704488656, -0.4303987975228406], "(92, 7)": [0.0, 0.0, -0.5051613403997928, -0.46909445704488656], "(91, 7)": [0.0, 0.0, -0.40703355359850035, -0.5051613403997928], "(90, 7)": [0.0, 0.0, -0.4188335858818902, -0.40703355359850035], "(93, 8)": [-0.4188335858818902, -0.33102824143031945, 0.0, 0.0], "(89, 7)": [0.0, 0.0, -0.29655230500043056, -0.4188335858818902], "(88, 7)": [0.0, 0.0, -0.21432185919278104, -0.29655230500043056], "(87, 7)": [0.0, -0.19836941046095402, 0.0, -0.21432185919278104], "(87, 8)": [-0.19836941046095402, -0.15705680661607313, 0.0, 0.0], "(87, 9)": [-0.15705680661607313, 0.0, -0.17383137616441327, 0.0], "(86, 9)": [0.0, 0.0, -0.13994164535871148, -0.17383137616441327], "(85, 9)": [0.0, -0.0490099501, 0.0, -0.13994164535871148], "(85, 10)": [-0.0490099501, -0.058519850599, 0.0, 0.0], "(85, 11)": [-0.058519850599, 0.0, -0.07725530557207991, 0.0], "(84, 11)": [0.0, 0.0, -0.03940399, -0.07725530557207991], "(83, 11)": [-0.01, 0.0, 0.0, -0.03940399], "(83, 10)": [-0.01, -0.01, 0.0, 0.0], "(83, 9)": [0.0, -0.01, -0.01, 0.0], "(82, 9)": [0.0, 0.0, -0.01, -0.01], "(81, 9)": [0.0, 0.0, 0.0, -0.01], "(93, 9)": [-0.32427095093971664, 0.0, -0.40104399353383874, 0.0], "(92, 9)": [0.0, 0.0, -0.3701763687967675, -0.39499393286246337], "(91, 9)": [0.0, 0.0, -0.31744540498961277, -0.3638145139361288], "(90, 9)": [0.0, 0.0, -0.32427095093971664, -0.310550914130922], "(89, 9)": [0.0, -0.32427095093971664, 0.0, -0.31744540498961277], "(89, 10)": [-0.31744540498961277, -0.28944677272770764, 0.0, 0.0], "(89, 11)": [-0.28226946740172487, 0.0, -0.17383137616441327, -0.2452807127963673], "(90, 11)": [0.0, 0.0, -0.2452807127963673, -0.21432185919278104], "(91, 11)": [0.0, 0.0, -0.21432185919278104, -0.2452807127963673], "(92, 11)": [0.0, 0.0, -0.2452807127963673, -0.21432185919278104], "(93, 11)": [0.0, 0.0, -0.21432185919278104, -0.19836941046095402], "(88, 11)": [0.0, 0.0, -0.1312541872310217, -0.1654862385499124], "(87, 11)": [0.0, -0.19836941046095402, 0.0, -0.12247897700103201], "(87, 12)": [-0.19027213177874144, -0.14854222890512436, 0.0, 0.0], "(87, 13)": [-0.13994164535871148, 0.0, -0.21432185919278104, 0.0], "(86, 13)": [0.0, 0.0, -0.18209306240276912, -0.20638571635634448], "(85, 13)": [0.0, 0.0, -0.13994164535871148, -0.17383137616441327], "(84, 13)": [0.0, 0.0, -0.12247897700103201, -0.1312541872310217], "(83, 13)": [0.0, -0.0864827525163591, 0.0, -0.11361512828387071], "(94, 11)": [0.0, 0.0, -0.19836941046095402, -0.17383137616441327], "(95, 11)": [-0.17383137616441327, -0.1312541872310217, -0.17383137616441327, 0.0], "(95, 10)": [-0.12247897700103201, -0.17383137616441327, 0.0, 0.0], "(83, 14)": [-0.07725530557207991, -0.11361512828387071, 0.0, 0.0], "(83, 15)": [-0.10466174574128355, -0.09561792499119551, 0.0, -0.10466174574128355], "(84, 15)": [0.0, 0.0, -0.10466174574128355, -0.07725530557207991], "(83, 16)": [-0.0864827525163591, -0.15705680661607313, 0.0, 0.0], "(83, 17)": [-0.14854222890512436, 0.0, 0.0, -0.0864827525163591], "(85, 15)": [0.0, 0.0, -0.07725530557207991, 0.0], "(84, 17)": [0.0, 0.0, -0.07725530557207991, -0.14854222890512436], "(85, 17)": [0.0, 0.0, -0.13994164535871148, -0.12247897700103201], "(86, 17)": [0.0, 0.0, -0.11361512828387071, -0.12247897700103201], "(87, 17)": [-0.10466174574128355, 0.0, -0.11361512828387071, 0.0], "(87, 16)": [-0.13994164535871148, -0.09561792499119551, 0.0, 0.0], "(87, 15)": [0.0, -0.1312541872310217, 0.0, -0.0490099501], "(88, 15)": [0.0, 0.0, -0.03940399, -0.09561792499119551], "(95, 12)": [-0.1312541872310217, -0.11361512828387071, 0.0, 0.0], "(95, 13)": [-0.11361512828387071, 0.0, 0.0, 0.0], "(95, 9)": [0.0, -0.12247897700103201, 0.0, -0.11361512828387071], "(96, 9)": [0.0, 0.0, -0.11361512828387071, -0.06793465209301], "(97, 9)": [0.0, 0.0, -0.06793465209301, 0.0], "(89, 15)": [-0.09561792499119551, 0.0, -0.0864827525163591, 0.0], "(89, 14)": [-0.0864827525163591, -0.0864827525163591, 0.0, 0.0], "(89, 13)": [0.0, -0.07725530557207991, 0.0, -0.14854222890512436], "(90, 13)": [0.0, 0.0, -0.13994164535871148, -0.1312541872310217], "(91, 13)": [0.0, 0.0, -0.12247897700103201, -0.06793465209301], "(92, 13)": [0.0, 0.0, -0.058519850599, -0.0199], "(93, 13)": [0.0, -0.029701, -0.01, 0.0], "(93, 14)": [-0.0199, -0.0199, 0.0, 0.0], "(93, 15)": [-0.01, 0.0, 0.0, -0.0490099501], "(94, 15)": [0.0, 0.0, -0.03940399, -0.03940399], "(95, 15)": [0.0, -0.029701, -0.029701, 0.0], "(95, 16)": [-0.0199, -0.06793465209301, 0.0, 0.0], "(95, 17)": [-0.058519850599, 0.0, -0.06793465209301, 0.0], "(94, 17)": [0.0, 0.0, -0.06793465209301, -0.058519850599], "(93, 17)": [0.0, 0.0, -0.0864827525163591, -0.058519850599], "(92, 17)": [0.0, 0.0, -0.06793465209301, -0.07725530557207991], "(91, 17)": [-0.029701, 0.0, -0.0490099501, -0.058519850599], "(90, 17)": [0.0, 0.0, -0.029701, -0.03940399], "(89, 17)": [0.0, -0.01, 0.0, -0.0199], "(91, 16)": [0.0, -0.029701, 0.0, 0.0], "(89, 18)": [0.0, -0.01, 0.0, 0.0], "(89, 19)": [0.0, 0.0, 0.0, -0.01], "(90, 19)": [0.0, 0.0, 0.0, -0.0199], "(91, 19)": [0.0, 0.0, -0.01, -0.0490099501], "(92, 19)": [0.0, 0.0, -0.03940399, -0.03940399], "(93, 19)": [0.0, -0.029701, -0.029701, 0.0], "(93, 20)": [-0.029701, 0.0, 0.0, 0.0]}