{"(99, 49)": [-0.0864827525163591, 0.0, 0.0, 0.0], "(99, 48)": [-0.09561792499119551, -0.06793465209301, 0.0, 0.0], "(99, 47)": [-0.0864827525163591, -0.07725530557207991, 0.0, 0.0], "(99, 46)": [-0.10466174574128355, -0.06793465209301, 0.0, 0.0], "(99, 45)": [-0.10466174574128355, -0.0864827525163591, 0.0, 0.0], "(99, 44)": [-0.12247897700103201, -0.09561792499119551, 0.0, 0.0], "(99, 43)": [0.0, -0.11361512828387071, -0.01, 0.0], "(98, 43)": [0.0, 0.0, -0.01, -0.01], "(97, 43)": [0.0, 0.0, 0.0, -0.01]}