{"(1, 1)": [0.0, -0.13994164535871148, 0.0, 0.0], "(1, 2)": [-0.12247897700103201, -0.0864827525163591, 0.0, 0.0], "(1, 3)": [-0.06793465209301, 0.0, 0.0, -0.03940399], "(2, 3)": [0.0, 0.0, -0.0199, -0.03940399], "(3, 3)": [-0.03940399, 0.0, -0.0199, 0.0], "(3, 2)": [-0.03940399, -0.0199, 0.0, 0.0], "(3, 1)": [0.0, -0.0199, 0.0, -0.03940399], "(4, 1)": [0.0, 0.0, -0.0199, -0.0199], "(5, 1)": [0.0, -0.0199, 0.0, 0.0], "(5, 2)": [0.0, -0.03940399, 0.0, 0.0], "(5, 3)": [-0.0199, -0.029701, 0.0, -0.0490099501], "(6, 3)": [0.0, 0.0, -0.03940399, -0.029701], "(7, 3)": [0.0, -0.0199, -0.0199, 0.0], "(5, 4)": [-0.029701, -0.01, 0.0, 0.0], "(5, 5)": [-0.01, -0.029701, 0.0, 0.0], "(5, 6)": [-0.029701, -0.01, 0.0, 0.0], "(5, 7)": [-0.01, -0.01, 0.0, 0.0], "(5, 8)": [-0.01, 0.0, 0.0, 0.0], "(7, 4)": [-0.01, -0.01, 0.0, 0.0], "(7, 5)": [0.0, 0.0, 0.0, 0.0]}