{"(1, 1)": [0.0, -0.03940399, 0.0, -0.01], "(1, 2)": [-0.029701, -0.01, 0.0, 0.0], "(2, 1)": [0.0, 0.0, -0.01, -0.01], "(3, 1)": [0.0, 0.0, -0.01, 0.0], "(1, 3)": [0.0, 0.0, 0.0, -0.01], "(2, 3)": [0.0, 0.0, 0.0, -0.0199], "(3, 3)": [0.0, -0.0199, -0.01, 0.0], "(3, 4)": [-0.01, -0.01, 0.0, 0.0], "(3, 5)": [0.0, 0.0, -0.0199, 0.0], "(2, 5)": [0.0, 0.0, -0.03940399, -0.01], "(1, 5)": [0.0, -0.03940399, 0.0, -0.029701], "(1, 6)": [-0.029701, -0.0199, 0.0, 0.0], "(1, 7)": [-0.01, -0.0199, 0.0, 0.0], "(1, 8)": [-0.01, -0.029701, 0.0, 0.0], "(1, 9)": [-0.0199, 0.0, 0.0, -0.01], "(2, 9)": [0.0, 0.0, -0.01, -0.0199], "(3, 9)": [-0.029701, 0.0, -0.0199, 0.0], "(3, 8)": [0.0, -0.029701, 0.0, 0.0]}