{"(99, 49)": [-0.14854222890512436, 0.0, 0.0, 0.0], "(99, 48)": [-0.09561792499119551, -0.14854222890512436, 0.0, 0.0], "(99, 47)": [0.0, -0.09561792499119551, -0.03940399, 0.0], "(98, 47)": [0.0, 0.0, 0.0, -0.03940399]}