{"(99, 49)": [-0.14854222890512436, 0.0, 0.0, 0.0], "(99, 48)": [-0.11361512828387071, -0.1312541872310217, 0.0, 0.0], "(99, 47)": [-0.06793465209301, -0.09561792499119551, 0.0, 0.0], "(99, 46)": [-0.03940399, -0.0490099501, 0.0, 0.0], "(99, 45)": [-0.058519850599, -0.0199, 0.0, 0.0], "(99, 44)": [-0.058519850599, -0.03940399, 0.0, 0.0], "(99, 43)": [-0.0490099501, -0.03940399, 0.0, 0.0], "(99, 42)": [-0.03940399, -0.029701, 0.0, 0.0], "(99, 41)": [-0.029701, -0.0199, 0.0, 0.0], "(99, 40)": [-0.01, -0.0199, 0.0, 0.0], "(99, 39)": [0.0, 0.0, -0.01, 0.0], "(98, 39)": [0.0, 0.0, -0.01, 0.0], "(97, 39)": [-0.01, 0.0, 0.0, 0.0], "(97, 38)": [-0.03940399, 0.0, 0.0, 0.0], "(97, 37)": [0.0, -0.029701, 0.0, 0.0]}