{"(99, 1)": [0.0, -0.0490099501, -0.0199, 0.0], "(98, 1)": [0.0, 0.0, 0.0, -0.0199], "(99, 2)": [-0.03940399, -0.07725530557207991, 0.0, 0.0], "(99, 3)": [-0.06793465209301, -0.01, 0.0, 0.0], "(99, 4)": [0.0, -0.029701, 0.0, 0.0], "(99, 5)": [-0.0199, -0.01, 0.0, 0.0], "(99, 6)": [0.0, -0.01, 0.0, 0.0], "(99, 7)": [0.0, 0.0, -0.01, 0.0], "(98, 7)": [0.0, 0.0, -0.01, 0.0], "(97, 7)": [-0.01, 0.0, 0.0, 0.0], "(97, 6)": [-0.029701, 0.0, 0.0, 0.0], "(97, 5)": [0.0, -0.0199, -0.0490099501, 0.0], "(96, 5)": [0.0, 0.0, -0.01, -0.03940399], "(95, 5)": [0.0, -0.0199, 0.0, 0.0], "(95, 6)": [-0.01, -0.0199, 0.0, 0.0], "(95, 7)": [-0.01, 0.0, 0.0, 0.0]}