{"(1, 49)": [-0.06793465209301, 0.0, 0.0, -0.0490099501], "(2, 49)": [0.0, 0.0, -0.0490099501, 0.0], "(1, 48)": [-0.10466174574128355, -0.058519850599, 0.0, 0.0], "(1, 47)": [0.0, -0.09561792499119551, 0.0, -0.06793465209301], "(2, 47)": [0.0, 0.0, -0.058519850599, -0.0199], "(3, 47)": [0.0, 0.0, -0.01, 0.0]}