{"(99, 49)": [-0.0490099501, 0.0, 0.0, 0.0], "(99, 48)": [-0.0490099501, -0.03940399, 0.0, 0.0], "(99, 47)": [-0.0490099501, -0.03940399, 0.0, 0.0], "(99, 46)": [-0.058519850599, -0.03940399, 0.0, 0.0], "(99, 45)": [-0.058519850599, -0.0490099501, 0.0, 0.0], "(99, 44)": [-0.0490099501, -0.058519850599, 0.0, 0.0], "(99, 43)": [0.0, -0.0490099501, 0.0, 0.0]}