{"(1, 49)": [0.0, 0.0, 0.0, -0.058519850599], "(2, 49)": [0.0, 0.0, -0.03940399, -0.0490099501], "(3, 49)": [-0.06793465209301, 0.0, -0.029701, -0.07725530557207991], "(3, 48)": [-0.07725530557207991, -0.058519850599, 0.0, 0.0], "(3, 47)": [0.0, -0.06793465209301, -0.0490099501, 0.0], "(4, 49)": [0.0, 0.0, -0.07725530557207991, -0.06793465209301], "(5, 49)": [0.0, 0.0, -0.06793465209301, -0.06793465209301], "(6, 49)": [0.0, 0.0, -0.06793465209301, -0.06793465209301], "(7, 49)": [0.0, 0.0, -0.06793465209301, 0.0], "(2, 47)": [0.0, 0.0, -0.03940399, -0.03940399], "(1, 47)": [0.0, 0.0, 0.0, -0.029701]}