{"(1, 1)": [0.0, 0.0, 0.0, -0.0199], "(2, 1)": [0.0, 0.0, -0.01, -0.0199], "(3, 1)": [0.0, 0.0, -0.01, -0.01], "(4, 1)": [0.0, 0.0, 0.0, -0.01], "(5, 1)": [0.0, 0.0, 0.0, -0.01], "(6, 1)": [0.0, 0.0, 0.0, -0.01], "(7, 1)": [0.0, 0.0, 0.0, -0.01], "(8, 1)": [0.0, 0.0, 0.0, -0.01], "(9, 1)": [0.0, -0.01, 0.0, 0.0], "(9, 2)": [0.0, -0.01, 0.0, 0.0], "(9, 3)": [0.0, 0.0, -0.06793465209301, 0.0], "(8, 3)": [0.0, 0.0, -0.0864827525163591, -0.058519850599], "(7, 3)": [0.0, -0.0199, 0.0, -0.07725530557207991], "(7, 4)": [-0.01, -0.03940399, 0.0, 0.0], "(7, 5)": [-0.029701, 0.0, 0.0, -0.01], "(8, 5)": [0.0, 0.0, 0.0, -0.01], "(9, 5)": [0.0, -0.01, 0.0, 0.0], "(9, 6)": [0.0, -0.01, 0.0, 0.0], "(9, 7)": [0.0, 0.0, 0.0, -0.01], "(10, 7)": [0.0, 0.0, 0.0, -0.01], "(11, 7)": [0.0, 0.0, 0.0, 0.0]}