{"(99, 49)": [-0.10466174574128355, 0.0, -0.10466174574128355, 0.0], "(98, 49)": [0.0, 0.0, -0.06793465209301, -0.10466174574128355], "(97, 49)": [0.0, 0.0, 0.0, -0.06793465209301], "(99, 48)": [-0.12247897700103201, -0.0864827525163591, 0.0, 0.0], "(99, 47)": [0.0, -0.10466174574128355, -0.09561792499119551, 0.0], "(98, 47)": [0.0, 0.0, -0.058519850599, -0.0864827525163591], "(97, 47)": [-0.0490099501, 0.0, 0.0, -0.0490099501], "(97, 46)": [0.0, -0.0490099501, 0.0, 0.0]}