{"(99, 1)": [0.0, 0.0, -0.01, 0.0], "(98, 1)": [0.0, 0.0, -0.01, 0.0], "(97, 1)": [0.0, -0.01, -0.01, 0.0], "(96, 1)": [0.0, 0.0, -0.01, -0.01], "(95, 1)": [0.0, 0.0, -0.03940399, -0.01], "(94, 1)": [0.0, 0.0, -0.03940399, -0.03940399], "(93, 1)": [0.0, 0.0, -0.029701, -0.03940399], "(92, 1)": [0.0, 0.0, -0.0199, -0.029701], "(91, 1)": [0.0, 0.0, -0.0199, -0.0199], "(90, 1)": [0.0, 0.0, -0.01, -0.0199], "(89, 1)": [0.0, -0.01, 0.0, -0.01], "(89, 2)": [-0.01, 0.0, 0.0, 0.0], "(97, 2)": [0.0, -0.0199, 0.0, 0.0], "(97, 3)": [-0.01, 0.0, -0.0199, 0.0], "(96, 3)": [0.0, 0.0, -0.029701, -0.01], "(95, 3)": [0.0, -0.0199, 0.0, -0.0199], "(95, 4)": [-0.0199, -0.0199, 0.0, 0.0], "(95, 5)": [-0.0199, 0.0, 0.0, 0.0]}