{"(1, 49)": [-0.9899788139383432, 0.0, 0.0, 0.0], "(1, 48)": [-0.1312541872310217, -0.0864827525163591, 0.0, 0.0], "(1, 47)": [-0.14854222890512436, -0.12247897700103201, 0.0, 0.0], "(1, 46)": [-0.14854222890512436, -0.13994164535871148, 0.0, 0.0], "(1, 45)": [-0.14854222890512436, -0.13994164535871148, 0.0, 0.0], "(1, 44)": [-0.09561792499119551, -0.13994164535871148, 0.0, 0.0], "(1, 43)": [0.0, -0.0864827525163591, 0.0, -0.09561792499119551], "(2, 43)": [0.0, 0.0, -0.0864827525163591, -0.07725530557207991], "(3, 43)": [-0.06793465209301, 0.0, -0.06793465209301, -0.058519850599], "(4, 43)": [0.0, 0.0, -0.058519850599, -0.06793465209301], "(3, 42)": [-0.03940399, -0.058519850599, 0.0, 0.0], "(3, 41)": [0.0, -0.029701, -0.029701, 0.0], "(5, 43)": [0.0, 0.0, -0.06793465209301, -0.07725530557207991], "(6, 43)": [0.0, 0.0, -0.07725530557207991, -0.1654862385499124], "(7, 43)": [0.0, -0.1312541872310217, -0.1654862385499124, 0.0], "(7, 44)": [-0.1312541872310217, -0.15705680661607313, 0.0, 0.0], "(7, 45)": [-0.15705680661607313, 0.0, 0.0, -0.12247897700103201], "(8, 45)": [0.0, 0.0, -0.12247897700103201, -0.0864827525163591], "(9, 45)": [0.0, 0.0, -0.0864827525163591, -0.15705680661607313], "(10, 45)": [0.0, 0.0, -0.15705680661607313, -0.1312541872310217], "(11, 45)": [0.0, 0.0, -0.1312541872310217, -0.09561792499119551], "(12, 45)": [0.0, 0.0, -0.09561792499119551, -0.12247897700103201], "(13, 45)": [0.0, -0.07725530557207991, -0.12247897700103201, 0.0], "(13, 46)": [-0.07725530557207991, -0.0490099501, 0.0, 0.0], "(13, 47)": [-0.0490099501, -0.01, 0.0, 0.0], "(13, 48)": [-0.01, -0.0490099501, 0.0, 0.0], "(13, 49)": [-0.0490099501, 0.0, -0.06793465209301, 0.0], "(12, 49)": [0.0, 0.0, -0.058519850599, -0.06793465209301], "(11, 49)": [-0.09561792499119551, 0.0, 0.0, -0.058519850599], "(11, 48)": [-0.10466174574128355, -0.09561792499119551, 0.0, 0.0], "(11, 47)": [0.0, -0.10466174574128355, -0.09561792499119551, 0.0], "(10, 47)": [0.0, 0.0, -0.11361512828387071, -0.09561792499119551], "(9, 47)": [0.0, 0.0, -0.07725530557207991, -0.11361512828387071], "(8, 47)": [0.0, 0.0, -0.11361512828387071, -0.07725530557207991], "(7, 47)": [0.0, 0.0, -0.0864827525163591, -0.11361512828387071], "(6, 47)": [0.0, 0.0, -0.06793465209301, -0.0864827525163591], "(5, 47)": [0.0, -0.01, 0.0, -0.06793465209301], "(5, 48)": [-0.01, 0.0, 0.0, 0.0], "(2, 41)": [0.0, 0.0, -0.029701, -0.0199], "(1, 41)": [-0.01, 0.0, 0.0, -0.0199], "(1, 40)": [-0.01, 0.0, 0.0, 0.0], "(1, 39)": [-0.03940399, 0.0, 0.0, 0.0], "(1, 38)": [-0.03940399, -0.029701, 0.0, 0.0], "(1, 37)": [-0.06793465209301, -0.029701, 0.0, 0.0], "(1, 36)": [-0.12247897700103201, -0.058519850599, 0.0, 0.0], "(1, 35)": [-0.17383137616441327, -0.11361512828387071, 0.0, 0.0], "(1, 34)": [-0.19027213177874144, -0.1654862385499124, 0.0, 0.0], "(1, 33)": [-0.10466174574128355, -0.18209306240276912, 0.0, 0.0], "(1, 32)": [-0.1312541872310217, -0.09561792499119551, 0.0, 0.0], "(1, 31)": [-0.12247897700103201, -0.12247897700103201, 0.0, 0.0], "(1, 30)": [-0.12247897700103201, -0.11361512828387071, 0.0, 0.0], "(1, 29)": [0.0, -0.11361512828387071, 0.0, -0.0490099501], "(2, 29)": [0.0, 0.0, -0.03940399, -0.07725530557207991], "(3, 29)": [0.0, 0.0, -0.06793465209301, -0.1312541872310217], "(4, 29)": [0.0, 0.0, -0.12247897700103201, -0.12247897700103201], "(5, 29)": [-0.20638571635634448, 0.0, -0.11361512828387071, 0.0], "(5, 28)": [-0.18209306240276912, -0.19836941046095402, 0.0, 0.0], "(5, 27)": [-0.20638571635634448, -0.17383137616441327, -0.1654862385499124, 0.0], "(4, 27)": [0.0, 0.0, -0.23765728565289626, -0.1654862385499124], "(3, 27)": [0.0, 0.0, -0.20638571635634448, -0.23765728565289626], "(2, 27)": [0.0, 0.0, -0.1654862385499124, -0.20638571635634448], "(5, 26)": [-0.3724143043111347, -0.19836941046095402, 0.0, 0.0], "(5, 25)": [-0.4303987975228406, -0.310550914130922, -0.3638145139361288, -0.45284335760923855], "(6, 25)": [0.0, 0.0, -0.5156676017656109, -0.4637317747928147], "(4, 25)": [0.0, 0.0, -0.3701763687967675, -0.42200155779455584], "(3, 25)": [0.0, 0.0, -0.4637317747928147, -0.3701763687967675], "(2, 25)": [0.0, 0.0, -0.46909445704488656, -0.4637317747928147], "(1, 25)": [-0.4303987975228406, 0.0, 0.0, -0.46909445704488656], "(1, 24)": [-0.3573883979152816, -0.4303987975228406, 0.0, 0.0], "(1, 23)": [0.0, -0.3573883979152816, 0.0, -0.4246452500230713], "(2, 23)": [0.0, 0.0, -0.4246452500230713, -0.40703355359850035], "(3, 23)": [-0.31744540498961277, 0.0, -0.40703355359850035, 0.0], "(3, 22)": [-0.33771795901601626, -0.31744540498961277, 0.0, 0.0], "(3, 21)": [0.0, -0.33771795901601626, -0.310550914130922, 0.0], "(2, 21)": [0.0, 0.0, -0.33771795901601626, -0.310550914130922], "(1, 21)": [-0.310550914130922, 0.0, 0.0, -0.33771795901601626], "(7, 25)": [-0.5246599579942928, 0.0, -0.45831492403314616, 0.0], "(7, 24)": [-0.49001425375043445, -0.5198585434285785, 0.0, 0.0], "(5, 24)": [-0.45284335760923855, -0.511379554861296, 0.0, 0.0], "(5, 23)": [0.0, -0.45284335760923855, 0.0, 0.0], "(7, 23)": [0.0, -0.4848628825761964, 0.0, -0.33771795901601626], "(8, 23)": [0.0, 0.0, -0.33102824143031945, -0.3888827604671347], "(9, 23)": [-0.33102824143031945, -0.32427095093971664, -0.3827098590577118, 0.0], "(9, 22)": [-0.33102824143031945, -0.32427095093971664, 0.0, 0.0], "(9, 24)": [-0.32427095093971664, -0.33771795901601626, 0.0, 0.0], "(9, 21)": [0.0, -0.32427095093971664, -0.33102824143031945, 0.0], "(1, 27)": [0.0, 0.0, 0.0, -0.1654862385499124], "(9, 25)": [-0.33771795901601626, -0.27501966404214634, 0.0, 0.0], "(9, 26)": [-0.27501966404214634, -0.2299568541948447, 0.0, 0.0], "(9, 27)": [-0.2299568541948447, 0.0, -0.22217864060085324, 0.0], "(8, 27)": [0.0, 0.0, -0.19027213177874144, -0.22217864060085324], "(7, 27)": [0.0, -0.10466174574128355, 0.0, -0.19027213177874144], "(7, 28)": [-0.10466174574128355, -0.09561792499119551, 0.0, 0.0], "(7, 29)": [-0.09561792499119551, 0.0, 0.0, -0.0490099501], "(8, 29)": [0.0, 0.0, -0.0490099501, -0.03940399], "(9, 29)": [0.0, 0.0, -0.03940399, 0.0], "(8, 21)": [0.0, 0.0, -0.3573883979152816, -0.32427095093971664], "(7, 21)": [-0.18209306240276912, 0.0, -0.28226946740172487, -0.35089737163159757], "(6, 21)": [0.0, 0.0, -0.2452807127963673, -0.28226946740172487], "(5, 21)": [-0.17383137616441327, 0.0, 0.0, -0.2452807127963673], "(5, 20)": [-0.22217864060085324, -0.17383137616441327, 0.0, 0.0], "(5, 19)": [0.0, -0.22217864060085324, -0.2452807127963673, 0.0], "(4, 19)": [0.0, 0.0, -0.28226946740172487, -0.2452807127963673], "(3, 19)": [-0.19836941046095402, 0.0, 0.0, -0.28226946740172487], "(7, 20)": [-0.19836941046095402, -0.17383137616441327, 0.0, 0.0], "(7, 19)": [0.0, -0.19027213177874144, 0.0, -0.19027213177874144], "(8, 19)": [0.0, 0.0, -0.18209306240276912, -0.23765728565289626], "(9, 19)": [0.0, 0.0, -0.2299568541948447, -0.28226946740172487], "(10, 19)": [0.0, 0.0, -0.27501966404214634, -0.2299568541948447], "(11, 19)": [-0.29655230500043056, 0.0, -0.22217864060085324, 0.0], "(3, 18)": [-0.25282790566840363, -0.19836941046095402, 0.0, 0.0], "(3, 17)": [0.0, -0.25282790566840363, -0.27501966404214634, 0.0], "(2, 17)": [0.0, 0.0, -0.19836941046095402, -0.27501966404214634], "(1, 17)": [-0.15705680661607313, 0.0, 0.0, -0.19836941046095402], "(1, 16)": [-0.14854222890512436, -0.15705680661607313, 0.0, 0.0], "(1, 15)": [-0.26769663034560237, -0.14854222890512436, 0.0, -0.2452807127963673], "(2, 15)": [0.0, 0.0, -0.2452807127963673, -0.25282790566840363], "(3, 15)": [0.0, 0.0, -0.25282790566840363, -0.23765728565289626], "(4, 15)": [0.0, 0.0, -0.23765728565289626, -0.19027213177874144], "(5, 15)": [0.0, -0.26769663034560237, -0.19027213177874144, 0.0], "(5, 16)": [-0.26769663034560237, -0.28226946740172487, 0.0, 0.0], "(5, 17)": [-0.28226946740172487, 0.0, 0.0, 0.0], "(1, 14)": [-0.28944677272770764, -0.26769663034560237, 0.0, 0.0], "(1, 13)": [-0.27501966404214634, -0.28944677272770764, 0.0, 0.0], "(1, 12)": [-0.26029962661171957, -0.27501966404214634, 0.0, 0.0],