{"(1, 49)": [0.0, 0.0, 0.0, -0.0490099501], "(2, 49)": [0.0, 0.0, -0.029701, -0.029701], "(3, 49)": [-0.03940399, 0.0, -0.01, 0.0], "(3, 48)": [-0.0490099501, -0.0199, 0.0, 0.0], "(3, 47)": [0.0, -0.029701, -0.0490099501, 0.0], "(2, 47)": [0.0, 0.0, -0.0199, -0.029701], "(1, 47)": [-0.0199, 0.0, 0.0, 0.0], "(1, 46)": [-0.0490099501, 0.0, 0.0, 0.0], "(1, 45)": [0.0, -0.029701, 0.0, -0.03940399], "(2, 45)": [0.0, 0.0, -0.0199, -0.03940399], "(3, 45)": [0.0, 0.0, -0.0199, -0.03940399], "(4, 45)": [0.0, 0.0, -0.0199, -0.03940399], "(5, 45)": [0.0, -0.029701, -0.0199, -0.0199], "(6, 45)": [0.0, 0.0, -0.01, -0.0199], "(5, 46)": [-0.0199, -0.03940399, 0.0, 0.0], "(5, 47)": [-0.029701, -0.0199, 0.0, 0.0], "(5, 48)": [-0.01, -0.0199, 0.0, 0.0], "(5, 49)": [-0.01, 0.0, 0.0, -0.0199], "(6, 49)": [0.0, 0.0, -0.0199, -0.01], "(7, 49)": [0.0, 0.0, -0.01, 0.0], "(7, 45)": [0.0, 0.0, -0.01, -0.0199], "(8, 45)": [0.0, 0.0, -0.01, -0.01], "(9, 45)": [0.0, -0.01, 0.0, 0.0], "(9, 46)": [-0.01, -0.01, 0.0, 0.0], "(9, 47)": [-0.01, 0.0, -0.029701, 0.0], "(8, 47)": [0.0, 0.0, -0.029701, -0.029701], "(7, 47)": [0.0, 0.0, 0.0, -0.029701]}