{"(1, 49)": [-0.01, 0.0, 0.0, -0.0490099501], "(1, 48)": [0.0, -0.01, 0.0, 0.0], "(2, 49)": [0.0, 0.0, -0.03940399, -0.09561792499119551], "(3, 49)": [-0.10466174574128355, 0.0, -0.0864827525163591, 0.0], "(3, 48)": [-0.03940399, -0.10466174574128355, 0.0, 0.0], "(3, 47)": [0.0, -0.03940399, 0.0, 0.0]}