{"(1, 1)": [0.0, -0.9337016772796147, 0.0, 0.0], "(1, 2)": [-0.0199, -0.029701, 0.0, 0.0], "(1, 3)": [-0.0199, -0.03940399, 0.0, -0.0490099501], "(2, 3)": [0.0, 0.0, -0.0490099501, -0.06793465209301], "(3, 3)": [-0.06793465209301, 0.0, -0.06793465209301, 0.0], "(3, 2)": [-0.0490099501, -0.06793465209301, 0.0, 0.0], "(3, 1)": [0.0, -0.0490099501, 0.0, -0.01], "(1, 4)": [-0.029701, -0.06793465209301, 0.0, 0.0], "(1, 5)": [-0.058519850599, -0.058519850599, 0.0, -0.0490099501], "(1, 6)": [-0.058519850599, -0.03940399, 0.0, 0.0], "(1, 7)": [-0.03940399, 0.0, 0.0, 0.0], "(4, 1)": [0.0, 0.0, -0.01, 0.0], "(2, 5)": [0.0, 0.0, -0.03940399, -0.0490099501], "(3, 5)": [0.0, -0.029701, -0.03940399, 0.0], "(3, 6)": [-0.0199, -0.0199, 0.0, 0.0], "(3, 7)": [-0.01, -0.0199, 0.0, 0.0], "(3, 8)": [-0.01, -0.0199, 0.0, 0.0], "(3, 9)": [-0.01, 0.0, -0.01, 0.0], "(2, 9)": [0.0, 0.0, -0.029701, 0.0], "(1, 9)": [0.0, -0.058519850599, 0.0, -0.0199], "(1, 10)": [-0.0490099501, -0.029701, 0.0, 0.0], "(1, 11)": [-0.0199, 0.0, 0.0, -0.03940399], "(2, 11)": [0.0, 0.0, -0.029701, -0.01], "(3, 11)": [0.0, 0.0, 0.0, -0.0199], "(4, 11)": [0.0, 0.0, -0.01, -0.029701], "(5, 11)": [0.0, -0.0490099501, -0.0199, 0.0], "(5, 12)": [-0.03940399, -0.058519850599, 0.0, 0.0], "(5, 13)": [-0.0490099501, 0.0, 0.0, -0.058519850599], "(6, 13)": [0.0, 0.0, -0.0490099501, -0.058519850599], "(7, 13)": [0.0, 0.0, -0.0490099501, -0.03940399], "(8, 13)": [0.0, 0.0, -0.029701, -0.029701], "(9, 13)": [0.0, -0.0199, -0.0199, -0.029701], "(10, 13)": [0.0, 0.0, -0.0199, -0.0199], "(11, 13)": [0.0, 0.0, -0.01, -0.0199], "(9, 14)": [-0.0199, -0.058519850599, 0.0, 0.0], "(9, 15)": [-0.058519850599, 0.0, -0.0490099501, 0.0], "(8, 15)": [0.0, 0.0, -0.19836941046095402, -0.0490099501], "(7, 15)": [0.0, 0.0, -0.14854222890512436, -0.19836941046095402], "(6, 15)": [0.0, 0.0, -0.10466174574128355, -0.14854222890512436], "(5, 15)": [0.0, 0.0, -0.10466174574128355, -0.10466174574128355], "(4, 15)": [0.0, 0.0, -0.06793465209301, -0.10466174574128355], "(3, 15)": [-0.15705680661607313, -0.13994164535871148, 0.0, -0.06793465209301], "(3, 16)": [-0.13994164535871148, -0.14854222890512436, 0.0, 0.0], "(3, 14)": [-0.1312541872310217, -0.15705680661607313, 0.0, 0.0], "(3, 13)": [0.0, -0.1312541872310217, -0.10466174574128355, 0.0], "(2, 13)": [0.0, 0.0, -0.06793465209301, -0.10466174574128355], "(1, 13)": [0.0, -0.1312541872310217, 0.0, -0.06793465209301], "(1, 14)": [-0.1312541872310217, -0.09561792499119551, 0.0, 0.0], "(1, 15)": [-0.09561792499119551, 0.0, 0.0, 0.0], "(3, 17)": [-0.14854222890512436, 0.0, -0.17383137616441327, 0.0], "(2, 17)": [0.0, 0.0, -0.23765728565289626, -0.17383137616441327], "(1, 17)": [0.0, -0.15705680661607313, 0.0, -0.23765728565289626], "(1, 18)": [-0.15705680661607313, -0.14854222890512436, 0.0, 0.0], "(1, 19)": [-0.14854222890512436, -0.12247897700103201, 0.0, -0.14854222890512436], "(2, 19)": [0.0, 0.0, -0.14854222890512436, -0.15705680661607313], "(1, 20)": [-0.12247897700103201, -0.09561792499119551, 0.0, 0.0], "(1, 21)": [-0.09561792499119551, -0.10466174574128355, 0.0, 0.0], "(1, 22)": [-0.10466174574128355, -0.13994164535871148, 0.0, 0.0], "(1, 23)": [-0.13994164535871148, -0.10466174574128355, 0.0, 0.0], "(1, 24)": [-0.10466174574128355, -0.06793465209301, 0.0, 0.0], "(1, 25)": [-0.06793465209301, 0.0, 0.0, -0.0864827525163591], "(2, 25)": [0.0, 0.0, -0.0864827525163591, -0.11361512828387071], "(3, 25)": [0.0, 0.0, -0.11361512828387071, -0.06793465209301], "(4, 25)": [0.0, 0.0, -0.06793465209301, -0.0864827525163591], "(5, 25)": [0.0, 0.0, -0.0864827525163591, -0.058519850599], "(6, 25)": [0.0, 0.0, -0.058519850599, -0.0490099501], "(7, 25)": [0.0, -0.0199, -0.0490099501, 0.0], "(7, 26)": [-0.0199, -0.0199, 0.0, 0.0], "(7, 27)": [-0.0199, 0.0, -0.0199, 0.0], "(6, 27)": [0.0, 0.0, 0.0, -0.0199], "(3, 19)": [0.0, -0.1312541872310217, -0.15705680661607313, 0.0], "(3, 20)": [-0.1312541872310217, -0.14854222890512436, 0.0, 0.0], "(3, 21)": [-0.14854222890512436, -0.14854222890512436, 0.0, 0.0], "(3, 22)": [-0.14854222890512436, -0.13994164535871148, 0.0, 0.0], "(3, 23)": [-0.13994164535871148, 0.0, 0.0, -0.058519850599], "(4, 23)": [0.0, 0.0, -0.058519850599, -0.058519850599], "(5, 23)": [0.0, 0.0, -0.058519850599, -0.06793465209301], "(6, 23)": [0.0, 0.0, -0.06793465209301, -0.10466174574128355], "(7, 23)": [0.0, 0.0, -0.10466174574128355, 0.0], "(12, 13)": [0.0, 0.0, -0.01, -0.01], "(13, 13)": [0.0, -0.01, 0.0, 0.0], "(13, 14)": [0.0, -0.01, 0.0, 0.0], "(13, 15)": [0.0, 0.0, -0.0199, -0.01], "(12, 15)": [0.0, 0.0, -0.029701, -0.01], "(11, 15)": [0.0, -0.029701, 0.0, -0.0199], "(11, 16)": [-0.0199, -0.03940399, 0.0, 0.0], "(11, 17)": [-0.029701, -0.07725530557207991, 0.0, 0.0], "(11, 18)": [-0.06793465209301, -0.0864827525163591, 0.0, 0.0], "(11, 19)": [-0.07725530557207991, 0.0, 0.0, -0.06793465209301], "(12, 19)": [0.0, 0.0, -0.058519850599, -0.06793465209301], "(13, 19)": [0.0, -0.0864827525163591, -0.058519850599, 0.0], "(14, 15)": [0.0, 0.0, -0.01, -0.029701], "(15, 15)": [0.0, 0.0, -0.029701, 0.0], "(13, 20)": [-0.07725530557207991, -0.07725530557207991, 0.0, 0.0], "(13, 21)": [-0.06793465209301, 0.0, -0.0199, -0.07725530557207991], "(12, 21)": [0.0, 0.0, -0.029701, -0.0199], "(14, 21)": [0.0, 0.0, -0.06793465209301, -0.058519850599], "(15, 21)": [-0.0199, -0.0199, -0.0490099501, 0.0], "(11, 21)": [0.0, -0.01, 0.0, -0.029701], "(11, 22)": [-0.01, 0.0, 0.0, 0.0], "(15, 20)": [0.0, -0.0199, 0.0, 0.0], "(15, 22)": [-0.01, -0.0490099501, 0.0, 0.0], "(15, 23)": [-0.03940399, 0.0, 0.0, -0.07725530557207991], "(16, 23)": [0.0, 0.0, -0.06793465209301, -0.11361512828387071], "(17, 23)": [0.0, -0.1312541872310217, -0.10466174574128355, 0.0], "(17, 24)": [-0.12247897700103201, -0.15705680661607313, 0.0, 0.0], "(17, 25)": [-0.14854222890512436, -0.19027213177874144, 0.0, 0.0], "(17, 26)": [-0.18209306240276912, -0.15705680661607313, 0.0, 0.0], "(17, 27)": [-0.14854222890512436, 0.0, 0.0, -0.0864827525163591], "(18, 27)": [0.0, 0.0, -0.07725530557207991, -0.06793465209301], "(19, 27)": [-0.06793465209301, 0.0, -0.058519850599, 0.0], "(19, 26)": [-0.06793465209301, -0.058519850599, 0.0, 0.0], "(19, 25)": [-0.0199, -0.058519850599, 0.0, -0.029701], "(19, 24)": [-0.0199, -0.0199, 0.0, 0.0], "(19, 23)": [-0.01, -0.0199, 0.0, 0.0], "(19, 22)": [-0.01, -0.01, 0.0, 0.0], "(19, 21)": [-0.01, -0.01, 0.0, 0.0], "(19, 20)": [0.0, -0.01, 0.0, 0.0], "(20, 25)": [0.0, 0.0, -0.0199, -0.03940399], "(21, 25)": [0.0, -0.03940399, -0.029701, 0.0], "(21, 26)": [-0.029701, -0.058519850599, 0.0, 0.0], "(21, 27)": [-0.0490099501, 0.0, 0.0, -0.15705680661607313], "(22, 27)": [0.0, 0.0, -0.14854222890512436, -0.0864827525163591], "(23, 27)": [-0.03940399, -0.10466174574128355, -0.07725530557207991, 0.0], "(23, 28)": [-0.09561792499119551, -0.1312541872310217, 0.0, 0.0], "(23, 29)": [-0.12247897700103201, 0.0, -0.21432185919278104, -0.0864827525163591], "(22, 29)": [0.0, 0.0, -0.2452807127963673, -0.21432185919278104], "(21, 29)": [0.0, 0.0, 0.0, -0.2452807127963673], "(23, 26)": [-0.0199, -0.03940399, 0.0, 0.0], "(24, 29)": [0.0, 0.0, -0.07725530557207991, -0.07725530557207991], "(25, 29)": [0.0, -0.10466174574128355, -0.06793465209301, 0.0], "(25, 30)": [-0.09561792499119551, -0.07725530557207991, 0.0, 0.0], "(25, 31)": [-0.06793465209301, -0.0864827525163591, 0.0, -0.07725530557207991], "(26, 31)": [0.0, 0.0, -0.07725530557207991, -0.13994164535871148], "(27, 31)": [0.0, 0.0, -0.13994164535871148, -0.07725530557207991], "(28, 31)": [0.0, 0.0, -0.07725530557207991, -0.06793465209301], "(29, 31)": [0.0, 0.0, -0.06793465209301, 0.0], "(25, 32)": [-0.07725530557207991, -0.09561792499119551, 0.0, 0.0], "(25, 33)": [-0.0864827525163591, 0.0, -0.058519850599, 0.0], "(24, 33)": [0.0, 0.0, -0.029701, -0.0490099501], "(23, 33)": [0.0, 0.0, -0.0199, -0.0199], "(23, 25)": [-0.0199, -0.0199, 0.0, 0.0], "(23, 24)": [-0.0199, -0.0199, 0.0, 0.0], "(23, 23)": [0.0, -0.0199, -0.03940399, 0.0],