{"(99, 1)": [0.0, -0.06793465209301, 0.0, 0.0], "(99, 2)": [-0.058519850599, -0.029701, 0.0, 0.0], "(99, 3)": [-0.0199, 0.0, -0.14854222890512436, 0.0], "(98, 3)": [0.0, 0.0, -0.0199, -0.14854222890512436], "(97, 3)": [-0.0199, -0.01, 0.0, -0.0199], "(97, 2)": [0.0, -0.0199, 0.0, 0.0], "(97, 4)": [-0.01, 0.0, 0.0, 0.0]}