{"(99, 1)": [0.0, -0.0864827525163591, -0.15705680661607313, 0.0], "(98, 1)": [0.0, 0.0, -0.029701, -0.15705680661607313], "(99, 2)": [-0.0864827525163591, -0.01, 0.0, 0.0], "(97, 1)": [0.0, 0.0, 0.0, -0.029701], "(99, 3)": [-0.01, 0.0, 0.0, 0.0]}