{"(99, 49)": [-0.0199, 0.0, -0.029701, 0.0], "(99, 48)": [-0.01, -0.01, 0.0, 0.0], "(98, 49)": [0.0, 0.0, -0.029701, -0.0199], "(97, 49)": [0.0, 0.0, -0.029701, -0.0199], "(96, 49)": [0.0, 0.0, -0.0199, -0.0199], "(95, 49)": [0.0, 0.0, -0.0490099501, -0.01], "(94, 49)": [0.0, 0.0, -0.0490099501, -0.03940399], "(93, 49)": [0.0, 0.0, -0.0490099501, -0.03940399], "(92, 49)": [0.0, 0.0, -0.03940399, -0.03940399], "(91, 49)": [0.0, 0.0, -0.03940399, -0.029701], "(90, 49)": [0.0, 0.0, -0.029701, -0.029701], "(89, 49)": [0.0, 0.0, -0.029701, -0.0199], "(88, 49)": [0.0, 0.0, -0.0199, -0.0199], "(87, 49)": [-0.03940399, 0.0, 0.0, -0.01], "(87, 48)": [-0.03940399, -0.03940399, 0.0, 0.0], "(87, 47)": [0.0, -0.03940399, 0.0, 0.0], "(99, 47)": [-0.01, 0.0, 0.0, 0.0], "(99, 46)": [-0.01, 0.0, 0.0, 0.0], "(99, 45)": [0.0, 0.0, -0.01, 0.0], "(98, 45)": [0.0, 0.0, -0.01, 0.0], "(97, 45)": [-0.01, 0.0, 0.0, 0.0], "(97, 44)": [-0.01, 0.0, 0.0, 0.0], "(97, 43)": [0.0, 0.0, 0.0, -0.01], "(98, 43)": [0.0, 0.0, 0.0, -0.01], "(99, 43)": [-0.01, 0.0, 0.0, 0.0], "(99, 42)": [-0.01, 0.0, 0.0, 0.0], "(99, 41)": [-0.01, 0.0, -0.01, 0.0], "(98, 41)": [0.0, 0.0, -0.01, -0.01], "(97, 41)": [0.0, 0.0, 0.0, -0.01], "(99, 40)": [-0.01, 0.0, 0.0, 0.0], "(99, 39)": [0.0, 0.0, -0.01, 0.0], "(98, 39)": [0.0, 0.0, -0.01, 0.0], "(97, 39)": [-0.01, 0.0, 0.0, 0.0], "(97, 38)": [-0.01, -0.01, 0.0, 0.0], "(97, 37)": [0.0, -0.01, 0.0, -0.01], "(98, 37)": [0.0, 0.0, -0.01, -0.01], "(99, 37)": [-0.01, 0.0, -0.01, 0.0], "(99, 36)": [0.0, -0.01, 0.0, 0.0]}