{"(1, 49)": [-0.1312541872310217, 0.0, 0.0, 0.0], "(1, 48)": [-0.10466174574128355, -0.12247897700103201, 0.0, 0.0], "(1, 47)": [0.0, -0.09561792499119551, 0.0, -0.058519850599], "(2, 47)": [0.0, 0.0, -0.058519850599, 0.0]}