{"(99, 49)": [-0.07725530557207991, 0.0, 0.0, 0.0], "(99, 48)": [-0.07725530557207991, -0.06793465209301, 0.0, 0.0], "(99, 47)": [-0.03940399, -0.06793465209301, 0.0, 0.0], "(99, 46)": [-0.029701, -0.029701, 0.0, 0.0], "(99, 45)": [-0.0199, -0.0199, 0.0, 0.0], "(99, 44)": [-0.0199, -0.01, 0.0, 0.0], "(99, 43)": [-0.0199, -0.01, 0.0, 0.0], "(99, 42)": [-0.029701, -0.01, 0.0, 0.0], "(99, 41)": [-0.0199, -0.0199, 0.0, 0.0], "(99, 40)": [0.0, -0.0199, 0.0, 0.0]}