{"(99, 49)": [-0.01, 0.0, 0.0, 0.0], "(99, 48)": [-0.0199, 0.0, 0.0, 0.0], "(99, 47)": [-0.0199, -0.01, 0.0, 0.0], "(99, 46)": [-0.029701, -0.01, 0.0, 0.0], "(99, 45)": [-0.0199, -0.0199, -0.0199, 0.0], "(99, 44)": [-0.0199, -0.0199, 0.0, 0.0], "(99, 43)": [0.0, -0.0199, 0.0, 0.0], "(98, 45)": [0.0, 0.0, -0.0199, -0.01], "(97, 45)": [-0.0199, -0.029701, 0.0, -0.01], "(97, 44)": [-0.029701, -0.01, 0.0, 0.0], "(97, 43)": [0.0, -0.0199, -0.0199, 0.0], "(97, 46)": [-0.029701, -0.0199, 0.0, 0.0], "(97, 47)": [-0.0199, 0.0, 0.0, 0.0], "(96, 43)": [0.0, 0.0, -0.0199, -0.0199], "(95, 43)": [0.0, 0.0, -0.0199, -0.0199], "(94, 43)": [0.0, 0.0, -0.0199, -0.0199], "(93, 43)": [0.0, 0.0, 0.0, -0.0199]}