{"(99, 1)": [0.0, -0.20638571635634448, -0.28226946740172487, 0.0], "(98, 1)": [0.0, 0.0, -0.029701, -0.28226946740172487], "(99, 2)": [-0.20638571635634448, -0.01, 0.0, 0.0], "(97, 1)": [0.0, 0.0, 0.0, -0.029701], "(99, 3)": [-0.01, 0.0, 0.0, 0.0]}