{"(1, 49)": [-0.8881921175764228, 0.0, 0.0, -0.9085515572877007], "(2, 49)": [0.0, 0.0, -0.45284335760923855, -0.3888827604671347], "(3, 49)": [-0.4246452500230713, 0.0, -0.3888827604671347, 0.0], "(1, 48)": [-0.45284335760923855, -0.46909445704488656, 0.0, 0.0], "(1, 47)": [-0.4637317747928147, -0.4473165228376147, 0.0, 0.0], "(1, 46)": [-0.4848628825761964, -0.45831492403314616, 0.0, 0.0], "(1, 45)": [-0.45284335760923855, -0.47965947734969333, 0.0, -0.4360948095476122], "(1, 44)": [-0.5294133584143499, -0.4473165228376147, 0.0, 0.0], "(1, 43)": [-0.5198585434285785, -0.5246599579942928, 0.0, 0.0], "(3, 48)": [-0.4188335858818902, -0.4246452500230713, 0.0, 0.0], "(3, 47)": [0.0, -0.4188335858818902, 0.0, 0.0], "(2, 45)": [0.0, 0.0, -0.4360948095476122, -0.4303987975228406], "(3, 45)": [-0.44173386145213606, 0.0, -0.4303987975228406, 0.0], "(3, 44)": [-0.47965947734969333, -0.44173386145213606, 0.0, 0.0], "(3, 43)": [0.0, -0.47965947734969333, 0.0, 0.0], "(1, 42)": [-0.5051613403997928, -0.5150086297258368, 0.0, 0.0], "(1, 41)": [-0.4637317747928147, -0.5001629701008008, 0.0, 0.0], "(1, 40)": [-0.40703355359850035, -0.45831492403314616, 0.0, 0.0], "(1, 39)": [-0.4303987975228406, -0.40104399353383874, 0.0, 0.0], "(1, 38)": [-0.41296321806251535, -0.4246452500230713, 0.0, 0.0], "(1, 37)": [0.0, -0.40703355359850035, 0.0, -0.3638145139361288], "(2, 37)": [0.0, 0.0, -0.3573883979152816, -0.3827098590577118], "(3, 37)": [0.0, 0.0, -0.3764746051087998, -0.3764746051087998], "(4, 37)": [0.0, 0.0, -0.3701763687967675, -0.4473165228376147], "(5, 37)": [-0.5294133584143499, -0.4188335858818902, -0.44173386145213606, 0.0], "(5, 36)": [-0.45831492403314616, -0.5294133584143499, 0.0, 0.0], "(5, 35)": [-0.40104399353383874, -0.45831492403314616, 0.0, 0.0], "(5, 38)": [-0.41296321806251535, -0.44173386145213606, 0.0, 0.0], "(5, 39)": [-0.4360948095476122, 0.0, -0.4303987975228406, 0.0], "(4, 39)": [0.0, 0.0, -0.4360948095476122, -0.4246452500230713], "(3, 39)": [0.0, -0.45284335760923855, 0.0, -0.4303987975228406], "(3, 40)": [-0.4473165228376147, -0.4303987975228406, 0.0, 0.0], "(3, 41)": [-0.4246452500230713, 0.0, 0.0, -0.41296321806251535], "(4, 41)": [0.0, 0.0, -0.40703355359850035, -0.5051613403997928], "(5, 41)": [0.0, -0.5198585434285785, -0.5001629701008008, 0.0], "(5, 42)": [-0.5150086297258368, -0.5294133584143499, 0.0, 0.0], "(5, 43)": [-0.5246599579942928, -0.5479563497335244, 0.0, 0.0], "(5, 34)": [-0.3443407794258561, -0.40104399353383874, 0.0, 0.0], "(5, 33)": [0.0, -0.3443407794258561, 0.0, 0.0], "(5, 44)": [-0.5433902522560852, -0.5246599579942928, 0.0, 0.0], "(5, 45)": [-0.5198585434285785, -0.47965947734969333, 0.0, 0.0], "(5, 46)": [-0.4744035124744377, -0.39499393286246337, 0.0, 0.0], "(5, 47)": [-0.3888827604671347, 0.0, 0.0, -0.35089737163159757], "(6, 47)": [0.0, 0.0, -0.3443407794258561, -0.23765728565289626], "(7, 47)": [-0.27501966404214634, -0.22217864060085324, -0.2299568541948447, 0.0], "(7, 48)": [-0.22217864060085324, -0.19836941046095402, 0.0, 0.0], "(7, 49)": [-0.19836941046095402, 0.0, -0.22217864060085324, 0.0], "(7, 46)": [-0.2299568541948447, -0.26769663034560237, 0.0, 0.0], "(7, 45)": [-0.2299568541948447, -0.22217864060085324, 0.0, 0.0], "(7, 44)": [-0.20638571635634448, -0.22217864060085324, 0.0, 0.0], "(7, 43)": [-0.19027213177874144, -0.19836941046095402, 0.0, 0.0], "(6, 49)": [0.0, 0.0, -0.23765728565289626, -0.22217864060085324], "(5, 49)": [0.0, 0.0, 0.0, -0.23765728565289626], "(7, 42)": [-0.19836941046095402, -0.18209306240276912, 0.0, 0.0], "(7, 41)": [0.0, -0.19027213177874144, 0.0, -0.17383137616441327], "(8, 41)": [0.0, 0.0, -0.1654862385499124, -0.1654862385499124], "(9, 41)": [0.0, 0.0, -0.15705680661607313, -0.12247897700103201], "(10, 41)": [0.0, 0.0, -0.11361512828387071, -0.07725530557207991], "(11, 41)": [-0.0199, 0.0, -0.06793465209301, 0.0], "(11, 40)": [-0.0199, -0.01, 0.0, 0.0], "(11, 39)": [0.0, -0.01, -0.01, 0.0], "(10, 39)": [0.0, 0.0, -0.01, 0.0], "(9, 39)": [0.0, 0.0, -0.029701, 0.0], "(8, 39)": [0.0, 0.0, -0.029701, -0.0199], "(7, 39)": [-0.029701, 0.0, 0.0, -0.0199], "(7, 38)": [-0.09561792499119551, -0.029701, 0.0, 0.0], "(7, 37)": [-0.0864827525163591, -0.09561792499119551, 0.0, 0.0], "(7, 36)": [-0.14854222890512436, -0.0864827525163591, 0.0, 0.0], "(7, 35)": [-0.14854222890512436, -0.14854222890512436, 0.0, 0.0], "(7, 34)": [-0.13994164535871148, -0.14854222890512436, 0.0, 0.0], "(7, 33)": [0.0, -0.13994164535871148, 0.0, -0.17383137616441327], "(8, 33)": [0.0, 0.0, -0.17383137616441327, -0.10466174574128355], "(9, 33)": [0.0, -0.0864827525163591, -0.10466174574128355, 0.0], "(9, 34)": [-0.0864827525163591, -0.058519850599, 0.0, 0.0], "(9, 35)": [-0.058519850599, -0.0199, 0.0, 0.0], "(9, 36)": [-0.0199, -0.01, 0.0, 0.0], "(9, 37)": [-0.01, 0.0, 0.0, -0.01], "(10, 37)": [0.0, 0.0, -0.01, -0.0199], "(11, 37)": [0.0, 0.0, -0.0199, 0.0]}