{"(99, 49)": [-0.058519850599, 0.0, -0.058519850599, 0.0], "(98, 49)": [0.0, 0.0, -0.058519850599, -0.058519850599], "(97, 49)": [0.0, 0.0, 0.0, -0.058519850599], "(99, 48)": [-0.0490099501, -0.03940399, 0.0, 0.0], "(99, 47)": [-0.058519850599, -0.029701, 0.0, 0.0], "(99, 46)": [-0.10466174574128355, -0.03940399, 0.0, 0.0], "(99, 45)": [0.0, -0.0864827525163591, -0.09561792499119551, 0.0], "(98, 45)": [0.0, 0.0, -0.07725530557207991, -0.09561792499119551], "(97, 45)": [0.0, -0.0199, 0.0, -0.07725530557207991], "(97, 46)": [-0.0199, -0.0199, 0.0, 0.0], "(97, 47)": [-0.0199, 0.0, -0.0199, 0.0], "(96, 47)": [0.0, 0.0, 0.0, -0.0199]}