{"(99, 49)": [-0.029701, 0.0, -0.0199, 0.0], "(99, 48)": [-0.0490099501, -0.0199, 0.0, 0.0], "(99, 47)": [-0.03940399, -0.03940399, 0.0, 0.0], "(98, 49)": [0.0, 0.0, -0.029701, -0.01], "(97, 49)": [-0.029701, 0.0, 0.0, -0.0199], "(97, 48)": [-0.09561792499119551, -0.0199, 0.0, 0.0], "(97, 47)": [-0.09561792499119551, -0.0864827525163591, 0.0, 0.0], "(97, 46)": [-0.03940399, -0.0864827525163591, 0.0, 0.0], "(97, 45)": [-0.029701, -0.029701, 0.0, 0.0], "(97, 44)": [-0.03940399, -0.0199, 0.0, 0.0], "(97, 43)": [-0.0199, -0.029701, 0.0, 0.0], "(97, 42)": [0.0, -0.0199, 0.0, 0.0], "(99, 46)": [-0.058519850599, -0.03940399, 0.0, 0.0], "(99, 45)": [-0.0199, -0.058519850599, 0.0, 0.0], "(99, 44)": [-0.01, -0.0199, 0.0, 0.0], "(99, 43)": [-0.01, -0.01, 0.0, 0.0], "(99, 42)": [-0.0199, -0.01, 0.0, 0.0], "(99, 41)": [0.0, -0.0199, 0.0, 0.0]}