{"(1, 1)": [0.0, -0.0199, 0.0, -0.03940399], "(2, 1)": [0.0, 0.0, -0.0199, -0.03940399], "(3, 1)": [0.0, 0.0, -0.0199, -0.029701], "(4, 1)": [0.0, 0.0, -0.01, -0.029701], "(5, 1)": [0.0, 0.0, -0.01, -0.029701], "(6, 1)": [0.0, 0.0, -0.01, -0.029701], "(7, 1)": [0.0, 0.0, -0.01, -0.029701], "(8, 1)": [0.0, 0.0, -0.01, -0.029701], "(9, 1)": [0.0, -0.029701, -0.01, 0.0], "(9, 2)": [-0.01, -0.029701, 0.0, 0.0], "(9, 3)": [-0.01, 0.0, -0.0864827525163591, 0.0], "(8, 3)": [0.0, 0.0, -0.10466174574128355, -0.06793465209301], "(7, 3)": [0.0, -0.029701, 0.0, -0.0864827525163591], "(7, 4)": [-0.01, -0.0490099501, 0.0, 0.0], "(7, 5)": [-0.029701, 0.0, 0.0, -0.0199], "(8, 5)": [0.0, 0.0, 0.0, -0.0199], "(9, 5)": [0.0, -0.0199, 0.0, 0.0], "(9, 6)": [0.0, -0.0199, 0.0, 0.0], "(9, 7)": [0.0, 0.0, 0.0, -0.0199], "(10, 7)": [0.0, 0.0, 0.0, -0.0199], "(11, 7)": [-0.01, 0.0, 0.0, 0.0], "(1, 2)": [-0.0199, -0.0199, 0.0, 0.0], "(1, 3)": [-0.0199, 0.0, 0.0, 0.0], "(11, 6)": [-0.01, 0.0, 0.0, 0.0], "(11, 5)": [-0.01, 0.0, 0.0, 0.0], "(11, 4)": [-0.01, 0.0, 0.0, 0.0], "(11, 3)": [0.0, 0.0, 0.0, -0.01], "(12, 3)": [0.0, 0.0, -0.01, -0.01], "(13, 3)": [0.0, 0.0, -0.01, 0.0]}