{"(99, 49)": [-0.03940399, 0.0, -0.03940399, 0.0], "(98, 49)": [0.0, 0.0, -0.03940399, -0.029701], "(97, 49)": [0.0, 0.0, -0.01, -0.029701], "(99, 48)": [-0.029701, -0.03940399, 0.0, 0.0], "(99, 47)": [-0.029701, -0.029701, 0.0, 0.0], "(99, 46)": [-0.0490099501, -0.029701, 0.0, 0.0], "(99, 45)": [-0.0199, -0.0490099501, 0.0, 0.0], "(99, 44)": [-0.0199, -0.0199, 0.0, 0.0], "(99, 43)": [-0.01, -0.0199, 0.0, 0.0], "(99, 42)": [0.0, -0.01, 0.0, 0.0], "(96, 49)": [0.0, 0.0, -0.0199, -0.01], "(95, 49)": [0.0, 0.0, 0.0, -0.0199]}