{"(1, 49)": [-0.06793465209301, 0.0, 0.0, -0.03940399], "(2, 49)": [0.0, 0.0, -0.03940399, -0.0199], "(3, 49)": [0.0, 0.0, -0.0199, 0.0], "(1, 48)": [-0.06793465209301, -0.0490099501, 0.0, 0.0], "(1, 47)": [-0.06793465209301, -0.0490099501, 0.0, 0.0], "(1, 46)": [-0.06793465209301, -0.0490099501, 0.0, 0.0], "(1, 45)": [-0.058519850599, -0.0490099501, 0.0, 0.0], "(1, 44)": [-0.058519850599, -0.0490099501, 0.0, 0.0], "(1, 43)": [-0.058519850599, -0.0490099501, 0.0, 0.0], "(1, 42)": [-0.0490099501, -0.0490099501, 0.0, 0.0], "(1, 41)": [0.0, -0.03940399, 0.0, -0.0490099501], "(2, 41)": [0.0, 0.0, -0.0490099501, -0.03940399], "(3, 41)": [0.0, 0.0, -0.03940399, 0.0]}