{"(1, 49)": [-0.0490099501, 0.0, 0.0, 0.0], "(1, 48)": [-0.0490099501, -0.029701, 0.0, 0.0], "(1, 47)": [-0.06793465209301, -0.029701, 0.0, 0.0], "(1, 46)": [-0.029701, -0.0490099501, 0.0, 0.0], "(1, 45)": [-0.0490099501, -0.01, 0.0, 0.0], "(1, 44)": [-0.058519850599, -0.029701, 0.0, 0.0], "(1, 43)": [-0.058519850599, -0.03940399, 0.0, 0.0], "(1, 42)": [-0.06793465209301, -0.0490099501, 0.0, 0.0], "(1, 41)": [-0.03940399, -0.058519850599, 0.0, 0.0], "(1, 40)": [-0.0199, -0.03940399, 0.0, 0.0], "(1, 39)": [0.0, -0.0199, 0.0, -0.03940399], "(2, 39)": [0.0, 0.0, -0.03940399, -0.03940399], "(3, 39)": [0.0, -0.03940399, -0.03940399, 0.0], "(3, 40)": [-0.03940399, -0.0199, 0.0, 0.0], "(3, 41)": [-0.0199, -0.0199, 0.0, 0.0], "(3, 42)": [-0.0199, -0.01, 0.0, 0.0], "(3, 43)": [-0.01, 0.0, 0.0, 0.0]}