{"(1, 1)": [0.0, -0.0199, 0.0, -0.03940399], "(2, 1)": [0.0, 0.0, -0.03940399, 0.0], "(1, 2)": [-0.01, -0.029701, 0.0, 0.0], "(1, 3)": [-0.0199, -0.0199, 0.0, 0.0], "(1, 4)": [-0.01, -0.0199, 0.0, 0.0], "(1, 5)": [-0.01, 0.0, 0.0, -0.12247897700103201], "(2, 5)": [0.0, 0.0, -0.11361512828387071, -0.029701], "(3, 5)": [0.0, 0.0, -0.0199, -0.03940399], "(4, 5)": [0.0, 0.0, -0.03940399, 0.0]}