{"(1, 49)": [-0.03940399, 0.0, 0.0, -0.0490099501], "(1, 48)": [-0.0490099501, -0.029701, 0.0, 0.0], "(1, 47)": [-0.07725530557207991, -0.03940399, 0.0, 0.0], "(1, 46)": [-0.09561792499119551, -0.06793465209301, 0.0, 0.0], "(1, 45)": [-0.029701, -0.0864827525163591, 0.0, 0.0], "(1, 44)": [-0.0199, -0.0199, 0.0, 0.0], "(2, 49)": [0.0, 0.0, -0.03940399, -0.058519850599], "(3, 49)": [0.0, 0.0, -0.0490099501, -0.0864827525163591], "(4, 49)": [0.0, 0.0, -0.0864827525163591, -0.058519850599], "(5, 49)": [0.0, 0.0, -0.058519850599, 0.0], "(1, 43)": [0.0, -0.01, 0.0, -0.01], "(2, 43)": [0.0, 0.0, 0.0, -0.029701], "(3, 43)": [0.0, -0.0199, -0.0199, 0.0], "(3, 44)": [-0.0199, -0.01, 0.0, 0.0], "(3, 45)": [-0.01, 0.0, 0.0, 0.0]}