{"(99, 49)": [-0.07725530557207991, 0.0, -0.058519850599, 0.0], "(99, 48)": [-0.0490099501, -0.058519850599, 0.0, 0.0], "(99, 47)": [-0.03940399, -0.029701, 0.0, 0.0], "(99, 46)": [-0.03940399, -0.0199, 0.0, 0.0], "(99, 45)": [-0.029701, -0.0199, -0.03940399, 0.0], "(99, 44)": [-0.0490099501, -0.029701, 0.0, 0.0], "(99, 43)": [0.0, -0.0490099501, 0.0, 0.0], "(98, 45)": [0.0, 0.0, -0.03940399, -0.0199], "(97, 45)": [-0.0199, -0.03940399, 0.0, -0.0199], "(97, 44)": [-0.029701, -0.01, 0.0, 0.0], "(97, 43)": [0.0, -0.0199, -0.0199, 0.0], "(97, 46)": [-0.029701, -0.03940399, 0.0, 0.0], "(97, 47)": [-0.029701, 0.0, -0.0199, 0.0], "(96, 43)": [0.0, 0.0, -0.0199, -0.0199], "(95, 43)": [0.0, 0.0, -0.0199, -0.0199], "(94, 43)": [0.0, 0.0, -0.0199, -0.0199], "(93, 43)": [0.0, 0.0, 0.0, -0.0199], "(98, 49)": [0.0, 0.0, -0.0199, -0.058519850599], "(97, 49)": [0.0, 0.0, 0.0, -0.0199], "(96, 47)": [0.0, 0.0, 0.0, -0.0199]}