{"(1, 49)": [-0.0490099501, 0.0, 0.0, -0.029701], "(1, 48)": [-0.03940399, -0.029701, 0.0, 0.0], "(1, 47)": [-0.029701, -0.0199, 0.0, 0.0], "(2, 49)": [0.0, 0.0, -0.029701, -0.0490099501], "(3, 49)": [-0.0199, 0.0, -0.0490099501, -0.01], "(4, 49)": [0.0, 0.0, -0.01, -0.0199], "(5, 49)": [0.0, 0.0, -0.0199, -0.029701], "(6, 49)": [0.0, 0.0, -0.029701, 0.0], "(3, 48)": [0.0, -0.0199, 0.0, 0.0], "(1, 46)": [-0.029701, -0.01, 0.0, 0.0], "(1, 45)": [-0.029701, -0.01, 0.0, 0.0], "(1, 44)": [-0.029701, -0.01, 0.0, 0.0], "(1, 43)": [0.0, -0.01, 0.0, -0.058519850599], "(2, 43)": [0.0, 0.0, -0.03940399, -0.03940399], "(3, 43)": [-0.029701, 0.0, -0.0199, 0.0], "(3, 42)": [-0.03940399, -0.0199, 0.0, 0.0], "(3, 41)": [-0.029701, -0.029701, 0.0, 0.0], "(3, 40)": [-0.01, -0.029701, 0.0, 0.0], "(3, 39)": [0.0, -0.01, 0.0, -0.0199], "(4, 39)": [0.0, 0.0, -0.0199, -0.01], "(5, 39)": [-0.01, 0.0, -0.01, 0.0], "(5, 38)": [-0.0490099501, -0.01, 0.0, 0.0], "(5, 37)": [0.0, -0.0490099501, -0.0199, 0.0], "(4, 37)": [0.0, 0.0, 0.0, -0.0199]}