{"(99, 1)": [0.0, -0.09561792499119551, -0.058519850599, 0.0], "(98, 1)": [0.0, 0.0, -0.0490099501, -0.058519850599], "(99, 2)": [-0.07725530557207991, -0.13994164535871148, 0.0, 0.0], "(99, 3)": [-0.12247897700103201, -0.058519850599, 0.0, 0.0], "(99, 4)": [-0.0490099501, -0.0490099501, 0.0, 0.0], "(99, 5)": [-0.03940399, -0.01, 0.0, 0.0], "(99, 6)": [0.0, -0.01, 0.0, 0.0], "(99, 7)": [0.0, 0.0, -0.01, 0.0], "(98, 7)": [0.0, 0.0, -0.01, 0.0], "(97, 7)": [-0.01, 0.0, 0.0, 0.0], "(97, 6)": [-0.029701, 0.0, 0.0, 0.0], "(97, 5)": [0.0, -0.0199, -0.0490099501, 0.0], "(96, 5)": [0.0, 0.0, -0.01, -0.03940399], "(95, 5)": [0.0, -0.0199, 0.0, 0.0], "(95, 6)": [-0.01, -0.0199, 0.0, 0.0], "(95, 7)": [-0.01, 0.0, 0.0, 0.0], "(97, 1)": [0.0, -0.029701, 0.0, -0.0490099501], "(97, 2)": [-0.029701, 0.0, 0.0, 0.0]}