{"(99, 49)": [-0.1654862385499124, 0.0, -0.19027213177874144, 0.0], "(99, 48)": [-0.19836941046095402, -0.15705680661607313, 0.0, 0.0], "(99, 47)": [0.0, -0.19027213177874144, 0.0, 0.0], "(98, 49)": [0.0, 0.0, 0.0, -0.19027213177874144]}