{"(99, 1)": [0.0, 0.0, -0.0490099501, 0.0], "(98, 1)": [0.0, 0.0, -0.03940399, -0.03940399], "(97, 1)": [0.0, -0.0490099501, -0.01, -0.029701], "(97, 2)": [-0.03940399, -0.03940399, 0.0, 0.0], "(96, 1)": [0.0, 0.0, 0.0, -0.01], "(97, 3)": [-0.029701, 0.0, 0.0, -0.11361512828387071], "(98, 3)": [0.0, 0.0, -0.11361512828387071, -0.01], "(99, 3)": [0.0, 0.0, -0.01, 0.0]}