{"(99, 49)": [-0.07725530557207991, 0.0, -0.0490099501, 0.0], "(98, 49)": [0.0, 0.0, -0.029701, -0.03940399], "(99, 48)": [-0.07725530557207991, -0.06793465209301, 0.0, 0.0], "(99, 47)": [0.0, -0.06793465209301, -0.10466174574128355, 0.0], "(98, 47)": [0.0, 0.0, -0.0490099501, -0.09561792499119551], "(97, 49)": [0.0, 0.0, -0.029701, -0.0199], "(96, 49)": [0.0, 0.0, -0.01, -0.0199], "(95, 49)": [0.0, 0.0, -0.029701, 0.0], "(94, 49)": [0.0, 0.0, -0.029701, -0.0199], "(93, 49)": [0.0, 0.0, -0.01, -0.0199], "(92, 49)": [0.0, 0.0, -0.01, -0.01], "(91, 49)": [0.0, 0.0, -0.029701, -0.01], "(90, 49)": [0.0, 0.0, -0.01, -0.029701], "(89, 49)": [0.0, 0.0, 0.0, -0.01], "(97, 47)": [-0.0199, 0.0, -0.029701, -0.03940399], "(96, 47)": [0.0, 0.0, 0.0, -0.029701], "(97, 46)": [-0.0199, -0.01, 0.0, 0.0], "(97, 45)": [0.0, -0.01, 0.0, -0.01], "(98, 45)": [0.0, 0.0, 0.0, -0.01], "(99, 45)": [-0.01, 0.0, 0.0, 0.0], "(99, 44)": [-0.01, 0.0, 0.0, 0.0], "(99, 43)": [-0.01, 0.0, 0.0, 0.0], "(99, 42)": [0.0, -0.01, 0.0, 0.0]}