{"(1, 49)": [-0.03940399, 0.0, 0.0, 0.0], "(1, 48)": [-0.0199, -0.01, 0.0, 0.0], "(1, 47)": [-0.0199, -0.01, 0.0, -0.0199], "(1, 46)": [-0.029701, -0.0199, 0.0, 0.0], "(1, 45)": [-0.029701, -0.029701, 0.0, 0.0], "(1, 44)": [-0.0199, -0.029701, 0.0, 0.0], "(1, 43)": [0.0, -0.0199, 0.0, -0.0199], "(2, 43)": [0.0, 0.0, -0.0199, -0.0199], "(3, 43)": [0.0, 0.0, -0.0199, -0.0199], "(4, 43)": [0.0, 0.0, -0.0199, -0.0199], "(5, 43)": [0.0, 0.0, -0.0199, -0.01], "(6, 43)": [0.0, 0.0, -0.01, 0.0], "(2, 47)": [0.0, 0.0, -0.01, -0.0199], "(3, 47)": [0.0, -0.0199, -0.01, 0.0], "(3, 48)": [-0.01, -0.0199, 0.0, 0.0], "(3, 49)": [-0.01, 0.0, 0.0, -0.0199], "(4, 49)": [0.0, 0.0, -0.01, -0.01], "(5, 49)": [0.0, 0.0, 0.0, 0.0]}