{"(99, 49)": [-0.07725530557207991, 0.0, -0.10466174574128355, 0.0], "(98, 49)": [0.0, 0.0, -0.06793465209301, -0.10466174574128355], "(97, 49)": [0.0, 0.0, 0.0, -0.06793465209301], "(99, 48)": [-0.0490099501, -0.06793465209301, 0.0, 0.0], "(99, 47)": [0.0, -0.03940399, 0.0, 0.0]}