{"(99, 49)": [-0.1654862385499124, 0.0, -0.15705680661607313, 0.0], "(98, 49)": [0.0, 0.0, -0.03940399, -0.14854222890512436], "(99, 48)": [-0.03940399, -0.15705680661607313, 0.0, 0.0], "(99, 47)": [-0.01, -0.029701, 0.0, 0.0], "(99, 46)": [-0.03940399, 0.0, 0.0, 0.0], "(99, 45)": [0.0, -0.029701, 0.0, 0.0], "(97, 49)": [-0.0490099501, 0.0, 0.0, -0.029701], "(97, 48)": [-0.058519850599, -0.0490099501, 0.0, 0.0], "(97, 47)": [0.0, -0.058519850599, -0.03940399, 0.0], "(96, 47)": [0.0, 0.0, 0.0, -0.03940399]}