{"(99, 1)": [0.0, -0.03940399, 0.0, 0.0], "(99, 2)": [-0.029701, -0.0490099501, 0.0, 0.0], "(99, 3)": [-0.03940399, -0.029701, 0.0, 0.0], "(99, 4)": [-0.0199, -0.029701, 0.0, 0.0], "(99, 5)": [-0.0199, 0.0, -0.01, 0.0], "(98, 5)": [0.0, 0.0, -0.0199, 0.0], "(97, 5)": [-0.029701, 0.0, 0.0, -0.01], "(97, 4)": [-0.029701, -0.029701, 0.0, 0.0], "(97, 3)": [-0.01, -0.029701, 0.0, 0.0], "(97, 2)": [-0.01, -0.01, 0.0, 0.0], "(97, 1)": [0.0, -0.01, -0.01, 0.0], "(96, 1)": [0.0, 0.0, -0.01, -0.01], "(95, 1)": [0.0, 0.0, -0.01, -0.01], "(94, 1)": [0.0, 0.0, -0.01, -0.01], "(93, 1)": [0.0, 0.0, -0.029701, -0.01], "(92, 1)": [0.0, 0.0, 0.0, -0.029701]}