{"(1, 1)": [0.0, -0.8751221877410486, 0.0, -0.8776072562050017], "(2, 1)": [0.0, 0.0, -0.01, -0.029701], "(3, 1)": [0.0, 0.0, -0.0199, -0.0199], "(4, 1)": [0.0, 0.0, -0.01, -0.029701], "(5, 1)": [0.0, -0.03940399, -0.0199, -0.029701], "(5, 2)": [-0.029701, -0.0490099501, 0.0, 0.0], "(6, 1)": [0.0, 0.0, -0.029701, -0.029701], "(5, 3)": [-0.03940399, 0.0, 0.0, -0.0490099501], "(7, 1)": [0.0, 0.0, -0.029701, 0.0], "(6, 3)": [0.0, 0.0, -0.03940399, -0.058519850599], "(7, 3)": [0.0, 0.0, -0.0490099501, -0.06793465209301], "(8, 3)": [0.0, 0.0, -0.058519850599, -0.03940399], "(9, 3)": [-0.058519850599, 0.0, -0.029701, 0.0], "(9, 2)": [-0.11361512828387071, -0.0490099501, 0.0, 0.0], "(9, 1)": [0.0, -0.10466174574128355, 0.0, -0.07725530557207991], "(10, 1)": [0.0, 0.0, -0.06793465209301, -0.0864827525163591], "(11, 1)": [0.0, 0.0, -0.07725530557207991, -0.06793465209301], "(12, 1)": [0.0, 0.0, -0.058519850599, -0.058519850599], "(13, 1)": [0.0, -0.029701, -0.0490099501, 0.0], "(13, 2)": [-0.0199, -0.029701, 0.0, 0.0], "(13, 3)": [-0.0199, 0.0, -0.029701, -0.0199], "(12, 3)": [0.0, 0.0, -0.0490099501, -0.029701], "(11, 3)": [0.0, 0.0, 0.0, -0.0490099501], "(14, 3)": [0.0, 0.0, -0.01, -0.029701], "(15, 3)": [0.0, -0.029701, -0.0199, 0.0], "(15, 4)": [-0.0199, -0.0199, 0.0, 0.0], "(15, 5)": [-0.01, 0.0, -0.0490099501, 0.0], "(14, 5)": [0.0, 0.0, -0.029701, -0.03940399], "(13, 5)": [0.0, 0.0, -0.029701, -0.0199], "(12, 5)": [0.0, 0.0, -0.07725530557207991, -0.0199], "(11, 5)": [0.0, 0.0, -0.09561792499119551, -0.06793465209301], "(10, 5)": [0.0, 0.0, -0.12247897700103201, -0.0864827525163591], "(9, 5)": [0.0, -0.0864827525163591, 0.0, -0.11361512828387071], "(9, 6)": [-0.07725530557207991, -0.1312541872310217, 0.0, 0.0], "(9, 7)": [-0.12247897700103201, 0.0, -0.058519850599, 0.0], "(8, 7)": [0.0, 0.0, -0.06793465209301, -0.0490099501], "(7, 7)": [-0.029701, 0.0, -0.029701, -0.058519850599], "(7, 6)": [-0.029701, -0.029701, 0.0, 0.0], "(7, 5)": [0.0, -0.029701, -0.01, 0.0], "(6, 5)": [0.0, 0.0, 0.0, -0.01], "(6, 7)": [0.0, 0.0, -0.03940399, -0.0199], "(5, 7)": [0.0, -0.0490099501, 0.0, -0.029701], "(5, 8)": [-0.03940399, -0.058519850599, 0.0, 0.0], "(5, 9)": [-0.0490099501, 0.0, 0.0, -0.0864827525163591], "(6, 9)": [0.0, 0.0, -0.07725530557207991, -0.0864827525163591], "(7, 9)": [0.0, 0.0, -0.07725530557207991, -0.10466174574128355], "(8, 9)": [0.0, 0.0, -0.09561792499119551, -0.058519850599], "(9, 9)": [0.0, 0.0, -0.0490099501, -0.03940399], "(10, 9)": [0.0, 0.0, -0.029701, -0.06793465209301], "(11, 9)": [-0.11361512828387071, 0.0, -0.058519850599, 0.0], "(11, 8)": [-0.058519850599, -0.10466174574128355, 0.0, 0.0], "(11, 7)": [0.0, -0.0490099501, 0.0, -0.09561792499119551], "(12, 7)": [0.0, 0.0, -0.0864827525163591, -0.03940399], "(13, 7)": [0.0, -0.058519850599, -0.029701, 0.0], "(13, 8)": [-0.0490099501, -0.11361512828387071, 0.0, 0.0], "(13, 9)": [-0.10466174574128355, 0.0, 0.0, -0.0864827525163591], "(14, 9)": [0.0, 0.0, -0.07725530557207991, -0.10466174574128355], "(15, 9)": [-0.10466174574128355, 0.0, -0.09561792499119551, -0.058519850599], "(15, 8)": [-0.029701, -0.09561792499119551, 0.0, 0.0], "(16, 9)": [0.0, 0.0, -0.058519850599, -0.03940399], "(17, 9)": [0.0, 0.0, -0.03940399, 0.0], "(15, 7)": [0.0, -0.0199, 0.0, -0.01], "(16, 7)": [0.0, 0.0, 0.0, -0.0199], "(17, 7)": [-0.01, 0.0, -0.01, 0.0], "(17, 6)": [-0.01, 0.0, 0.0, 0.0], "(17, 5)": [0.0, 0.0, 0.0, -0.0199], "(18, 5)": [0.0, 0.0, -0.01, -0.0490099501], "(19, 5)": [-0.0199, 0.0, -0.03940399, -0.029701], "(20, 5)": [0.0, 0.0, -0.0199, -0.0199], "(21, 5)": [-0.01, 0.0, -0.01, 0.0], "(19, 4)": [-0.01, -0.0199, 0.0, 0.0], "(19, 3)": [0.0, -0.01, -0.0199, 0.0], "(18, 3)": [0.0, 0.0, -0.01, -0.0199], "(17, 3)": [0.0, 0.0, 0.0, -0.01], "(21, 4)": [-0.01, 0.0, 0.0, 0.0], "(21, 3)": [0.0, 0.0, 0.0, -0.01], "(22, 3)": [0.0, 0.0, 0.0, -0.029701], "(23, 3)": [0.0, -0.0199, -0.0199, 0.0], "(23, 4)": [-0.01, -0.0199, 0.0, 0.0], "(23, 5)": [-0.01, -0.0199, 0.0, 0.0], "(23, 6)": [-0.01, -0.0199, 0.0, 0.0], "(23, 7)": [-0.01, 0.0, 0.0, -0.029701], "(24, 7)": [0.0, 0.0, -0.0199, -0.01], "(25, 7)": [0.0, -0.01, 0.0, 0.0], "(25, 8)": [0.0, -0.03940399, 0.0, 0.0], "(25, 9)": [-0.029701, -0.09561792499119551, -0.06793465209301, 0.0], "(24, 9)": [0.0, 0.0, -0.0490099501, -0.06793465209301], "(25, 10)": [-0.0864827525163591, -0.0490099501, 0.0, 0.0], "(25, 11)": [-0.03940399, 0.0, 0.0, -0.10466174574128355], "(26, 11)": [0.0, 0.0, -0.09561792499119551, -0.058519850599], "(23, 9)": [0.0, 0.0, 0.0, -0.0490099501], "(27, 11)": [0.0, 0.0, -0.0490099501, -0.0864827525163591], "(28, 11)": [0.0, 0.0, -0.07725530557207991, -0.10466174574128355], "(29, 11)": [0.0, -0.12247897700103201, -0.09561792499119551, 0.0], "(29, 12)": [-0.11361512828387071, -0.19836941046095402, 0.0, 0.0], "(29, 13)": [-0.19027213177874144, 0.0, 0.0, -0.14854222890512436], "(30, 13)": [0.0, 0.0, -0.13994164535871148, -0.12247897700103201], "(31, 13)": [-0.15705680661607313, 0.0, -0.11361512828387071, 0.0], "(31, 12)": [-0.15705680661607313, -0.14854222890512436, 0.0, 0.0], "(31, 11)": [0.0, -0.14854222890512436, 0.0, -0.10466174574128355], "(32, 11)": [0.0, 0.0, -0.09561792499119551, -0.07725530557207991], "(33, 11)": [0.0, 0.0, -0.06793465209301, -0.0490099501], "(34, 11)": [0.0, 0.0, -0.03940399, -0.11361512828387071], "(35, 11)": [-0.18209306240276912, -0.2452807127963673, -0.10466174574128355, 0.0], "(35, 10)": [-0.3443407794258561, -0.17383137616441327, 0.0, 0.0], "(35, 9)": [-0.20638571635634448, -0.33771795901601626, 0.0, -0.27501966404214634], "(35, 8)": [-0.19836941046095402, -0.20638571635634448, 0.0, 0.0], "(36, 9)": [0.0, 0.0, -0.26769663034560237, -0.310550914130922], "(35, 12)": [-0.2452807127963673, -0.20638571635634448, 0.0, 0.0], "(35, 13)": [-0.20638571635634448, -0.20638571635634448, 0.0, 0.0], "(35, 14)": [-0.20638571635634448, -0.14854222890512436, 0.0, 0.0], "(35, 15)": [-0.14854222890512436, 0.0, -0.1654862385499124, 0.0], "(34, 15)": [0.0, 0.0, -0.14854222890512436, -0.1654862385499124], "(33, 15)": [-0.10466174574128355, 0.0, 0.0, -0.14854222890512436], "(33, 14)": [-0.0864827525163591, -0.10466174574128355, 0.0, 0.0], "(33, 13)": [0.0, -0.0864827525163591, 0.0, 0.0], "(37, 9)": [0.0, 0.0, -0.30358678195042627, -0.26769663034560237], "(38, 9)": [0.0, 0.0, -0.26029962661171957, -0.21432185919278104], "(39, 9)": [0.0, -0.1312541872310217, -0.20638571635634448, 0.0], "(39, 10)": [-0.12247897700103201, -0.20638571635634448, 0.0, 0.0], "(39, 11)": [-0.19836941046095402, 0.0, -0.19027213177874144, -0.1312541872310217], "(38, 11)": [0.0, 0.0, -0.20638571635634448, -0.19027213177874144], "(37, 11)": [0.0, 0.0, 0.0, -0.20638571635634448], "(40, 11)": [0.0, 0.0, -0.12247897700103201, -0.09561792499119551], "(41, 11)": [-0.07725530557207991, 0.0, -0.0864827525163591, 0.0], "(41, 10)": [-0.0490099501, -0.07725530557207991, 0.0, 0.0], "(41, 9)": [-0.0199, -0.0490099501, 0.0, 0.0], "(41, 8)": [0.0, -0.0199, 0.0, 0.0], "(35, 7)": [0.0, -0.19836941046095402, -0.15705680661607313, 0.0], "(34, 7)": [0.0, 0.0, -0.10466174574128355, -0.15705680661607313], "(33, 7)": [-0.11361512828387071, -0.09561792499119551, 0.0, -0.10466174574128355], "(33, 6)": [-0.11361512828387071, -0.11361512828387071, 0.0, 0.0], "(33, 5)": [0.0, -0.11361512828387071, -0.11361512828387071, -0.14854222890512436], "(32, 5)": [0.0, 0.0, -0.1312541872310217, -0.11361512828387071], "(31, 5)": [0.0, 0.0, -0.09561792499119551, -0.1312541872310217], "(34, 5)": [0.0, 0.0, -0.14854222890512436, -0.13994164535871148], "(30, 5)": [0.0, 0.0, -0.09561792499119551, -0.09561792499119551], "(29, 5)": [0.0, 0.0, 0.0, -0.09561792499119551], "(35, 5)": [-0.09561792499119551, 0.0, -0.13994164535871148, 0.0], "(35, 4)": [-0.029701, -0.09561792499119551, 0.0, 0.0], "(35, 3)": [0.0, -0.029701, 0.0, -0.03940399], "(36, 3)": [0.0, 0.0, -0.03940399, -0.058519850599], "(33, 8)": [-0.09561792499119551, -0.09561792499119551, 0.0, 0.0], "(33, 9)": [-0.09561792499119551, 0.0, -0.07725530557207991, 0.0],