{"(1, 1)": [0.0, -0.07725530557207991, 0.0, -0.01], "(1, 2)": [-0.06793465209301, -0.0199, 0.0, 0.0], "(2, 1)": [0.0, 0.0, -0.01, -0.03940399], "(3, 1)": [0.0, 0.0, -0.03940399, -0.029701], "(4, 1)": [0.0, 0.0, -0.029701, -0.01], "(5, 1)": [0.0, 0.0, -0.01, 0.0], "(1, 3)": [-0.01, 0.0, 0.0, -0.01], "(2, 3)": [0.0, 0.0, 0.0, -0.0199], "(3, 3)": [0.0, -0.0199, -0.01, 0.0], "(3, 4)": [-0.0199, -0.01, 0.0, 0.0], "(3, 5)": [-0.01, 0.0, -0.0490099501, 0.0], "(2, 5)": [0.0, 0.0, -0.0199, -0.0490099501], "(1, 5)": [0.0, 0.0, 0.0, -0.0199]}