{"(99, 49)": [-0.0199, 0.0, -0.01, 0.0], "(99, 48)": [-0.029701, -0.0199, 0.0, 0.0], "(99, 47)": [0.0, -0.029701, 0.0, 0.0], "(98, 49)": [0.0, 0.0, -0.01, 0.0], "(97, 49)": [-0.01, 0.0, 0.0, 0.0], "(97, 48)": [-0.0490099501, 0.0, 0.0, 0.0], "(97, 47)": [-0.07725530557207991, -0.03940399, 0.0, 0.0], "(97, 46)": [-0.03940399, -0.06793465209301, 0.0, 0.0], "(97, 45)": [-0.029701, -0.029701, 0.0, 0.0], "(97, 44)": [-0.03940399, -0.0199, 0.0, 0.0], "(97, 43)": [-0.0199, -0.029701, 0.0, 0.0], "(97, 42)": [0.0, -0.0199, 0.0, 0.0]}