{"(99, 1)": [0.0, 0.0, -0.03940399, 0.0], "(98, 1)": [0.0, 0.0, -0.07725530557207991, -0.029701], "(97, 1)": [0.0, -0.11361512828387071, 0.0, -0.06793465209301], "(97, 2)": [-0.11361512828387071, -0.06793465209301, 0.0, 0.0], "(97, 3)": [-0.06793465209301, 0.0, 0.0, 0.0]}