{"(1, 1)": [0.0, -0.9850200162663323, 0.0, 0.0], "(1, 2)": [-0.28944677272770764, -0.18209306240276912, 0.0, 0.0], "(1, 3)": [-0.17383137616441327, -0.13994164535871148, 0.0, -0.19027213177874144], "(1, 4)": [-0.1312541872310217, -0.1654862385499124, 0.0, 0.0], "(1, 5)": [-0.15705680661607313, 0.0, 0.0, -0.19027213177874144], "(2, 5)": [0.0, 0.0, -0.18209306240276912, -0.2452807127963673], "(2, 3)": [0.0, 0.0, -0.19027213177874144, -0.17383137616441327], "(3, 3)": [-0.11361512828387071, 0.0, -0.17383137616441327, 0.0], "(3, 2)": [-0.07725530557207991, -0.11361512828387071, 0.0, 0.0], "(3, 5)": [0.0, -0.32427095093971664, -0.23765728565289626, 0.0], "(3, 6)": [-0.31744540498961277, -0.32427095093971664, 0.0, 0.0], "(3, 1)": [0.0, -0.07725530557207991, 0.0, -0.0490099501], "(4, 1)": [0.0, 0.0, -0.0490099501, -0.0199], "(3, 7)": [-0.31744540498961277, -0.35089737163159757, 0.0, 0.0], "(3, 8)": [-0.3443407794258561, -0.23765728565289626, 0.0, 0.0], "(3, 9)": [-0.2299568541948447, -0.25282790566840363, -0.29655230500043056, 0.0], "(3, 10)": [-0.2452807127963673, -0.2299568541948447, 0.0, 0.0], "(2, 9)": [0.0, 0.0, -0.28226946740172487, -0.29655230500043056], "(1, 9)": [-0.28944677272770764, 0.0, 0.0, -0.28226946740172487], "(3, 11)": [-0.22217864060085324, 0.0, -0.26769663034560237, 0.0], "(2, 11)": [0.0, 0.0, -0.28944677272770764, -0.26029962661171957], "(1, 8)": [-0.30358678195042627, -0.28944677272770764, 0.0, 0.0], "(1, 7)": [0.0, -0.30358678195042627, 0.0, 0.0], "(1, 11)": [0.0, -0.2452807127963673, 0.0, -0.28226946740172487], "(1, 12)": [-0.23765728565289626, -0.3764746051087998, 0.0, 0.0], "(1, 13)": [-0.3701763687967675, -0.45831492403314616, 0.0, 0.0], "(1, 14)": [-0.45284335760923855, -0.4188335858818902, 0.0, 0.0], "(1, 15)": [-0.41296321806251535, -0.28226946740172487, 0.0, 0.0], "(1, 16)": [-0.27501966404214634, -0.26029962661171957, 0.0, 0.0], "(1, 17)": [-0.25282790566840363, 0.0, 0.0, -0.18209306240276912], "(2, 17)": [0.0, 0.0, -0.17383137616441327, -0.19027213177874144], "(3, 17)": [-0.1654862385499124, 0.0, -0.18209306240276912, -0.19027213177874144], "(3, 16)": [-0.12247897700103201, -0.1654862385499124, 0.0, 0.0], "(4, 17)": [0.0, 0.0, -0.18209306240276912, -0.19836941046095402], "(5, 17)": [-0.15705680661607313, 0.0, -0.19027213177874144, 0.0], "(5, 16)": [-0.14854222890512436, -0.14854222890512436, 0.0, 0.0], "(3, 15)": [-0.03940399, -0.12247897700103201, 0.0, 0.0], "(3, 14)": [-0.13994164535871148, -0.03940399, 0.0, 0.0], "(3, 13)": [0.0, -0.13994164535871148, 0.0, 0.0], "(5, 1)": [0.0, -0.0199, -0.0199, -0.029701], "(5, 2)": [-0.0199, 0.0, 0.0, 0.0], "(6, 1)": [0.0, 0.0, -0.029701, -0.01], "(7, 1)": [0.0, 0.0, -0.01, 0.0], "(5, 15)": [-0.1654862385499124, -0.13994164535871148, 0.0, -0.17383137616441327], "(5, 14)": [-0.18209306240276912, -0.15705680661607313, 0.0, 0.0], "(5, 13)": [0.0, -0.17383137616441327, 0.0, -0.310550914130922], "(6, 13)": [0.0, 0.0, -0.30358678195042627, -0.310550914130922], "(6, 15)": [0.0, 0.0, -0.17383137616441327, -0.15705680661607313], "(7, 15)": [0.0, 0.0, -0.15705680661607313, 0.0], "(7, 13)": [-0.22217864060085324, 0.0, -0.30358678195042627, -0.3827098590577118], "(8, 13)": [0.0, 0.0, -0.3827098590577118, -0.3764746051087998], "(9, 13)": [0.0, 0.0, -0.3764746051087998, -0.28226946740172487], "(10, 13)": [0.0, 0.0, -0.28226946740172487, -0.26769663034560237], "(11, 13)": [0.0, 0.0, -0.26769663034560237, -0.28944677272770764], "(12, 13)": [0.0, 0.0, -0.28944677272770764, -0.31744540498961277], "(13, 13)": [0.0, 0.0, -0.31744540498961277, -0.28944677272770764], "(14, 13)": [0.0, 0.0, -0.28944677272770764, -0.2299568541948447], "(15, 13)": [0.0, 0.0, -0.2299568541948447, -0.21432185919278104], "(7, 12)": [-0.2299568541948447, -0.21432185919278104, 0.0, 0.0], "(7, 11)": [0.0, -0.22217864060085324, 0.0, -0.29655230500043056], "(8, 11)": [0.0, 0.0, -0.28944677272770764, -0.33102824143031945], "(9, 11)": [0.0, 0.0, -0.32427095093971664, -0.30358678195042627], "(10, 11)": [0.0, 0.0, -0.29655230500043056, -0.26769663034560237], "(11, 11)": [0.0, 0.0, -0.26029962661171957, -0.33771795901601626], "(12, 11)": [0.0, 0.0, -0.33102824143031945, -0.41296321806251535], "(13, 11)": [-0.32427095093971664, 0.0, -0.40703355359850035, 0.0], "(13, 10)": [-0.25282790566840363, -0.31744540498961277, 0.0, 0.0], "(13, 9)": [0.0, -0.2452807127963673, 0.0, -0.41296321806251535], "(14, 9)": [0.0, 0.0, -0.40703355359850035, -0.45284335760923855], "(15, 9)": [0.0, -0.47965947734969333, -0.4473165228376147, 0.0], "(16, 13)": [0.0, 0.0, -0.21432185919278104, -0.27501966404214634], "(17, 13)": [0.0, 0.0, -0.27501966404214634, 0.0], "(15, 10)": [-0.4744035124744377, -0.39499393286246337, 0.0, 0.0], "(15, 11)": [-0.3888827604671347, 0.0, 0.0, -0.30358678195042627], "(16, 11)": [0.0, 0.0, -0.29655230500043056, -0.31744540498961277], "(17, 11)": [0.0, 0.0, -0.310550914130922, -0.33102824143031945], "(18, 11)": [0.0, 0.0, -0.32427095093971664, -0.310550914130922], "(19, 11)": [0.0, -0.25282790566840363, -0.30358678195042627, 0.0], "(19, 12)": [-0.2452807127963673, -0.29655230500043056, 0.0, 0.0], "(19, 13)": [-0.28944677272770764, -0.27501966404214634, 0.0, 0.0], "(19, 14)": [-0.26769663034560237, -0.310550914130922, 0.0, 0.0], "(19, 15)": [-0.30358678195042627, 0.0, -0.3573883979152816, 0.0], "(18, 15)": [0.0, 0.0, -0.3888827604671347, -0.35089737163159757], "(17, 15)": [0.0, -0.39499393286246337, 0.0, -0.3827098590577118], "(17, 16)": [-0.3888827604671347, -0.4360948095476122, 0.0, 0.0], "(17, 17)": [-0.4303987975228406, 0.0, 0.0, -0.30358678195042627], "(18, 17)": [0.0, 0.0, -0.29655230500043056, -0.29655230500043056], "(19, 17)": [0.0, 0.0, -0.28944677272770764, -0.3764746051087998], "(20, 17)": [0.0, 0.0, -0.3701763687967675, -0.33102824143031945], "(21, 17)": [-0.3827098590577118, 0.0, -0.32427095093971664, 0.0], "(21, 16)": [-0.47965947734969333, -0.3764746051087998, 0.0, 0.0], "(21, 15)": [-0.4360948095476122, -0.4744035124744377, 0.0, 0.0], "(21, 14)": [-0.45284335760923855, -0.4303987975228406, 0.0, 0.0], "(21, 13)": [-0.4360948095476122, -0.4473165228376147, 0.0, 0.0], "(21, 12)": [-0.41296321806251535, -0.4303987975228406, 0.0, 0.0], "(21, 11)": [-0.41296321806251535, -0.40703355359850035, 0.0, 0.0], "(21, 10)": [-0.3443407794258561, -0.40703355359850035, 0.0, 0.0], "(21, 9)": [0.0, -0.33771795901601626, -0.3443407794258561, 0.0], "(20, 9)": [0.0, 0.0, -0.26769663034560237, -0.33771795901601626], "(19, 9)": [0.0, 0.0, -0.30358678195042627, -0.26029962661171957], "(18, 9)": [0.0, 0.0, -0.3764746051087998, -0.29655230500043056], "(17, 9)": [-0.45284335760923855, 0.0, 0.0, -0.3701763687967675], "(17, 8)": [-0.44173386145213606, -0.4473165228376147, 0.0, 0.0], "(17, 7)": [0.0, -0.4360948095476122, -0.41296321806251535, 0.0], "(16, 7)": [0.0, 0.0, -0.5294133584143499, -0.40703355359850035], "(15, 7)": [0.0, 0.0, -0.561382498190089, -0.5246599579942928], "(14, 7)": [0.0, 0.0, -0.5524767862361891, -0.5569520183738272], "(13, 7)": [0.0, 0.0, -0.6302703623502736, -0.5479563497335244], "(12, 7)": [0.0, 0.0, -0.595268027321676, -0.6265357195457308], "(11, 7)": [0.0, 0.0, -0.3827098590577118, -0.5911798255774505], "(10, 7)": [0.0, 0.0, -0.39499393286246337, -0.3764746051087998], "(9, 7)": [0.0, 0.0, -0.4246452500230713, -0.3888827604671347], "(8, 7)": [0.0, 0.0, -0.44173386145213606, -0.4188335858818902], "(7, 7)": [0.0, -0.4848628825761964, 0.0, -0.4360948095476122], "(7, 8)": [-0.47965947734969333, -0.5051613403997928, 0.0, 0.0], "(7, 9)": [-0.5001629701008008, 0.0, -0.5341192248302064, -0.5433902522560852], "(6, 9)": [0.0, 0.0, -0.5387780325819043, -0.5341192248302064], "(5, 9)": [-0.5433902522560852, -0.5657686732081881, 0.0, -0.5387780325819043], "(5, 8)": [-0.5198585434285785, -0.5433902522560852, 0.0, 0.0], "(5, 10)": [-0.5657686732081881, -0.5993153470484593, 0.0, 0.0], "(5, 11)": [-0.5993153470484593, 0.0, 0.0, 0.0], "(5, 7)": [0.0, -0.5198585434285785, 0.0, 0.0], "(8, 9)": [0.0, 0.0, -0.5387780325819043, -0.46909445704488656],