{"(1, 49)": [-0.0490099501, 0.0, 0.0, -0.0490099501], "(2, 49)": [0.0, 0.0, -0.03940399, -0.06793465209301], "(3, 49)": [0.0, 0.0, -0.058519850599, -0.03940399], "(4, 49)": [0.0, 0.0, -0.03940399, -0.03940399], "(5, 49)": [0.0, 0.0, -0.03940399, -0.03940399], "(6, 49)": [0.0, 0.0, -0.03940399, -0.06793465209301], "(7, 49)": [-0.0490099501, 0.0, -0.06793465209301, 0.0], "(7, 48)": [-0.0490099501, -0.0490099501, 0.0, 0.0], "(7, 47)": [0.0, -0.0490099501, -0.029701, 0.0], "(6, 47)": [0.0, 0.0, -0.0199, -0.029701], "(5, 47)": [0.0, 0.0, 0.0, -0.0199], "(1, 48)": [-0.029701, -0.03940399, 0.0, 0.0], "(1, 47)": [-0.029701, -0.0199, 0.0, 0.0], "(1, 46)": [-0.029701, -0.029701, 0.0, 0.0], "(1, 45)": [-0.01, -0.029701, 0.0, 0.0], "(1, 44)": [-0.01, -0.01, 0.0, 0.0], "(1, 43)": [0.0, -0.01, 0.0, 0.0]}