{"(1, 49)": [-0.0199, 0.0, 0.0, -0.029701], "(2, 49)": [0.0, 0.0, -0.029701, -0.0199], "(3, 49)": [0.0, 0.0, -0.0199, -0.01], "(4, 49)": [0.0, 0.0, -0.01, -0.01], "(5, 49)": [0.0, 0.0, -0.01, -0.01], "(6, 49)": [0.0, 0.0, -0.01, -0.029701], "(7, 49)": [-0.029701, 0.0, -0.029701, 0.0], "(7, 48)": [-0.029701, -0.029701, 0.0, 0.0], "(7, 47)": [0.0, -0.029701, -0.0199, 0.0], "(6, 47)": [0.0, 0.0, -0.0199, -0.0199], "(5, 47)": [0.0, 0.0, 0.0, -0.0199], "(1, 48)": [-0.0199, -0.01, 0.0, 0.0], "(1, 47)": [-0.0199, -0.01, 0.0, 0.0], "(1, 46)": [-0.0199, -0.0199, 0.0, 0.0], "(1, 45)": [-0.01, -0.0199, 0.0, 0.0], "(1, 44)": [-0.01, -0.01, 0.0, 0.0], "(1, 43)": [0.0, -0.01, 0.0, 0.0]}