{"(99, 49)": [-0.03940399, 0.0, -0.058519850599, 0.0], "(98, 49)": [0.0, 0.0, -0.058519850599, -0.03940399], "(97, 49)": [0.0, 0.0, -0.0490099501, -0.03940399], "(96, 49)": [0.0, 0.0, -0.0490099501, -0.029701], "(95, 49)": [0.0, 0.0, -0.06793465209301, -0.029701], "(94, 49)": [0.0, 0.0, -0.06793465209301, -0.058519850599], "(93, 49)": [0.0, 0.0, -0.01, -0.058519850599], "(99, 48)": [-0.029701, -0.03940399, 0.0, 0.0], "(99, 47)": [0.0, -0.029701, -0.0490099501, 0.0], "(98, 47)": [0.0, 0.0, -0.03940399, -0.0490099501], "(97, 47)": [0.0, 0.0, -0.03940399, -0.03940399], "(96, 47)": [0.0, 0.0, -0.01, -0.03940399], "(95, 47)": [0.0, 0.0, 0.0, -0.01], "(92, 49)": [0.0, 0.0, -0.01, 0.0], "(91, 49)": [-0.01, 0.0, 0.0, 0.0], "(91, 48)": [-0.0199, 0.0, 0.0, 0.0], "(91, 47)": [-0.0490099501, -0.01, 0.0, 0.0], "(91, 46)": [-0.01, -0.03940399, 0.0, 0.0], "(91, 45)": [0.0, 0.0, 0.0, 0.0]}