{"(99, 49)": [-0.0199, 0.0, -0.0199, 0.0], "(98, 49)": [0.0, 0.0, -0.0199, -0.01], "(97, 49)": [0.0, 0.0, -0.0199, -0.01], "(96, 49)": [0.0, 0.0, -0.0199, -0.01], "(95, 49)": [0.0, 0.0, -0.0199, -0.01], "(94, 49)": [0.0, 0.0, -0.029701, -0.0199], "(93, 49)": [0.0, 0.0, 0.0, -0.029701], "(99, 48)": [-0.029701, -0.0199, 0.0, 0.0], "(99, 47)": [0.0, -0.029701, -0.0490099501, 0.0], "(98, 47)": [0.0, 0.0, -0.03940399, -0.0490099501], "(97, 47)": [0.0, 0.0, -0.03940399, -0.03940399], "(96, 47)": [0.0, 0.0, -0.01, -0.03940399], "(95, 47)": [0.0, 0.0, 0.0, -0.01]}