{"(99, 49)": [-0.09561792499119551, 0.0, 0.0, 0.0], "(99, 48)": [-0.0864827525163591, -0.09561792499119551, 0.0, 0.0], "(99, 47)": [0.0, -0.0864827525163591, -0.10466174574128355, 0.0], "(98, 47)": [0.0, 0.0, 0.0, -0.10466174574128355]}