{"(99, 1)": [0.0, -0.0490099501, -0.06793465209301, 0.0], "(99, 2)": [-0.0490099501, -0.0490099501, 0.0, 0.0], "(99, 3)": [-0.0490099501, 0.0, -0.0490099501, 0.0], "(98, 3)": [0.0, 0.0, -0.058519850599, -0.0490099501], "(97, 3)": [0.0, 0.0, 0.0, -0.058519850599], "(98, 1)": [0.0, 0.0, -0.058519850599, -0.0490099501], "(97, 1)": [0.0, 0.0, -0.06793465209301, -0.0490099501], "(96, 1)": [0.0, 0.0, -0.06793465209301, -0.058519850599], "(95, 1)": [0.0, 0.0, -0.06793465209301, -0.058519850599], "(94, 1)": [0.0, 0.0, -0.0490099501, -0.058519850599], "(93, 1)": [0.0, 0.0, -0.0490099501, -0.03940399], "(92, 1)": [0.0, 0.0, -0.0490099501, -0.03940399], "(91, 1)": [0.0, 0.0, -0.058519850599, -0.03940399], "(90, 1)": [0.0, 0.0, -0.058519850599, -0.0490099501], "(89, 1)": [0.0, -0.058519850599, 0.0, -0.0490099501], "(89, 2)": [-0.0490099501, -0.058519850599, 0.0, 0.0], "(89, 3)": [-0.0490099501, 0.0, 0.0, -0.06793465209301], "(90, 3)": [0.0, 0.0, -0.058519850599, -0.0864827525163591], "(91, 3)": [0.0, -0.0864827525163591, -0.07725530557207991, -0.07725530557207991], "(91, 4)": [-0.07725530557207991, -0.07725530557207991, 0.0, 0.0], "(91, 5)": [-0.06793465209301, 0.0, -0.058519850599, -0.0864827525163591], "(92, 5)": [0.0, 0.0, -0.0864827525163591, -0.09561792499119551], "(93, 5)": [0.0, 0.0, -0.09561792499119551, 0.0], "(90, 5)": [0.0, 0.0, -0.0490099501, -0.058519850599], "(89, 5)": [0.0, 0.0, -0.07725530557207991, -0.0490099501], "(88, 5)": [0.0, 0.0, -0.06793465209301, -0.07725530557207991], "(87, 5)": [-0.0490099501, 0.0, 0.0, -0.06793465209301], "(87, 4)": [-0.03940399, -0.0490099501, 0.0, 0.0], "(87, 3)": [-0.0490099501, -0.03940399, 0.0, 0.0], "(87, 2)": [-0.0490099501, -0.0490099501, 0.0, 0.0], "(87, 1)": [0.0, -0.0490099501, -0.03940399, 0.0], "(86, 1)": [0.0, 0.0, -0.03940399, -0.03940399], "(85, 1)": [0.0, 0.0, -0.03940399, -0.03940399], "(84, 1)": [0.0, 0.0, -0.0490099501, -0.03940399], "(83, 1)": [0.0, -0.058519850599, 0.0, -0.0490099501], "(83, 2)": [-0.058519850599, -0.03940399, 0.0, 0.0], "(83, 3)": [-0.03940399, 0.0, 0.0, -0.03940399], "(84, 3)": [0.0, 0.0, -0.03940399, -0.0199], "(85, 3)": [0.0, -0.01, -0.0199, 0.0], "(92, 3)": [0.0, 0.0, -0.07725530557207991, -0.07725530557207991], "(93, 3)": [0.0, 0.0, -0.07725530557207991, -0.07725530557207991], "(94, 3)": [0.0, 0.0, -0.07725530557207991, -0.07725530557207991], "(95, 3)": [0.0, -0.07725530557207991, -0.07725530557207991, 0.0], "(95, 4)": [-0.07725530557207991, -0.07725530557207991, 0.0, 0.0], "(95, 5)": [-0.07725530557207991, 0.0, 0.0, -0.06793465209301], "(96, 5)": [0.0, 0.0, -0.06793465209301, -0.058519850599], "(97, 5)": [0.0, 0.0, -0.058519850599, -0.0490099501], "(98, 5)": [0.0, 0.0, -0.0490099501, -0.03940399], "(99, 5)": [0.0, -0.03940399, -0.03940399, 0.0], "(99, 6)": [-0.03940399, -0.0199, 0.0, 0.0], "(99, 7)": [-0.0199, 0.0, -0.0199, 0.0], "(98, 7)": [0.0, 0.0, -0.0199, -0.0199], "(97, 7)": [0.0, 0.0, -0.01, -0.0199], "(96, 7)": [0.0, 0.0, 0.0, -0.01], "(85, 4)": [-0.01, -0.01, 0.0, 0.0], "(85, 5)": [-0.01, 0.0, -0.01, 0.0], "(84, 5)": [0.0, 0.0, -0.01, -0.01], "(83, 5)": [0.0, 0.0, 0.0, -0.01]}