{"(1, 49)": [-0.058519850599, 0.0, 0.0, -0.06793465209301], "(2, 49)": [0.0, 0.0, -0.058519850599, -0.0490099501], "(3, 49)": [-0.06793465209301, 0.0, -0.03940399, -0.0490099501], "(4, 49)": [0.0, 0.0, -0.0490099501, -0.03940399], "(1, 48)": [-0.10466174574128355, -0.0490099501, 0.0, 0.0], "(1, 47)": [-0.058519850599, -0.09561792499119551, 0.0, 0.0], "(3, 48)": [-0.0199, -0.058519850599, 0.0, 0.0], "(5, 49)": [0.0, 0.0, -0.03940399, 0.0], "(3, 47)": [0.0, -0.01, 0.0, -0.01], "(4, 47)": [0.0, 0.0, -0.01, -0.029701], "(5, 47)": [0.0, 0.0, -0.029701, 0.0], "(1, 46)": [-0.03940399, -0.058519850599, 0.0, 0.0], "(1, 45)": [-0.01, -0.03940399, 0.0, 0.0], "(1, 44)": [-0.01, -0.01, 0.0, 0.0], "(1, 43)": [0.0, -0.01, 0.0, 0.0]}