{"(1, 1)": [0.0, -0.058519850599, 0.0, 0.0], "(1, 2)": [-0.0490099501, -0.0199, 0.0, 0.0], "(1, 3)": [-0.01, 0.0, 0.0, -0.01], "(2, 3)": [0.0, 0.0, 0.0, -0.01], "(3, 3)": [-0.01, 0.0, 0.0, 0.0], "(3, 2)": [-0.01, 0.0, 0.0, 0.0], "(3, 1)": [0.0, 0.0, 0.0, -0.029701], "(4, 1)": [0.0, 0.0, -0.0199, -0.01], "(5, 1)": [0.0, -0.01, 0.0, 0.0], "(5, 2)": [0.0, -0.029701, 0.0, 0.0], "(5, 3)": [-0.0199, -0.029701, 0.0, -0.03940399], "(6, 3)": [0.0, 0.0, -0.03940399, -0.0199], "(7, 3)": [0.0, 0.0, -0.0199, 0.0], "(5, 4)": [-0.029701, -0.01, 0.0, 0.0], "(5, 5)": [-0.01, -0.029701, 0.0, 0.0], "(5, 6)": [-0.029701, -0.01, 0.0, 0.0], "(5, 7)": [-0.01, -0.01, 0.0, 0.0], "(5, 8)": [-0.01, 0.0, 0.0, 0.0]}